1,1,371.74,408.30,79.69,239.71,0.7909,-1,-1,-1
1,2,104.37,546.39,73.25,245.35,0.7260,-1,-1,-1
1,3,1095.29,980.85,73.73,99.15,0.6920,-1,-1,-1
1,4,1732.44,452.89,73.78,221.06,0.6220,-1,-1,-1
1,5,1355.87,569.75,82.08,221.03,0.5500,-1,-1,-1
1,6,0.22,880.53,41.50,199.47,0.5315,-1,-1,-1
1,7,1103.64,210.05,56.21,179.71,0.5269,-1,-1,-1
1,8,546.15,146.37,57.89,183.43,0.5198,-1,-1,-1
1,9,225.79,399.57,64.29,198.91,0.5118,-1,-1,-1
1,10,789.24,145.32,64.25,178.73,0.4614,-1,-1,-1
1,11,1047.12,133.11,62.93,182.85,0.4447,-1,-1,-1
1,12,273.15,379.05,52.48,212.40,0.3728,-1,-1,-1
1,13,504.23,134.74,51.32,176.84,0.3702,-1,-1,-1
2,1,372.18,408.13,80.16,239.81,0.7973,-1,-1,-1
2,2,104.30,546.51,72.99,245.60,0.7255,-1,-1,-1
2,3,1100.27,981.14,71.70,98.84,0.6895,-1,-1,-1
2,4,1730.74,454.78,75.06,216.11,0.6073,-1,-1,-1
2,5,1355.90,570.07,81.74,217.82,0.5680,-1,-1,-1
2,6,0.21,878.28,40.06,201.22,0.3839,-1,-1,-1
2,7,1098.84,211.59,58.05,178.49,0.4729,-1,-1,-1
2,8,545.67,146.77,57.58,183.99,0.5070,-1,-1,-1
2,9,225.23,398.29,65.14,199.29,0.4910,-1,-1,-1
2,10,789.59,145.30,64.41,178.88,0.4606,-1,-1,-1
2,11,1046.23,132.97,63.83,182.09,0.4650,-1,-1,-1
2,12,268.50,379.24,54.77,210.70,0.4318,-1,-1,-1
2,13,503.59,134.37,51.11,176.80,0.3706,-1,-1,-1
3,1,373.24,407.86,79.10,241.07,0.7819,-1,-1,-1
3,2,104.56,546.18,73.34,246.61,0.7315,-1,-1,-1
3,3,1104.59,980.94,71.74,99.06,0.6963,-1,-1,-1
3,4,1730.90,453.32,74.19,219.11,0.6000,-1,-1,-1
3,5,1356.34,570.04,81.26,216.83,0.5666,-1,-1,-1
3,6,0.22,877.57,39.70,201.54,0.3544,-1,-1,-1
3,7,1093.40,213.37,61.17,177.42,0.5645,-1,-1,-1
3,8,544.99,147.39,58.10,183.68,0.4875,-1,-1,-1
3,9,223.48,396.91,67.24,201.66,0.4723,-1,-1,-1
3,10,788.96,145.19,64.86,178.63,0.4541,-1,-1,-1
3,11,1045.48,132.81,64.38,179.92,0.4988,-1,-1,-1
3,12,261.46,368.54,63.58,223.68,0.3911,-1,-1,-1
3,13,503.93,133.86,50.01,170.56,0.3938,-1,-1,-1
4,1,372.85,407.38,79.78,241.15,0.7959,-1,-1,-1
4,2,104.25,545.84,73.24,247.16,0.7230,-1,-1,-1
4,3,1108.05,979.25,72.11,100.75,0.6950,-1,-1,-1
4,4,1729.71,452.69,74.00,217.33,0.6199,-1,-1,-1
4,5,1356.22,570.19,82.46,217.03,0.5754,-1,-1,-1
4,6,0.29,876.36,42.70,203.02,0.5373,-1,-1,-1
4,7,1087.97,211.66,63.68,179.61,0.5528,-1,-1,-1
4,8,546.02,145.76,56.44,183.72,0.4674,-1,-1,-1
4,9,221.81,396.73,69.41,202.41,0.4799,-1,-1,-1
4,10,789.36,144.76,64.27,178.23,0.4697,-1,-1,-1
4,11,1045.31,133.46,63.44,179.54,0.4595,-1,-1,-1
4,12,263.25,379.34,59.94,214.38,0.4012,-1,-1,-1
4,13,501.20,135.19,52.52,172.87,0.4398,-1,-1,-1
5,1,374.28,406.87,79.04,241.28,0.7978,-1,-1,-1
5,2,104.14,545.85,72.66,247.13,0.7243,-1,-1,-1
5,3,1112.22,976.62,72.21,103.39,0.6964,-1,-1,-1
5,4,1728.74,452.23,74.07,218.24,0.6542,-1,-1,-1
5,5,1355.91,570.14,82.43,214.46,0.6076,-1,-1,-1
5,6,0.29,874.51,44.78,204.62,0.5592,-1,-1,-1
5,7,1075.69,210.76,75.19,178.90,0.5394,-1,-1,-1
5,8,545.89,145.15,56.28,185.98,0.5050,-1,-1,-1
5,9,220.88,396.76,71.72,200.97,0.3747,-1,-1,-1
5,10,789.10,145.58,64.86,176.97,0.4967,-1,-1,-1
5,11,1044.27,134.04,64.89,165.63,0.3774,-1,-1,-1
5,12,266.11,380.33,53.73,210.14,0.3873,-1,-1,-1
5,13,501.16,135.46,51.41,168.88,0.4855,-1,-1,-1
6,1,374.95,406.09,79.21,240.36,0.7852,-1,-1,-1
6,2,104.31,545.99,72.60,246.86,0.7309,-1,-1,-1
6,3,1114.66,975.71,72.71,104.28,0.6912,-1,-1,-1
6,4,1727.15,454.14,74.80,216.39,0.6514,-1,-1,-1
6,5,1356.62,570.14,81.68,213.41,0.6186,-1,-1,-1
6,6,0.36,872.25,46.05,207.03,0.6048,-1,-1,-1
6,7,1065.29,209.43,85.64,179.52,0.5797,-1,-1,-1
6,8,545.43,147.13,55.55,186.27,0.5159,-1,-1,-1
6,9,219.24,393.52,74.72,203.28,0.3017,-1,-1,-1
6,10,788.15,145.36,65.08,177.73,0.5056,-1,-1,-1
6,11,1043.67,134.98,64.63,155.93,0.3077,-1,-1,-1
6,12,267.29,380.07,49.54,208.74,0.3933,-1,-1,-1
6,13,501.89,136.60,49.86,167.22,0.5138,-1,-1,-1
7,1,375.71,404.93,80.09,240.10,0.7800,-1,-1,-1
7,2,104.22,545.93,72.60,246.19,0.7311,-1,-1,-1
7,3,1116.90,974.10,71.48,105.85,0.7056,-1,-1,-1
7,4,1726.42,454.31,74.65,213.41,0.6315,-1,-1,-1
7,5,1356.44,570.27,82.02,212.73,0.6334,-1,-1,-1
7,6,0.40,870.89,47.11,208.44,0.5963,-1,-1,-1
7,7,1055.91,208.29,95.97,180.83,0.5515,-1,-1,-1
7,8,544.58,148.26,54.43,186.92,0.5409,-1,-1,-1
7,10,788.30,145.40,65.48,177.80,0.5154,-1,-1,-1
7,12,266.50,380.43,48.70,200.42,0.3576,-1,-1,-1
7,13,501.79,138.65,49.05,165.57,0.4799,-1,-1,-1
8,1,376.58,402.88,80.08,239.20,0.7696,-1,-1,-1
8,2,104.66,546.21,72.82,246.53,0.7358,-1,-1,-1
8,3,1119.30,973.31,70.58,106.71,0.7071,-1,-1,-1
8,4,1724.51,454.68,75.51,209.75,0.6454,-1,-1,-1
8,5,1356.54,570.06,81.67,213.91,0.6125,-1,-1,-1
8,6,0.33,871.19,47.03,207.74,0.5826,-1,-1,-1
8,7,1051.59,210.61,101.19,178.35,0.5409,-1,-1,-1
8,8,544.54,147.32,53.26,188.46,0.5501,-1,-1,-1
8,10,787.98,145.94,65.63,177.00,0.5034,-1,-1,-1
8,12,264.95,381.29,48.94,191.01,0.3175,-1,-1,-1
8,13,499.94,141.03,51.63,171.50,0.4575,-1,-1,-1
9,1,377.00,401.82,81.02,237.70,0.7678,-1,-1,-1
9,2,104.69,546.08,73.41,246.78,0.7443,-1,-1,-1
9,3,1123.82,973.26,68.38,106.76,0.6692,-1,-1,-1
9,4,1723.67,454.52,75.47,209.86,0.6349,-1,-1,-1
9,5,1356.69,570.37,81.31,213.96,0.6143,-1,-1,-1
9,6,0.30,869.75,46.98,209.24,0.5596,-1,-1,-1
9,7,1047.81,210.67,106.03,176.10,0.5086,-1,-1,-1
9,8,544.68,147.71,52.01,189.48,0.4971,-1,-1,-1
9,10,787.92,145.82,65.51,175.97,0.4782,-1,-1,-1
9,13,500.31,141.90,50.32,173.11,0.4449,-1,-1,-1
10,1,377.44,400.48,81.28,236.45,0.7579,-1,-1,-1
10,2,104.81,545.90,73.82,246.72,0.7400,-1,-1,-1
10,3,1127.58,973.03,67.28,107.00,0.6880,-1,-1,-1
10,4,1723.80,454.73,74.75,209.63,0.6104,-1,-1,-1
10,5,1356.36,569.73,82.05,215.44,0.6147,-1,-1,-1
10,6,0.27,865.73,47.23,212.90,0.5661,-1,-1,-1
10,7,1044.46,211.37,109.14,173.64,0.4661,-1,-1,-1
10,8,543.80,148.50,51.80,191.47,0.4782,-1,-1,-1
10,10,788.03,145.84,65.28,176.77,0.4860,-1,-1,-1
10,13,498.85,142.41,51.53,174.36,0.4337,-1,-1,-1
11,1,378.43,398.37,80.94,234.49,0.7550,-1,-1,-1
11,2,104.61,546.00,74.01,246.78,0.7417,-1,-1,-1
11,3,1130.42,973.39,67.39,106.61,0.6688,-1,-1,-1
11,4,1723.52,458.13,74.92,206.49,0.6067,-1,-1,-1
11,5,1356.32,569.72,82.27,215.76,0.6406,-1,-1,-1
11,6,0.21,862.64,46.70,215.69,0.5584,-1,-1,-1
11,7,1042.46,210.18,106.94,174.04,0.4522,-1,-1,-1
11,8,542.55,148.65,52.08,192.78,0.4813,-1,-1,-1
11,10,787.99,145.71,65.45,177.11,0.4864,-1,-1,-1
11,13,498.47,142.84,51.26,175.42,0.4252,-1,-1,-1
11,14,1801.91,217.11,62.91,179.35,0.3489,-1,-1,-1
11,12,261.30,384.31,49.27,193.53,0.3796,-1,-1,-1
12,1,378.44,396.72,81.46,233.89,0.7530,-1,-1,-1
12,2,104.35,545.92,74.76,247.05,0.7371,-1,-1,-1
12,3,1133.72,973.18,67.15,106.80,0.6720,-1,-1,-1
12,4,1723.34,459.39,75.05,205.37,0.6362,-1,-1,-1
12,5,1356.80,569.62,81.00,215.40,0.6329,-1,-1,-1
12,6,0.35,857.00,47.05,220.53,0.5764,-1,-1,-1
12,7,1042.79,208.19,101.10,175.80,0.3598,-1,-1,-1
12,8,541.97,149.06,52.61,192.24,0.5006,-1,-1,-1
12,10,788.05,145.75,65.34,177.53,0.4828,-1,-1,-1
12,13,497.41,143.92,52.35,174.75,0.4129,-1,-1,-1
12,14,1802.18,219.21,63.92,176.00,0.3372,-1,-1,-1
13,1,378.67,395.34,81.81,232.41,0.7610,-1,-1,-1
13,2,104.37,545.86,75.47,247.65,0.7420,-1,-1,-1
13,3,1136.20,972.79,66.42,107.14,0.6339,-1,-1,-1
13,4,1723.82,458.51,74.19,206.49,0.6621,-1,-1,-1
13,5,1356.71,569.95,81.07,213.94,0.6359,-1,-1,-1
13,6,0.38,852.05,46.57,225.13,0.5896,-1,-1,-1
13,8,540.32,149.51,54.54,192.24,0.5203,-1,-1,-1
13,10,788.23,146.20,65.26,177.42,0.5103,-1,-1,-1
13,13,496.81,144.85,52.74,174.96,0.3769,-1,-1,-1
13,14,1802.08,221.36,67.24,177.20,0.3713,-1,-1,-1
13,9,211.69,393.78,64.17,180.98,0.3489,-1,-1,-1
14,1,379.22,394.56,81.44,231.36,0.7606,-1,-1,-1
14,2,104.16,545.85,75.87,248.27,0.7475,-1,-1,-1
14,3,1139.19,972.55,64.76,107.42,0.6305,-1,-1,-1
14,4,1723.07,459.44,75.64,206.34,0.6575,-1,-1,-1
14,5,1357.13,569.92,80.62,214.23,0.6135,-1,-1,-1
14,6,0.28,849.27,46.90,228.18,0.6077,-1,-1,-1
14,8,538.85,150.61,55.34,191.86,0.5044,-1,-1,-1
14,10,788.51,146.16,64.51,177.47,0.5246,-1,-1,-1
14,13,495.01,144.44,54.00,176.07,0.4112,-1,-1,-1
14,14,1802.73,222.54,67.25,177.02,0.3743,-1,-1,-1
14,15,880.80,130.00,86.86,178.07,0.4139,-1,-1,-1
14,9,209.96,396.07,63.84,178.40,0.3795,-1,-1,-1
15,1,379.81,393.44,81.34,231.34,0.7611,-1,-1,-1
15,2,104.28,545.85,75.81,248.17,0.7549,-1,-1,-1
15,3,1141.05,972.89,64.27,106.71,0.5995,-1,-1,-1
15,4,1723.73,456.49,74.75,209.67,0.6507,-1,-1,-1
15,5,1356.91,570.39,80.48,213.17,0.6056,-1,-1,-1
15,6,0.19,848.31,47.34,229.87,0.5862,-1,-1,-1
15,8,537.53,151.64,55.56,191.77,0.5038,-1,-1,-1
15,10,788.10,146.72,65.14,176.12,0.5364,-1,-1,-1
15,13,494.20,143.91,54.02,177.38,0.3866,-1,-1,-1
15,14,1803.84,223.52,67.47,183.07,0.3943,-1,-1,-1
15,15,879.98,130.44,86.54,177.73,0.3794,-1,-1,-1
15,9,208.91,392.14,62.79,181.77,0.3146,-1,-1,-1
16,1,380.26,392.82,80.96,231.89,0.7659,-1,-1,-1
16,2,104.43,546.18,75.52,247.35,0.7503,-1,-1,-1
16,3,1144.71,972.78,63.10,106.37,0.5672,-1,-1,-1
16,4,1724.53,455.59,73.55,210.13,0.6556,-1,-1,-1
16,5,1356.82,570.28,80.28,213.48,0.6194,-1,-1,-1
16,6,0.20,848.30,48.38,230.16,0.5054,-1,-1,-1
16,8,535.01,153.33,56.75,189.47,0.5244,-1,-1,-1
16,10,788.66,146.97,64.52,175.63,0.5039,-1,-1,-1
16,13,493.43,143.60,54.49,178.30,0.3327,-1,-1,-1
16,14,1804.48,224.45,68.99,187.49,0.3867,-1,-1,-1
16,15,879.94,131.58,86.16,178.83,0.3332,-1,-1,-1
16,9,208.11,385.47,59.74,189.33,0.3669,-1,-1,-1
16,12,250.13,385.88,55.01,184.96,0.3551,-1,-1,-1
17,1,380.67,391.70,81.29,233.65,0.7511,-1,-1,-1
17,2,104.16,546.72,76.44,246.35,0.7453,-1,-1,-1
17,3,1148.47,972.90,60.57,106.80,0.5345,-1,-1,-1
17,4,1723.39,457.63,75.41,209.13,0.6399,-1,-1,-1
17,5,1356.68,570.07,81.27,214.49,0.6041,-1,-1,-1
17,6,0.23,847.75,50.19,231.74,0.5548,-1,-1,-1
17,8,533.43,155.59,57.93,188.09,0.6085,-1,-1,-1
17,10,788.67,147.14,64.43,174.85,0.4923,-1,-1,-1
17,13,493.13,144.74,54.36,177.61,0.3616,-1,-1,-1
17,14,1805.91,225.68,67.78,190.79,0.3620,-1,-1,-1
17,15,880.55,132.27,85.07,177.74,0.3201,-1,-1,-1
17,9,207.33,381.46,58.56,194.48,0.3340,-1,-1,-1
17,12,247.66,382.89,56.90,187.97,0.3619,-1,-1,-1
18,1,380.80,390.11,81.72,236.13,0.7520,-1,-1,-1
18,2,104.19,546.63,76.48,246.00,0.7479,-1,-1,-1
18,3,1151.85,973.06,58.16,106.85,0.5305,-1,-1,-1
18,4,1723.27,457.96,75.92,208.59,0.6457,-1,-1,-1
18,5,1356.70,569.96,80.95,214.46,0.6182,-1,-1,-1
18,6,0.25,847.17,51.71,232.63,0.5066,-1,-1,-1
18,8,531.88,156.16,57.85,187.11,0.6042,-1,-1,-1
18,10,789.03,147.27,64.10,174.45,0.5330,-1,-1,-1
18,13,492.94,143.94,53.97,178.74,0.3680,-1,-1,-1
18,14,1806.42,226.52,68.88,191.88,0.3825,-1,-1,-1
18,15,880.49,132.80,84.67,178.07,0.3421,-1,-1,-1
18,9,207.29,381.97,56.40,193.41,0.3618,-1,-1,-1
18,12,246.44,383.38,57.04,187.48,0.4081,-1,-1,-1
19,1,380.98,388.56,82.42,237.88,0.7551,-1,-1,-1
19,2,104.36,546.48,76.26,246.10,0.7459,-1,-1,-1
19,3,1154.31,972.71,57.47,107.21,0.5198,-1,-1,-1
19,4,1723.48,456.01,75.31,210.37,0.6467,-1,-1,-1
19,5,1356.93,569.95,80.40,214.78,0.6405,-1,-1,-1
19,6,0.27,845.50,52.44,234.25,0.5326,-1,-1,-1
19,8,530.38,158.56,58.06,184.27,0.5466,-1,-1,-1
19,10,789.12,146.97,63.82,174.41,0.4808,-1,-1,-1
19,14,1808.25,227.28,69.26,191.54,0.3604,-1,-1,-1
19,9,206.53,381.49,56.21,195.04,0.4001,-1,-1,-1
19,12,245.81,380.95,56.27,190.07,0.4172,-1,-1,-1
20,1,380.89,387.20,82.76,239.53,0.7480,-1,-1,-1
20,2,104.32,546.58,76.07,245.97,0.7456,-1,-1,-1
20,3,1157.22,972.77,55.91,107.21,0.5105,-1,-1,-1
20,4,1723.50,457.91,75.67,208.11,0.6295,-1,-1,-1
20,5,1357.03,570.42,80.15,214.24,0.6494,-1,-1,-1
20,6,0.26,845.22,52.70,234.75,0.4771,-1,-1,-1
20,8,530.07,158.92,56.29,183.98,0.5439,-1,-1,-1
20,10,789.14,147.61,64.02,174.00,0.4956,-1,-1,-1
20,14,1809.56,227.69,69.95,190.67,0.3427,-1,-1,-1
20,9,205.06,386.47,57.08,188.75,0.4155,-1,-1,-1
20,12,244.80,377.09,55.12,192.36,0.3149,-1,-1,-1
20,7,1026.82,146.99,65.39,231.81,0.4028,-1,-1,-1
21,1,380.72,386.25,83.22,240.16,0.7588,-1,-1,-1
21,2,104.29,546.52,76.01,246.26,0.7433,-1,-1,-1
21,3,1158.38,973.20,56.46,106.79,0.5021,-1,-1,-1
21,4,1723.42,458.08,75.79,208.20,0.6341,-1,-1,-1
21,5,1357.51,570.40,79.49,215.54,0.6137,-1,-1,-1
21,6,0.32,840.61,53.54,237.93,0.5228,-1,-1,-1
21,8,530.15,159.15,54.92,183.71,0.5888,-1,-1,-1
21,10,788.79,147.68,64.53,174.19,0.4867,-1,-1,-1
21,9,203.78,379.63,57.30,194.67,0.4005,-1,-1,-1
21,12,244.58,375.98,52.87,190.43,0.3460,-1,-1,-1
22,1,380.87,386.08,83.18,239.77,0.7578,-1,-1,-1
22,2,104.16,546.93,76.19,245.70,0.7385,-1,-1,-1
22,3,1157.95,974.22,57.82,105.79,0.5591,-1,-1,-1
22,4,1723.79,458.38,75.00,207.56,0.6682,-1,-1,-1
22,5,1357.46,570.22,79.49,215.14,0.6385,-1,-1,-1
22,6,0.31,841.19,53.71,238.45,0.5434,-1,-1,-1
22,8,528.96,157.09,54.55,186.19,0.5037,-1,-1,-1
22,10,789.07,147.85,64.44,174.84,0.4618,-1,-1,-1
22,9,203.52,373.64,60.01,199.88,0.3304,-1,-1,-1
22,7,1004.48,143.34,85.30,235.26,0.3479,-1,-1,-1
23,1,381.57,385.36,82.26,238.93,0.7569,-1,-1,-1
23,2,104.24,546.68,76.06,245.61,0.7394,-1,-1,-1
23,3,1159.05,973.94,59.89,106.06,0.5504,-1,-1,-1
23,4,1724.21,457.77,74.38,207.62,0.6392,-1,-1,-1
23,5,1357.04,570.02,80.26,215.17,0.6141,-1,-1,-1
23,6,0.32,841.80,53.68,237.31,0.5669,-1,-1,-1
23,8,527.91,157.60,52.76,186.71,0.4697,-1,-1,-1
23,10,790.00,148.43,62.31,174.34,0.4303,-1,-1,-1
23,7,1014.94,144.37,73.66,198.55,0.3871,-1,-1,-1
24,1,381.68,384.88,81.83,238.07,0.7574,-1,-1,-1
24,2,104.28,546.60,76.24,245.65,0.7382,-1,-1,-1
24,3,1159.92,974.60,60.82,105.40,0.5497,-1,-1,-1
24,4,1724.02,456.08,74.32,209.97,0.6434,-1,-1,-1
24,5,1356.76,569.80,80.70,216.91,0.5891,-1,-1,-1
24,6,0.30,839.92,54.42,236.92,0.5361,-1,-1,-1
24,8,525.40,157.47,54.31,187.44,0.4250,-1,-1,-1
24,10,789.67,148.41,63.77,173.80,0.4291,-1,-1,-1
24,7,1019.23,145.79,68.94,183.80,0.3215,-1,-1,-1
24,14,1820.28,230.85,68.59,189.76,0.3512,-1,-1,-1
25,1,381.75,384.11,81.04,237.28,0.7571,-1,-1,-1
25,2,104.02,546.82,76.59,245.88,0.7384,-1,-1,-1
25,3,1160.57,974.76,61.60,105.26,0.5631,-1,-1,-1
25,4,1722.87,457.47,75.52,209.21,0.6544,-1,-1,-1
25,5,1357.01,570.18,79.64,214.12,0.6125,-1,-1,-1
25,6,0.32,836.39,54.99,238.58,0.5031,-1,-1,-1
25,8,524.61,158.82,54.35,185.43,0.4365,-1,-1,-1
25,10,789.40,147.81,64.46,174.76,0.4319,-1,-1,-1
25,14,1822.33,233.02,68.34,192.37,0.3875,-1,-1,-1
26,1,382.23,383.15,80.14,237.21,0.7684,-1,-1,-1
26,2,103.59,546.55,77.21,246.90,0.7375,-1,-1,-1
26,3,1161.70,975.06,61.81,104.98,0.5967,-1,-1,-1
26,4,1722.99,454.70,74.51,212.63,0.6365,-1,-1,-1
26,5,1356.84,570.51,80.24,213.42,0.6084,-1,-1,-1
26,6,0.34,834.19,55.76,234.28,0.5684,-1,-1,-1
26,8,524.89,160.59,53.24,183.93,0.4214,-1,-1,-1
26,10,788.87,148.02,65.68,175.11,0.4471,-1,-1,-1
26,14,1825.56,235.85,66.85,192.45,0.3700,-1,-1,-1
27,1,381.90,381.51,80.68,237.36,0.7790,-1,-1,-1
27,2,103.43,546.21,77.03,247.14,0.7377,-1,-1,-1
27,3,1163.13,975.05,62.32,104.94,0.6073,-1,-1,-1
27,4,1722.75,457.69,74.65,208.90,0.6521,-1,-1,-1
27,5,1356.63,570.17,80.33,214.30,0.5868,-1,-1,-1
27,6,0.34,830.73,56.63,235.01,0.6075,-1,-1,-1
27,8,525.43,160.93,52.32,184.83,0.3655,-1,-1,-1
27,10,789.36,147.96,65.20,174.87,0.4484,-1,-1,-1
27,14,1827.81,237.92,65.74,191.68,0.3461,-1,-1,-1
27,9,198.94,349.98,71.63,220.98,0.3685,-1,-1,-1
28,1,381.89,379.67,81.77,237.86,0.7725,-1,-1,-1
28,2,103.10,546.61,77.19,246.38,0.7386,-1,-1,-1
28,3,1164.61,975.62,62.93,104.39,0.6165,-1,-1,-1
28,4,1723.01,456.22,74.03,210.67,0.6400,-1,-1,-1
28,5,1356.71,569.65,80.66,215.68,0.5881,-1,-1,-1
28,6,0.13,828.00,58.31,233.60,0.6340,-1,-1,-1
28,10,790.26,148.49,61.83,173.92,0.4501,-1,-1,-1
28,9,197.86,350.16,72.17,222.70,0.3995,-1,-1,-1
29,1,382.55,378.06,81.87,238.02,0.7810,-1,-1,-1
29,2,102.85,546.48,77.52,246.48,0.7455,-1,-1,-1
29,3,1165.58,975.85,64.54,104.18,0.6355,-1,-1,-1
29,4,1723.05,457.07,74.17,209.25,0.6502,-1,-1,-1
29,5,1356.65,569.78,81.13,215.40,0.6246,-1,-1,-1
29,6,0.17,826.21,59.43,230.10,0.6978,-1,-1,-1
29,10,790.84,148.65,60.14,174.15,0.4573,-1,-1,-1
29,9,197.14,352.19,71.49,219.73,0.3247,-1,-1,-1
30,1,382.94,376.53,83.14,237.20,0.7847,-1,-1,-1
30,2,102.97,547.02,77.51,245.69,0.7384,-1,-1,-1
30,3,1167.18,976.71,65.03,103.29,0.6211,-1,-1,-1
30,4,1723.04,457.39,74.80,208.71,0.6633,-1,-1,-1
30,5,1356.78,569.86,80.28,215.65,0.6171,-1,-1,-1
30,6,0.07,823.38,60.14,228.88,0.6767,-1,-1,-1
30,10,790.77,148.48,59.58,174.25,0.4582,-1,-1,-1
30,9,196.19,354.56,70.13,215.77,0.3162,-1,-1,-1
31,1,383.59,374.90,85.85,234.36,0.7516,-1,-1,-1
31,2,103.04,546.88,77.08,246.15,0.7404,-1,-1,-1
31,3,1168.45,977.18,65.77,102.78,0.6157,-1,-1,-1
31,4,1723.15,455.82,73.86,211.12,0.6545,-1,-1,-1
31,5,1356.69,569.74,80.32,214.43,0.5914,-1,-1,-1
31,6,0.25,818.51,60.07,235.49,0.6491,-1,-1,-1
31,10,790.61,148.23,59.86,175.12,0.4282,-1,-1,-1
31,9,194.95,356.06,69.36,211.89,0.3465,-1,-1,-1
32,1,383.76,373.33,89.55,232.85,0.7457,-1,-1,-1
32,2,103.03,546.76,76.65,246.38,0.7472,-1,-1,-1
32,3,1169.43,977.95,66.49,102.03,0.6746,-1,-1,-1
32,4,1722.80,456.85,74.80,209.80,0.6534,-1,-1,-1
32,5,1356.54,569.75,80.14,214.34,0.6039,-1,-1,-1
32,6,0.34,815.51,60.16,241.15,0.6162,-1,-1,-1
32,10,791.34,148.66,59.13,174.90,0.4570,-1,-1,-1
32,9,193.21,350.79,70.14,214.25,0.3971,-1,-1,-1
33,1,384.16,371.11,92.06,232.69,0.7501,-1,-1,-1
33,2,102.81,546.62,77.59,246.53,0.7486,-1,-1,-1
33,3,1170.88,978.86,66.90,101.13,0.6781,-1,-1,-1
33,4,1722.51,457.23,74.99,210.16,0.6571,-1,-1,-1
33,5,1356.27,569.48,80.90,216.61,0.6021,-1,-1,-1
33,6,0.33,813.21,60.81,246.61,0.6217,-1,-1,-1
33,10,791.06,148.92,59.31,174.34,0.4375,-1,-1,-1
33,9,190.82,348.73,70.65,216.52,0.4230,-1,-1,-1
33,13,492.77,159.38,83.72,196.24,0.3918,-1,-1,-1
34,1,384.80,370.23,92.57,231.80,0.7515,-1,-1,-1
34,2,102.74,546.78,77.72,246.55,0.7391,-1,-1,-1
34,3,1173.39,980.59,66.73,99.42,0.6763,-1,-1,-1
34,4,1722.65,457.97,74.42,208.64,0.6499,-1,-1,-1
34,5,1356.68,569.35,80.93,216.67,0.5996,-1,-1,-1
34,6,0.42,811.32,61.28,248.87,0.6135,-1,-1,-1
34,10,790.73,148.74,59.12,174.96,0.4324,-1,-1,-1
34,9,189.02,351.37,69.94,211.57,0.4157,-1,-1,-1
34,20,1021.17,155.38,62.60,187.01,0.4152,-1,-1,-1
34,13,492.92,160.56,83.34,195.75,0.3893,-1,-1,-1
35,1,384.90,369.31,93.27,232.44,0.7410,-1,-1,-1
35,2,102.53,546.86,78.32,246.92,0.7346,-1,-1,-1
35,3,1176.83,982.07,65.12,97.94,0.6624,-1,-1,-1
35,4,1722.52,457.68,74.09,208.60,0.6606,-1,-1,-1
35,5,1356.12,569.38,81.52,216.00,0.6011,-1,-1,-1
35,6,0.43,810.32,62.84,252.36,0.5751,-1,-1,-1
35,10,791.01,148.63,58.96,175.09,0.4427,-1,-1,-1
35,9,187.13,346.11,66.79,212.49,0.4548,-1,-1,-1
35,20,1021.92,156.01,60.99,184.89,0.4622,-1,-1,-1
35,13,493.66,161.07,81.76,195.35,0.3989,-1,-1,-1
35,8,495.18,161.00,78.70,194.23,0.3989,-1,-1,-1
36,1,385.21,368.68,92.74,232.81,0.7009,-1,-1,-1
36,2,102.69,547.02,77.72,246.56,0.7385,-1,-1,-1
36,3,1179.43,983.81,64.63,96.21,0.6412,-1,-1,-1
36,4,1722.76,458.47,74.11,207.96,0.6161,-1,-1,-1
36,5,1355.97,569.41,82.04,216.55,0.5767,-1,-1,-1
36,6,0.47,809.53,63.30,250.43,0.5426,-1,-1,-1
36,10,791.01,149.01,58.89,174.31,0.4402,-1,-1,-1
36,9,187.79,359.40,63.15,199.04,0.3995,-1,-1,-1
36,20,1021.97,156.71,61.42,182.14,0.5125,-1,-1,-1
36,13,494.45,161.22,79.23,194.56,0.4165,-1,-1,-1
36,21,384.60,995.36,90.24,84.62,0.4535,-1,-1,-1
36,8,493.89,160.94,78.58,194.15,0.4165,-1,-1,-1
36,14,1840.06,249.50,66.83,189.22,0.3537,-1,-1,-1
37,1,385.94,367.64,90.49,233.55,0.6902,-1,-1,-1
37,2,102.90,547.11,77.00,245.91,0.7344,-1,-1,-1
37,3,1182.11,984.48,64.76,95.49,0.6850,-1,-1,-1
37,4,1722.95,457.79,73.98,208.95,0.6401,-1,-1,-1
37,5,1356.13,569.15,82.11,218.37,0.5677,-1,-1,-1
37,6,0.52,808.45,64.96,249.52,0.6285,-1,-1,-1
37,10,790.58,148.81,59.48,174.74,0.4360,-1,-1,-1
37,9,187.07,361.12,62.44,195.86,0.4086,-1,-1,-1
37,20,1021.94,157.87,61.55,182.93,0.5344,-1,-1,-1
37,13,494.85,162.22,77.32,193.53,0.4226,-1,-1,-1
37,21,384.32,994.19,91.80,85.73,0.5152,-1,-1,-1
37,8,493.63,161.88,77.50,193.42,0.4226,-1,-1,-1
37,14,1840.48,251.98,64.49,185.56,0.3773,-1,-1,-1
38,1,387.08,366.57,87.13,234.73,0.6937,-1,-1,-1
38,2,102.81,546.97,76.62,245.56,0.7328,-1,-1,-1
38,3,1184.16,984.57,66.24,95.43,0.6922,-1,-1,-1
38,4,1722.75,458.26,74.36,207.84,0.6428,-1,-1,-1
38,5,1355.96,569.32,81.91,215.37,0.6049,-1,-1,-1
38,6,0.55,808.03,65.97,247.14,0.6404,-1,-1,-1
38,10,790.95,149.03,59.04,175.06,0.4243,-1,-1,-1
38,9,185.90,363.75,61.70,192.28,0.4321,-1,-1,-1
38,20,1023.30,158.61,60.61,183.68,0.5451,-1,-1,-1
38,13,494.53,162.86,76.59,193.07,0.4184,-1,-1,-1
38,21,384.40,993.01,93.23,86.98,0.5469,-1,-1,-1
38,8,493.17,162.53,77.03,193.08,0.4184,-1,-1,-1
38,14,1841.00,252.76,63.47,185.31,0.3217,-1,-1,-1
38,22,937.78,201.83,74.51,172.87,0.3836,-1,-1,-1
39,1,387.51,365.38,85.35,236.33,0.6891,-1,-1,-1
39,2,102.46,547.17,77.25,245.06,0.7308,-1,-1,-1
39,3,1186.64,984.11,67.94,95.92,0.6789,-1,-1,-1
39,4,1722.60,457.29,73.78,209.23,0.6227,-1,-1,-1
39,5,1356.69,568.36,81.37,216.97,0.5814,-1,-1,-1
39,6,0.51,807.10,66.20,245.56,0.6523,-1,-1,-1
39,10,790.92,148.90,58.88,175.12,0.4153,-1,-1,-1
39,9,183.72,362.60,62.82,193.80,0.4939,-1,-1,-1
39,20,1022.55,158.99,61.58,182.93,0.5211,-1,-1,-1
39,13,494.60,163.50,75.52,192.08,0.4237,-1,-1,-1
39,21,384.49,991.74,93.20,88.28,0.5276,-1,-1,-1
39,8,493.25,163.19,76.04,192.12,0.4237,-1,-1,-1
39,14,1841.02,253.28,63.97,184.76,0.3539,-1,-1,-1
39,22,927.19,201.19,83.72,172.73,0.5013,-1,-1,-1
40,1,387.93,365.98,86.11,235.51,0.6972,-1,-1,-1
40,2,102.25,546.94,77.41,244.91,0.7335,-1,-1,-1
40,3,1190.02,983.97,68.95,96.03,0.6545,-1,-1,-1
40,4,1722.67,456.59,73.56,210.48,0.6273,-1,-1,-1
40,5,1357.29,569.22,80.45,213.76,0.6151,-1,-1,-1
40,6,0.59,806.00,66.08,243.30,0.6072,-1,-1,-1
40,10,791.10,148.90,58.29,175.85,0.4046,-1,-1,-1
40,9,181.54,363.15,62.67,192.51,0.4306,-1,-1,-1
40,20,1022.07,159.21,62.21,182.40,0.5093,-1,-1,-1
40,13,494.45,166.38,73.95,191.78,0.4405,-1,-1,-1
40,21,384.93,990.04,93.12,89.89,0.5279,-1,-1,-1
40,8,493.21,166.10,74.47,191.84,0.4405,-1,-1,-1
40,14,1839.37,253.39,66.61,186.50,0.3340,-1,-1,-1
40,22,916.96,197.89,94.08,175.72,0.5105,-1,-1,-1
41,1,389.16,365.75,85.52,235.44,0.6909,-1,-1,-1
41,2,102.28,546.74,77.61,245.44,0.7313,-1,-1,-1
41,3,1192.85,984.80,68.16,95.20,0.6802,-1,-1,-1
41,4,1722.54,456.08,73.73,210.93,0.6395,-1,-1,-1
41,5,1356.99,568.82,80.82,215.12,0.6073,-1,-1,-1
41,6,0.53,805.03,66.59,243.18,0.6001,-1,-1,-1
41,10,791.35,149.11,57.51,175.29,0.4079,-1,-1,-1
41,9,179.78,361.59,62.38,194.07,0.3636,-1,-1,-1
41,20,1021.65,159.31,62.55,181.14,0.4771,-1,-1,-1
41,13,495.42,166.28,74.89,191.19,0.3632,-1,-1,-1
41,21,385.17,989.14,93.47,90.83,0.4924,-1,-1,-1
41,8,494.28,166.03,75.35,191.25,0.3632,-1,-1,-1
41,22,911.24,201.62,100.05,171.59,0.5440,-1,-1,-1
42,1,390.19,364.65,85.08,235.49,0.7104,-1,-1,-1
42,2,102.25,546.71,78.16,245.62,0.7402,-1,-1,-1
42,3,1195.46,984.93,68.89,95.04,0.6923,-1,-1,-1
42,4,1722.11,455.25,73.93,211.37,0.6461,-1,-1,-1
42,5,1356.96,569.18,80.46,214.52,0.6145,-1,-1,-1
42,6,0.39,802.89,66.89,243.11,0.6312,-1,-1,-1
42,10,791.21,148.89,57.37,176.69,0.4202,-1,-1,-1
42,9,179.36,367.80,60.22,189.00,0.3295,-1,-1,-1
42,20,1021.28,159.57,62.74,181.66,0.4734,-1,-1,-1
42,13,495.46,167.26,75.21,191.83,0.3718,-1,-1,-1
42,21,384.57,987.84,94.41,92.15,0.5331,-1,-1,-1
42,8,494.42,167.04,75.63,191.89,0.3718,-1,-1,-1
42,22,907.16,200.49,103.99,172.96,0.5451,-1,-1,-1
43,1,391.10,364.70,85.04,233.94,0.7374,-1,-1,-1
43,2,101.94,546.83,78.38,245.80,0.7338,-1,-1,-1
43,3,1198.22,985.17,70.25,94.81,0.6623,-1,-1,-1
43,4,1722.23,454.78,73.69,212.01,0.6162,-1,-1,-1
43,5,1356.83,569.14,80.50,214.47,0.6090,-1,-1,-1
43,6,0.28,799.10,67.12,235.66,0.6608,-1,-1,-1
43,10,790.68,149.24,58.33,176.26,0.4042,-1,-1,-1
43,20,1021.36,159.87,62.40,182.80,0.4672,-1,-1,-1
43,13,494.46,168.05,76.52,194.07,0.3847,-1,-1,-1
43,21,383.66,987.48,95.20,92.55,0.5402,-1,-1,-1
43,8,493.54,167.86,76.89,194.11,0.3847,-1,-1,-1
43,22,903.19,197.13,106.65,175.94,0.4978,-1,-1,-1
44,1,391.59,364.59,85.63,232.22,0.7343,-1,-1,-1
44,2,101.93,547.26,78.10,245.48,0.7334,-1,-1,-1
44,3,1199.58,985.50,71.38,94.54,0.6688,-1,-1,-1
44,4,1721.41,456.66,74.73,210.07,0.6474,-1,-1,-1
44,5,1356.83,568.99,80.95,216.07,0.6236,-1,-1,-1
44,6,0.23,795.69,67.49,231.08,0.6726,-1,-1,-1
44,10,790.83,149.25,58.13,176.19,0.4005,-1,-1,-1
44,20,1021.44,160.29,61.74,183.94,0.4379,-1,-1,-1
44,13,494.29,169.20,76.54,195.35,0.3771,-1,-1,-1
44,21,382.91,985.80,96.02,94.35,0.5968,-1,-1,-1
44,8,493.46,169.03,76.88,195.39,0.3771,-1,-1,-1
44,22,900.86,194.10,104.74,179.19,0.3167,-1,-1,-1
44,9,175.45,365.50,58.67,190.56,0.3525,-1,-1,-1
45,1,392.81,362.51,85.24,232.20,0.7371,-1,-1,-1
45,2,101.76,546.98,77.73,245.70,0.7425,-1,-1,-1
45,3,1200.77,985.82,72.35,94.22,0.6709,-1,-1,-1
45,4,1721.53,458.12,74.48,208.39,0.6321,-1,-1,-1
45,5,1356.52,568.89,81.00,216.24,0.6345,-1,-1,-1
45,6,0.26,793.00,67.65,229.37,0.6685,-1,-1,-1
45,10,790.60,149.26,58.55,175.82,0.4243,-1,-1,-1
45,20,1020.10,161.53,64.29,182.69,0.3991,-1,-1,-1
45,13,495.17,172.12,75.00,194.27,0.3115,-1,-1,-1
45,21,381.68,984.86,95.98,95.26,0.5952,-1,-1,-1
45,9,173.68,360.06,56.68,194.92,0.3643,-1,-1,-1
45,14,1842.28,256.93,72.57,196.63,0.3492,-1,-1,-1
46,1,394.65,360.95,83.46,231.89,0.7422,-1,-1,-1
46,2,101.71,546.55,77.83,246.08,0.7447,-1,-1,-1
46,3,1201.40,986.20,72.17,93.79,0.6854,-1,-1,-1
46,4,1721.00,458.90,74.86,207.05,0.6155,-1,-1,-1
46,5,1356.29,569.21,81.97,216.75,0.6039,-1,-1,-1
46,6,0.41,790.59,68.21,229.24,0.6718,-1,-1,-1
46,10,790.68,149.31,58.29,175.27,0.3893,-1,-1,-1
46,20,1019.42,161.99,65.25,182.28,0.4088,-1,-1,-1
46,13,493.06,173.82,77.33,193.91,0.3314,-1,-1,-1
46,21,380.30,979.95,96.93,100.08,0.6033,-1,-1,-1
46,9,172.18,354.71,55.42,199.70,0.3621,-1,-1,-1
46,14,1843.16,257.27,73.99,200.39,0.3300,-1,-1,-1
47,1,395.46,358.98,83.39,231.99,0.7461,-1,-1,-1
47,2,101.48,546.51,78.00,246.19,0.7292,-1,-1,-1
47,3,1202.13,986.36,72.98,93.66,0.6670,-1,-1,-1
47,4,1721.17,458.92,74.86,207.73,0.6306,-1,-1,-1
47,5,1356.51,569.44,81.64,216.05,0.5933,-1,-1,-1
47,6,0.59,789.14,68.92,231.05,0.6183,-1,-1,-1
47,10,790.15,149.44,59.63,174.92,0.4296,-1,-1,-1
47,20,1018.98,162.76,64.44,183.32,0.3951,-1,-1,-1
47,13,503.11,179.25,63.74,187.70,0.3161,-1,-1,-1
47,21,379.78,974.32,97.70,105.81,0.5909,-1,-1,-1
47,9,169.86,346.87,57.87,207.38,0.3911,-1,-1,-1
47,14,1844.33,258.78,73.95,202.12,0.3460,-1,-1,-1
48,1,396.33,357.30,83.46,230.35,0.7647,-1,-1,-1
48,2,101.58,546.25,77.91,246.74,0.7353,-1,-1,-1
48,3,1203.45,985.20,75.64,94.77,0.6326,-1,-1,-1
48,4,1721.37,459.47,74.49,206.46,0.6357,-1,-1,-1
48,5,1356.49,569.16,82.56,216.73,0.6132,-1,-1,-1
48,6,0.86,788.30,70.11,233.30,0.5857,-1,-1,-1
48,10,790.43,149.51,59.77,175.48,0.4552,-1,-1,-1
48,20,1018.69,163.21,63.65,182.96,0.3309,-1,-1,-1
48,13,506.40,182.73,58.48,183.80,0.3326,-1,-1,-1
48,21,378.84,967.48,99.12,112.60,0.6089,-1,-1,-1
48,9,168.70,344.76,57.42,210.73,0.3360,-1,-1,-1
48,14,1846.97,262.16,69.36,201.05,0.3696,-1,-1,-1
49,1,396.58,356.34,84.08,227.62,0.7608,-1,-1,-1
49,2,101.55,546.10,77.88,246.91,0.7393,-1,-1,-1
49,3,1204.03,984.07,77.24,95.93,0.6518,-1,-1,-1
49,4,1721.00,459.03,74.69,207.07,0.6575,-1,-1,-1
49,5,1356.49,569.41,82.59,217.70,0.6018,-1,-1,-1
49,6,0.82,785.44,71.97,242.66,0.6188,-1,-1,-1
49,10,790.42,149.29,60.21,175.93,0.4317,-1,-1,-1
49,20,1017.10,164.49,64.82,182.89,0.3711,-1,-1,-1
49,13,496.48,180.91,70.68,187.73,0.3703,-1,-1,-1
49,21,378.39,964.18,99.74,115.83,0.5888,-1,-1,-1
49,9,167.26,350.47,57.83,205.29,0.3555,-1,-1,-1
49,14,1849.08,264.14,66.09,201.09,0.3337,-1,-1,-1
50,1,396.34,355.03,85.18,226.31,0.7546,-1,-1,-1
50,2,101.56,546.04,77.88,246.67,0.7482,-1,-1,-1
50,3,1204.29,983.18,78.34,96.82,0.6281,-1,-1,-1
50,4,1721.04,459.15,74.43,206.74,0.6391,-1,-1,-1
50,5,1356.93,569.74,81.83,216.15,0.6122,-1,-1,-1
50,6,0.96,784.52,73.59,247.19,0.6055,-1,-1,-1
50,10,790.40,149.03,59.90,176.84,0.4070,-1,-1,-1
50,20,1017.02,164.94,62.61,178.00,0.3841,-1,-1,-1
50,13,493.50,179.99,74.93,190.59,0.3775,-1,-1,-1
50,21,379.85,961.48,98.55,117.70,0.5867,-1,-1,-1
50,14,1851.87,265.99,65.91,200.48,0.3915,-1,-1,-1
51,1,396.27,354.35,86.16,223.91,0.7538,-1,-1,-1
51,2,101.74,545.82,77.73,247.16,0.7505,-1,-1,-1
51,3,1204.89,982.08,79.03,97.93,0.6111,-1,-1,-1
51,4,1720.68,459.89,74.59,205.53,0.6227,-1,-1,-1
51,5,1357.05,569.41,81.51,215.16,0.6198,-1,-1,-1
51,6,1.19,783.27,74.02,247.47,0.6422,-1,-1,-1
51,10,790.42,148.84,59.85,177.54,0.4134,-1,-1,-1
51,20,1016.70,166.53,61.97,175.07,0.4440,-1,-1,-1
51,13,493.14,180.58,76.03,191.28,0.3679,-1,-1,-1
51,21,380.53,957.55,98.40,122.19,0.5503,-1,-1,-1
51,14,1853.95,267.21,63.50,197.27,0.3626,-1,-1,-1
52,1,396.91,353.15,86.51,223.80,0.7677,-1,-1,-1
52,2,102.05,545.52,77.14,247.08,0.7519,-1,-1,-1
52,3,1204.70,981.77,79.43,98.22,0.6304,-1,-1,-1
52,4,1721.59,457.19,73.70,209.02,0.6266,-1,-1,-1
52,5,1356.93,569.22,81.39,215.36,0.6233,-1,-1,-1
52,6,1.94,782.06,74.69,245.82,0.6113,-1,-1,-1
52,10,789.92,149.06,60.46,178.04,0.3952,-1,-1,-1
52,20,1016.11,167.85,62.94,178.44,0.4711,-1,-1,-1
52,13,490.50,180.46,79.57,191.21,0.3819,-1,-1,-1
52,21,381.43,953.29,98.73,126.58,0.5450,-1,-1,-1
53,1,398.18,351.55,85.65,225.12,0.7697,-1,-1,-1
53,2,102.39,545.19,76.11,247.41,0.7453,-1,-1,-1
53,3,1204.57,980.45,79.55,99.50,0.6525,-1,-1,-1
53,4,1721.98,456.35,73.46,209.23,0.6261,-1,-1,-1
53,5,1357.10,569.44,81.55,214.07,0.6401,-1,-1,-1
53,6,3.04,780.80,73.51,243.23,0.6510,-1,-1,-1
53,10,789.43,148.57,61.16,177.92,0.4121,-1,-1,-1
53,20,1015.81,168.81,62.83,180.80,0.4505,-1,-1,-1
53,13,489.00,180.64,82.17,190.89,0.4034,-1,-1,-1
53,21,381.78,950.11,100.56,129.51,0.6933,-1,-1,-1
54,1,398.58,350.64,85.62,225.99,0.7711,-1,-1,-1
54,2,102.45,544.81,75.77,247.97,0.7479,-1,-1,-1
54,3,1203.81,979.88,80.42,100.08,0.6571,-1,-1,-1
54,4,1722.01,456.07,73.44,209.77,0.6240,-1,-1,-1
54,5,1356.99,569.19,81.95,214.04,0.6411,-1,-1,-1
54,6,5.41,778.51,71.50,239.06,0.6455,-1,-1,-1
54,10,789.53,148.71,61.46,177.19,0.3981,-1,-1,-1
54,20,1014.40,170.74,62.41,181.42,0.4274,-1,-1,-1
54,13,488.19,180.55,84.00,190.74,0.3868,-1,-1,-1
54,21,382.53,948.24,102.62,130.35,0.7180,-1,-1,-1
55,1,399.47,349.55,85.03,227.64,0.7785,-1,-1,-1
55,2,102.54,544.91,75.70,248.44,0.7363,-1,-1,-1
55,3,1203.69,979.14,80.84,100.81,0.6651,-1,-1,-1
55,4,1722.12,456.59,73.89,210.50,0.6376,-1,-1,-1
55,5,1357.39,569.02,81.29,215.04,0.6082,-1,-1,-1
55,6,7.52,774.95,70.25,237.96,0.6805,-1,-1,-1
55,10,789.88,148.90,61.16,176.91,0.4251,-1,-1,-1
55,20,1012.83,172.96,62.72,181.52,0.4561,-1,-1,-1
55,13,488.10,180.27,84.52,191.28,0.4235,-1,-1,-1
55,21,382.92,946.50,105.38,132.12,0.6929,-1,-1,-1
55,14,1863.78,262.99,56.04,207.08,0.3406,-1,-1,-1
56,1,400.07,349.05,84.50,229.04,0.7878,-1,-1,-1
56,2,102.54,544.52,75.83,249.09,0.7376,-1,-1,-1
56,3,1203.41,977.78,81.16,102.20,0.6744,-1,-1,-1
56,4,1721.99,456.04,73.61,210.64,0.6445,-1,-1,-1
56,5,1357.17,569.13,80.92,215.95,0.6102,-1,-1,-1
56,6,8.13,772.34,70.27,235.92,0.6943,-1,-1,-1
56,10,789.96,148.77,61.45,177.64,0.4100,-1,-1,-1
56,20,1013.47,174.79,60.94,180.48,0.4680,-1,-1,-1
56,13,488.17,180.30,83.19,191.40,0.4782,-1,-1,-1
56,21,383.65,945.73,106.12,133.52,0.6985,-1,-1,-1
57,1,400.23,348.04,83.98,230.26,0.7938,-1,-1,-1
57,2,102.41,544.69,75.94,249.44,0.7329,-1,-1,-1
57,3,1202.76,976.53,81.77,103.45,0.6850,-1,-1,-1
57,4,1721.88,457.85,73.40,208.19,0.6509,-1,-1,-1
57,5,1357.01,569.18,81.28,214.10,0.6174,-1,-1,-1
57,6,6.66,770.81,71.42,232.13,0.7197,-1,-1,-1
57,10,789.85,148.65,61.98,178.56,0.4009,-1,-1,-1
57,20,1011.88,176.30,60.94,179.88,0.4636,-1,-1,-1
57,13,487.80,180.92,82.33,190.98,0.4590,-1,-1,-1
57,21,385.05,944.98,106.01,134.26,0.7176,-1,-1,-1
58,1,400.15,347.09,84.31,231.15,0.7873,-1,-1,-1
58,2,102.67,544.99,75.53,249.27,0.7288,-1,-1,-1
58,3,1201.93,976.18,82.90,103.82,0.6688,-1,-1,-1
58,4,1722.06,456.32,73.03,209.37,0.6400,-1,-1,-1
58,5,1357.08,569.36,81.19,214.68,0.6247,-1,-1,-1
58,6,7.13,767.75,73.28,229.80,0.7118,-1,-1,-1
58,10,790.15,148.90,61.70,178.55,0.3946,-1,-1,-1
58,20,1011.22,178.83,60.10,179.20,0.4566,-1,-1,-1
58,13,488.00,181.45,81.14,191.08,0.4484,-1,-1,-1
58,21,386.71,944.02,104.96,135.60,0.6723,-1,-1,-1
59,1,401.11,345.74,83.76,232.64,0.7851,-1,-1,-1
59,2,102.74,545.05,75.32,249.47,0.7327,-1,-1,-1
59,3,1200.38,975.68,84.65,104.30,0.6719,-1,-1,-1
59,4,1722.67,456.02,72.96,210.46,0.6377,-1,-1,-1
59,5,1357.04,568.92,81.31,213.53,0.6413,-1,-1,-1
59,6,6.84,765.43,75.09,226.14,0.7217,-1,-1,-1
59,10,789.74,148.87,61.13,178.55,0.3894,-1,-1,-1
59,20,1010.16,180.31,60.42,178.47,0.3744,-1,-1,-1
59,13,488.06,181.96,81.69,191.44,0.4378,-1,-1,-1
59,21,387.89,942.95,103.93,136.64,0.7142,-1,-1,-1
60,1,401.89,345.64,82.66,231.99,0.7925,-1,-1,-1
60,2,102.32,545.20,75.65,250.27,0.7259,-1,-1,-1
60,3,1199.55,974.90,85.30,105.13,0.6700,-1,-1,-1
60,4,1722.27,457.91,73.30,208.30,0.6275,-1,-1,-1
60,5,1356.86,568.94,81.34,214.80,0.6262,-1,-1,-1
60,6,8.53,761.34,72.16,225.20,0.7345,-1,-1,-1
60,10,789.55,148.60,61.62,183.11,0.4231,-1,-1,-1
60,20,1007.58,181.42,62.24,178.04,0.3406,-1,-1,-1
60,13,488.36,183.07,80.92,191.21,0.4531,-1,-1,-1
60,21,387.90,940.60,105.10,138.70,0.7101,-1,-1,-1
61,1,401.91,344.44,82.45,231.37,0.7977,-1,-1,-1
61,2,102.75,545.98,74.57,248.54,0.7279,-1,-1,-1
61,3,1197.51,972.79,86.20,107.22,0.6306,-1,-1,-1
61,4,1722.58,457.75,72.46,207.81,0.6112,-1,-1,-1
61,5,1357.16,569.18,81.00,214.26,0.6299,-1,-1,-1
61,6,9.57,758.35,70.09,225.26,0.7307,-1,-1,-1
61,10,788.94,148.44,62.66,186.64,0.3661,-1,-1,-1
61,20,1007.02,182.16,61.91,176.92,0.3029,-1,-1,-1
61,13,491.65,188.08,75.19,187.96,0.4803,-1,-1,-1
61,21,387.38,938.78,107.04,140.64,0.6141,-1,-1,-1
62,1,402.20,343.17,81.88,231.12,0.7907,-1,-1,-1
62,2,102.91,546.56,74.27,247.84,0.7287,-1,-1,-1
62,3,1196.37,972.36,86.64,107.70,0.6220,-1,-1,-1
62,4,1722.57,456.88,73.00,208.86,0.6000,-1,-1,-1
62,5,1357.53,569.24,80.63,214.59,0.6174,-1,-1,-1
62,6,10.69,756.22,69.26,225.38,0.7302,-1,-1,-1
62,10,789.81,148.25,61.51,186.86,0.3199,-1,-1,-1
62,20,1007.59,183.93,61.01,175.33,0.3032,-1,-1,-1
62,13,492.42,189.79,73.66,188.73,0.4967,-1,-1,-1
62,21,386.28,936.69,108.21,142.21,0.5694,-1,-1,-1
63,1,402.24,341.39,82.04,231.87,0.7965,-1,-1,-1
63,2,103.11,546.70,73.93,247.53,0.7298,-1,-1,-1
63,3,1194.85,971.84,87.47,108.18,0.6573,-1,-1,-1
63,4,1721.89,458.08,73.82,207.83,0.5906,-1,-1,-1
63,5,1357.15,569.02,80.94,213.82,0.6020,-1,-1,-1
63,6,10.66,754.85,70.67,228.07,0.7189,-1,-1,-1
63,13,491.52,189.01,74.37,193.89,0.5326,-1,-1,-1
63,21,386.04,934.62,107.62,144.29,0.6604,-1,-1,-1
64,1,402.41,339.06,82.22,232.12,0.7907,-1,-1,-1
64,2,102.67,546.54,74.44,248.32,0.7195,-1,-1,-1
64,3,1193.45,972.64,87.32,107.33,0.6856,-1,-1,-1
64,4,1721.88,456.86,73.84,209.10,0.6059,-1,-1,-1
64,5,1356.40,569.25,81.44,215.32,0.5977,-1,-1,-1
64,6,11.07,753.33,70.83,229.05,0.7204,-1,-1,-1
64,13,492.70,191.19,72.98,194.09,0.4907,-1,-1,-1
64,21,385.39,931.20,108.77,148.01,0.6716,-1,-1,-1
64,20,1004.33,186.42,61.97,171.79,0.3625,-1,-1,-1
65,1,402.24,337.24,82.54,232.22,0.7933,-1,-1,-1
65,2,102.71,547.08,74.49,247.31,0.7280,-1,-1,-1
65,3,1192.52,973.02,86.08,107.00,0.6846,-1,-1,-1
65,4,1720.96,458.81,74.84,207.31,0.6133,-1,-1,-1
65,5,1356.15,569.23,82.46,214.54,0.6283,-1,-1,-1
65,6,10.92,752.30,71.02,231.71,0.7136,-1,-1,-1
65,13,493.58,191.99,72.27,194.76,0.5081,-1,-1,-1
65,21,385.31,925.27,108.43,154.40,0.5634,-1,-1,-1
65,20,1003.45,187.23,62.40,171.74,0.3134,-1,-1,-1
66,1,402.36,335.21,82.95,232.09,0.7929,-1,-1,-1
66,2,102.77,546.55,75.23,247.75,0.7208,-1,-1,-1
66,3,1190.68,971.94,85.44,108.03,0.7063,-1,-1,-1
66,4,1720.11,459.16,75.57,207.63,0.6260,-1,-1,-1
66,5,1355.88,568.70,83.15,215.83,0.6046,-1,-1,-1
66,6,10.83,750.90,71.27,233.48,0.7134,-1,-1,-1
66,13,495.44,191.38,69.86,195.84,0.5281,-1,-1,-1
66,21,386.47,919.00,106.01,160.84,0.5605,-1,-1,-1
66,20,1003.59,187.85,61.05,174.05,0.3622,-1,-1,-1
67,1,402.30,333.90,84.06,230.02,0.7944,-1,-1,-1
67,2,102.78,546.70,75.60,247.57,0.7250,-1,-1,-1
67,3,1189.06,971.67,86.23,108.31,0.6942,-1,-1,-1
67,4,1720.40,459.10,75.15,207.00,0.5965,-1,-1,-1
67,5,1356.55,569.00,82.09,214.67,0.5982,-1,-1,-1
67,6,10.38,749.00,71.62,236.14,0.7028,-1,-1,-1
67,13,495.46,191.27,69.75,198.76,0.5657,-1,-1,-1
67,21,385.92,914.37,105.84,164.48,0.6553,-1,-1,-1
67,20,1002.58,187.88,60.04,175.06,0.4069,-1,-1,-1
68,1,402.86,333.22,84.16,227.78,0.7902,-1,-1,-1
68,2,102.68,546.63,75.83,247.75,0.7294,-1,-1,-1
68,3,1186.21,970.23,86.32,109.75,0.6957,-1,-1,-1
68,4,1721.12,459.38,74.50,206.95,0.6081,-1,-1,-1
68,5,1356.52,568.34,82.26,215.77,0.5953,-1,-1,-1
68,6,10.28,746.73,71.93,239.72,0.7077,-1,-1,-1
68,13,495.45,192.36,69.10,197.82,0.5750,-1,-1,-1
68,21,385.26,911.72,106.34,166.49,0.7051,-1,-1,-1
68,20,1001.27,188.23,60.92,176.35,0.4874,-1,-1,-1
69,1,402.76,332.20,85.10,226.28,0.7834,-1,-1,-1
69,2,102.73,546.66,75.44,248.09,0.7309,-1,-1,-1
69,3,1184.25,969.67,86.27,110.30,0.6797,-1,-1,-1
69,4,1722.06,457.72,74.64,210.86,0.5947,-1,-1,-1
69,5,1356.67,568.54,82.00,216.85,0.5962,-1,-1,-1
69,6,10.40,744.82,72.02,241.43,0.7102,-1,-1,-1
69,13,493.43,193.38,72.82,196.35,0.5869,-1,-1,-1
69,21,384.78,909.92,106.83,168.63,0.6853,-1,-1,-1
69,20,1000.57,188.17,61.71,177.07,0.5338,-1,-1,-1
70,1,402.81,331.29,85.79,224.56,0.7903,-1,-1,-1
70,2,103.04,546.41,74.94,248.33,0.7319,-1,-1,-1
70,3,1182.64,969.15,86.02,110.82,0.6649,-1,-1,-1
70,4,1722.68,456.10,74.43,212.04,0.6157,-1,-1,-1
70,5,1356.39,568.41,82.81,217.49,0.6087,-1,-1,-1
70,6,10.83,743.15,71.88,239.06,0.7152,-1,-1,-1
70,13,491.48,195.07,76.25,194.45,0.5919,-1,-1,-1
70,21,384.30,907.21,107.21,171.99,0.6793,-1,-1,-1
70,20,1000.16,188.04,61.52,177.88,0.5581,-1,-1,-1
71,1,403.09,329.96,85.64,223.81,0.7909,-1,-1,-1
71,2,102.51,545.49,75.68,249.82,0.7292,-1,-1,-1
71,3,1181.36,968.33,86.10,111.65,0.6676,-1,-1,-1
71,4,1722.50,456.42,74.69,211.42,0.6225,-1,-1,-1
71,5,1356.81,568.67,82.36,218.40,0.5627,-1,-1,-1
71,6,11.40,741.45,72.14,233.61,0.7212,-1,-1,-1
71,13,491.95,194.03,77.30,195.59,0.6135,-1,-1,-1
71,21,381.76,904.85,109.89,174.84,0.7093,-1,-1,-1
71,20,998.82,188.27,60.62,178.21,0.5614,-1,-1,-1
71,10,786.64,150.82,76.11,218.20,0.3588,-1,-1,-1
72,1,403.36,328.51,85.68,224.90,0.7885,-1,-1,-1
72,2,102.26,544.83,75.93,250.50,0.7259,-1,-1,-1
72,3,1180.15,966.45,85.61,113.56,0.5933,-1,-1,-1
72,4,1722.47,456.86,74.53,210.72,0.6192,-1,-1,-1
72,5,1357.09,569.02,82.26,218.29,0.6062,-1,-1,-1
72,6,11.03,738.32,73.16,230.03,0.7274,-1,-1,-1
72,13,488.88,193.82,81.94,196.17,0.5970,-1,-1,-1
72,21,380.41,903.18,110.93,176.75,0.7213,-1,-1,-1
72,20,998.16,188.60,59.05,178.84,0.5725,-1,-1,-1
72,10,782.36,148.40,82.23,222.14,0.3792,-1,-1,-1
72,22,843.74,169.52,53.14,176.21,0.3494,-1,-1,-1
73,1,404.20,327.63,85.18,226.34,0.7872,-1,-1,-1
73,2,102.00,545.04,76.20,250.23,0.7321,-1,-1,-1
73,3,1179.17,965.31,86.06,114.68,0.6094,-1,-1,-1
73,4,1722.72,456.28,74.57,212.54,0.6133,-1,-1,-1
73,5,1356.95,569.34,82.81,216.72,0.6160,-1,-1,-1
73,6,10.86,734.95,73.96,229.32,0.7478,-1,-1,-1
73,13,486.27,193.51,86.08,196.68,0.5927,-1,-1,-1
73,21,379.04,902.04,112.11,177.95,0.7151,-1,-1,-1
73,20,997.02,189.44,57.81,179.01,0.5500,-1,-1,-1
73,10,778.21,148.90,86.62,221.33,0.3039,-1,-1,-1
73,22,844.86,169.93,51.53,177.47,0.3473,-1,-1,-1
74,1,405.03,327.34,84.46,226.26,0.7842,-1,-1,-1
74,2,102.20,545.40,75.64,249.21,0.7220,-1,-1,-1
74,3,1178.09,964.89,86.99,115.11,0.6237,-1,-1,-1
74,4,1722.20,458.93,74.34,208.64,0.5958,-1,-1,-1
74,5,1356.63,569.55,82.89,215.52,0.6195,-1,-1,-1
74,6,10.88,732.38,74.61,226.50,0.7514,-1,-1,-1
74,13,485.06,194.74,88.21,195.46,0.5599,-1,-1,-1
74,21,378.72,900.32,112.16,179.71,0.6885,-1,-1,-1
74,20,997.45,190.05,55.56,180.64,0.5586,-1,-1,-1
74,22,844.50,170.60,52.45,179.08,0.3055,-1,-1,-1
75,1,405.21,326.72,84.38,226.67,0.7785,-1,-1,-1
75,2,101.92,545.18,75.51,249.47,0.7284,-1,-1,-1
75,3,1176.95,964.45,88.11,115.57,0.6363,-1,-1,-1
75,4,1722.19,457.67,74.40,211.07,0.6187,-1,-1,-1
75,5,1356.76,569.93,82.58,212.95,0.6548,-1,-1,-1
75,6,10.71,730.88,74.76,226.99,0.7486,-1,-1,-1
75,13,483.42,196.23,89.43,194.19,0.5708,-1,-1,-1
75,21,379.03,898.16,111.49,181.89,0.6778,-1,-1,-1
75,20,995.21,189.53,56.91,183.15,0.6141,-1,-1,-1
75,22,843.06,171.30,54.03,183.80,0.3013,-1,-1,-1
76,1,406.36,326.28,83.46,227.27,0.7724,-1,-1,-1
76,2,102.00,544.41,75.04,250.21,0.7220,-1,-1,-1
76,3,1176.45,963.86,88.58,116.12,0.6886,-1,-1,-1
76,4,1721.48,459.07,74.54,207.90,0.6303,-1,-1,-1
76,5,1356.34,570.39,83.01,212.54,0.6477,-1,-1,-1
76,6,10.85,729.11,74.45,229.54,0.7470,-1,-1,-1
76,13,485.15,199.23,87.97,191.99,0.5540,-1,-1,-1
76,21,380.21,895.29,109.48,184.69,0.6904,-1,-1,-1
76,20,994.17,189.37,57.27,182.56,0.5748,-1,-1,-1
77,1,406.97,325.20,83.39,228.78,0.7668,-1,-1,-1
77,2,102.12,544.22,74.22,250.34,0.7224,-1,-1,-1
77,3,1176.24,963.65,88.46,116.31,0.6972,-1,-1,-1
77,4,1721.23,458.92,74.64,206.70,0.6226,-1,-1,-1
77,5,1355.95,570.00,84.28,214.17,0.6321,-1,-1,-1
77,6,11.01,727.63,74.29,230.59,0.7515,-1,-1,-1
77,13,491.02,201.26,81.44,189.48,0.5687,-1,-1,-1
77,21,381.79,893.02,107.28,186.93,0.7466,-1,-1,-1
77,20,993.32,190.04,57.88,181.28,0.5922,-1,-1,-1
78,1,407.00,324.62,83.44,229.27,0.7694,-1,-1,-1
78,2,101.89,544.21,73.86,250.08,0.7233,-1,-1,-1
78,3,1175.99,963.07,88.49,116.92,0.7207,-1,-1,-1
78,4,1720.96,459.61,75.13,205.89,0.6372,-1,-1,-1
78,5,1355.56,571.07,85.02,214.34,0.6380,-1,-1,-1
78,6,10.88,726.52,75.46,232.87,0.7458,-1,-1,-1
78,13,490.80,204.35,79.42,187.10,0.6007,-1,-1,-1
78,21,382.52,890.74,105.69,189.28,0.7540,-1,-1,-1
78,20,993.70,189.34,56.85,181.36,0.5644,-1,-1,-1
79,1,407.89,324.28,82.61,230.11,0.7798,-1,-1,-1
79,2,102.03,544.92,73.49,248.89,0.7258,-1,-1,-1
79,3,1175.87,962.91,88.28,117.05,0.7240,-1,-1,-1
79,4,1720.87,458.92,74.91,206.44,0.6468,-1,-1,-1
79,5,1355.29,572.09,85.25,213.69,0.6071,-1,-1,-1
79,6,11.60,725.97,75.79,232.96,0.7472,-1,-1,-1
79,13,489.98,203.40,80.56,190.74,0.5841,-1,-1,-1
79,21,384.81,887.49,102.95,192.49,0.7680,-1,-1,-1
79,20,992.43,190.28,57.72,179.41,0.5754,-1,-1,-1
80,1,409.26,324.02,81.33,229.68,0.7780,-1,-1,-1
80,2,102.20,545.32,73.07,248.42,0.7273,-1,-1,-1
80,3,1175.24,962.35,88.38,117.60,0.7371,-1,-1,-1
80,4,1720.98,459.67,75.04,206.08,0.6344,-1,-1,-1
80,5,1355.99,572.20,85.70,215.93,0.5754,-1,-1,-1
80,6,12.36,724.95,76.59,233.73,0.7277,-1,-1,-1
80,13,491.06,203.71,79.89,193.27,0.5726,-1,-1,-1
80,21,386.43,882.94,101.01,197.00,0.7885,-1,-1,-1
80,20,991.10,190.46,58.22,182.84,0.6078,-1,-1,-1
81,1,410.00,323.65,80.59,228.15,0.7615,-1,-1,-1
81,2,102.54,545.03,72.35,248.48,0.7278,-1,-1,-1
81,3,1175.97,961.91,87.10,118.12,0.7442,-1,-1,-1
81,4,1721.35,459.43,74.90,206.29,0.6201,-1,-1,-1
81,5,1355.71,571.97,85.99,217.19,0.5507,-1,-1,-1
81,6,12.96,724.42,75.86,233.74,0.7207,-1,-1,-1
81,13,491.81,204.38,79.05,195.66,0.5467,-1,-1,-1
81,21,387.58,879.42,99.92,200.62,0.7855,-1,-1,-1
81,20,989.98,191.17,58.29,182.92,0.6100,-1,-1,-1
82,1,411.89,323.38,79.86,226.94,0.7528,-1,-1,-1
82,2,102.44,545.65,72.19,247.26,0.7279,-1,-1,-1
82,3,1175.91,961.39,86.01,118.62,0.7317,-1,-1,-1
82,4,1721.41,459.43,74.63,206.52,0.6201,-1,-1,-1
82,5,1355.78,572.02,85.92,217.53,0.5451,-1,-1,-1
82,6,13.50,722.14,76.89,235.72,0.7266,-1,-1,-1
82,13,493.84,206.66,77.30,195.11,0.5545,-1,-1,-1
82,21,387.24,875.83,100.97,204.19,0.7833,-1,-1,-1
82,20,988.80,191.16,57.81,183.27,0.6095,-1,-1,-1
83,1,412.22,322.06,80.83,226.36,0.7641,-1,-1,-1
83,2,102.09,545.71,72.26,247.34,0.7278,-1,-1,-1
83,3,1175.46,961.50,85.06,118.46,0.7057,-1,-1,-1
83,4,1721.89,459.66,73.94,205.30,0.6159,-1,-1,-1
83,5,1356.05,571.53,85.85,218.64,0.5500,-1,-1,-1
83,6,14.71,720.39,76.15,237.26,0.7177,-1,-1,-1
83,13,494.32,207.30,78.16,195.04,0.5793,-1,-1,-1
83,21,387.99,873.17,101.20,206.76,0.7796,-1,-1,-1
83,20,987.35,191.54,57.69,182.79,0.5994,-1,-1,-1
84,1,413.42,320.41,80.13,226.02,0.7627,-1,-1,-1
84,2,102.19,545.85,72.33,247.36,0.7183,-1,-1,-1
84,3,1174.85,961.33,84.62,118.62,0.7224,-1,-1,-1
84,4,1721.70,459.57,74.32,205.68,0.5940,-1,-1,-1
84,5,1356.24,571.93,85.53,217.25,0.5437,-1,-1,-1
84,6,14.67,718.64,75.72,239.13,0.7199,-1,-1,-1
84,13,495.62,208.33,77.44,196.22,0.5983,-1,-1,-1
84,21,388.34,870.81,101.94,209.13,0.7700,-1,-1,-1
84,20,986.11,191.85,57.50,182.49,0.6085,-1,-1,-1
84,10,793.49,149.58,56.48,172.42,0.3684,-1,-1,-1
85,1,413.73,318.81,81.23,224.87,0.7575,-1,-1,-1
85,2,101.95,545.25,72.80,248.64,0.7187,-1,-1,-1
85,3,1174.53,961.31,84.06,118.65,0.7154,-1,-1,-1
85,4,1721.26,460.27,74.88,205.66,0.5994,-1,-1,-1
85,5,1356.54,572.61,85.98,220.55,0.4904,-1,-1,-1
85,6,15.92,717.55,76.35,240.12,0.7212,-1,-1,-1
85,13,496.11,209.31,77.38,195.41,0.5914,-1,-1,-1
85,21,388.81,868.83,102.38,211.14,0.7789,-1,-1,-1
85,20,983.73,191.00,58.90,184.40,0.5486,-1,-1,-1
85,10,793.56,149.51,54.86,170.44,0.3151,-1,-1,-1
86,1,414.49,317.57,81.41,222.37,0.7630,-1,-1,-1
86,2,102.01,545.86,73.15,247.70,0.7209,-1,-1,-1
86,3,1173.04,961.07,84.92,118.91,0.7081,-1,-1,-1
86,4,1721.75,458.30,75.03,208.56,0.6081,-1,-1,-1
86,5,1357.16,573.60,85.30,215.86,0.5336,-1,-1,-1
86,6,17.17,716.05,75.99,236.83,0.7461,-1,-1,-1
86,13,496.30,209.39,78.05,197.21,0.6102,-1,-1,-1
86,21,389.42,866.41,102.60,213.60,0.7884,-1,-1,-1
86,20,981.24,191.35,60.14,184.95,0.4825,-1,-1,-1
86,10,793.37,149.56,55.34,171.14,0.3062,-1,-1,-1
87,1,414.41,316.65,83.20,220.80,0.7753,-1,-1,-1
87,2,102.03,545.72,73.43,247.32,0.7339,-1,-1,-1
87,3,1173.06,960.66,83.81,119.31,0.7056,-1,-1,-1
87,4,1721.37,459.68,74.66,207.17,0.6337,-1,-1,-1
87,5,1357.11,573.73,84.50,215.37,0.5166,-1,-1,-1
87,6,18.69,713.96,74.73,228.92,0.7605,-1,-1,-1
87,13,496.11,210.04,79.62,196.27,0.6204,-1,-1,-1
87,21,389.82,864.37,103.41,215.60,0.7884,-1,-1,-1
87,20,979.15,191.79,61.61,182.25,0.4578,-1,-1,-1
87,10,792.61,149.35,56.23,172.03,0.3228,-1,-1,-1
87,22,835.07,179.27,61.26,189.12,0.3396,-1,-1,-1
88,1,414.20,315.48,84.47,220.10,0.7855,-1,-1,-1
88,2,102.03,546.10,73.52,246.57,0.7177,-1,-1,-1
88,3,1171.41,960.24,84.02,119.71,0.7422,-1,-1,-1
88,4,1720.90,460.04,74.82,206.56,0.6468,-1,-1,-1
88,5,1357.25,573.12,84.26,215.86,0.5495,-1,-1,-1
88,6,18.68,710.80,74.95,226.76,0.7287,-1,-1,-1
88,13,496.97,209.83,80.85,197.49,0.6166,-1,-1,-1
88,21,390.24,862.06,104.87,217.89,0.8054,-1,-1,-1
88,20,976.98,191.30,63.01,185.47,0.4209,-1,-1,-1
88,10,792.27,150.22,56.20,169.96,0.3240,-1,-1,-1
88,24,743.56,187.07,55.20,177.16,0.3602,-1,-1,-1
89,1,414.24,314.00,84.70,219.91,0.7766,-1,-1,-1
89,2,101.97,546.27,73.54,245.81,0.7233,-1,-1,-1
89,3,1171.09,959.80,82.18,120.11,0.7522,-1,-1,-1
89,4,1720.33,459.33,74.92,207.19,0.6361,-1,-1,-1
89,5,1357.19,573.62,84.44,217.38,0.5392,-1,-1,-1
89,6,18.32,706.54,76.27,227.22,0.7358,-1,-1,-1
89,13,497.45,208.87,82.47,199.01,0.6147,-1,-1,-1
89,21,391.30,860.92,104.18,219.04,0.8131,-1,-1,-1
89,20,975.56,192.90,63.81,185.20,0.4931,-1,-1,-1
90,1,414.84,312.60,84.47,220.13,0.7463,-1,-1,-1
90,2,101.74,546.59,73.73,245.32,0.7134,-1,-1,-1
90,3,1170.55,958.84,81.21,121.15,0.7640,-1,-1,-1
90,4,1720.37,459.40,74.59,206.85,0.6227,-1,-1,-1
90,5,1356.96,573.31,83.43,216.75,0.5371,-1,-1,-1
90,6,19.84,704.12,74.98,227.52,0.7339,-1,-1,-1
90,13,498.63,207.99,83.72,199.08,0.5991,-1,-1,-1
90,21,392.29,859.65,103.25,220.37,0.8173,-1,-1,-1
90,20,974.18,194.72,64.72,184.90,0.4124,-1,-1,-1
91,1,416.00,311.19,82.98,222.01,0.7442,-1,-1,-1
91,2,102.00,546.88,73.65,244.81,0.7042,-1,-1,-1
91,3,1169.52,957.64,80.81,122.35,0.7737,-1,-1,-1
91,4,1720.20,460.01,74.62,206.66,0.6289,-1,-1,-1
91,5,1356.84,572.41,83.69,219.07,0.5257,-1,-1,-1
91,6,21.01,701.19,74.21,226.93,0.7229,-1,-1,-1
91,13,500.98,208.51,80.60,199.27,0.5637,-1,-1,-1
91,21,392.24,857.65,103.94,222.37,0.8023,-1,-1,-1
91,20,973.63,193.93,63.74,184.27,0.3692,-1,-1,-1
92,1,416.67,310.66,82.68,223.24,0.7394,-1,-1,-1
92,2,102.14,546.80,73.47,244.90,0.7011,-1,-1,-1
92,3,1169.02,956.99,79.46,123.01,0.7608,-1,-1,-1
92,4,1720.57,460.02,74.53,206.78,0.6310,-1,-1,-1
92,5,1357.15,572.37,83.13,216.97,0.5328,-1,-1,-1
92,6,22.16,697.44,72.79,228.62,0.7176,-1,-1,-1
92,13,500.65,211.28,79.95,196.62,0.5911,-1,-1,-1
92,21,392.75,854.61,103.02,225.41,0.7953,-1,-1,-1
92,20,972.37,195.38,63.38,183.39,0.3984,-1,-1,-1
93,1,417.17,309.72,82.51,224.41,0.7306,-1,-1,-1
93,2,102.19,547.00,73.08,244.73,0.6920,-1,-1,-1
93,3,1168.20,956.63,78.54,123.38,0.7792,-1,-1,-1
93,4,1720.65,460.03,74.66,206.50,0.6208,-1,-1,-1
93,5,1357.00,572.06,82.84,216.64,0.5182,-1,-1,-1
93,6,23.33,697.25,71.62,226.32,0.7093,-1,-1,-1
93,13,501.48,210.00,79.25,198.05,0.5532,-1,-1,-1
93,21,393.62,851.37,102.82,228.65,0.8024,-1,-1,-1
93,20,972.33,195.46,62.51,185.62,0.3527,-1,-1,-1
94,1,417.24,309.10,82.48,224.83,0.7310,-1,-1,-1
94,2,102.11,547.25,73.47,244.57,0.6883,-1,-1,-1
94,3,1167.40,955.74,77.18,124.30,0.7913,-1,-1,-1
94,4,1721.29,460.12,74.49,206.88,0.6233,-1,-1,-1
94,5,1356.94,572.30,83.30,217.09,0.4741,-1,-1,-1
94,6,23.69,696.75,70.99,225.06,0.7143,-1,-1,-1
94,13,501.51,210.93,78.16,198.87,0.5256,-1,-1,-1
94,21,394.22,849.08,102.73,231.03,0.7916,-1,-1,-1
94,20,971.65,196.77,62.20,186.04,0.3334,-1,-1,-1
95,1,416.85,308.01,82.75,226.25,0.7427,-1,-1,-1
95,2,101.98,547.21,73.67,244.33,0.6853,-1,-1,-1
95,3,1165.90,954.15,77.31,125.85,0.7874,-1,-1,-1
95,4,1721.59,460.06,73.69,206.92,0.6117,-1,-1,-1
95,5,1356.85,573.28,83.34,216.49,0.4456,-1,-1,-1
95,6,25.12,695.85,69.51,225.73,0.7151,-1,-1,-1
95,13,503.05,212.71,76.73,199.23,0.4969,-1,-1,-1
95,21,395.08,844.67,101.55,235.37,0.7974,-1,-1,-1
95,20,970.83,197.32,61.86,187.85,0.3203,-1,-1,-1
96,1,417.57,307.22,83.60,226.87,0.7600,-1,-1,-1
96,2,101.83,547.06,73.63,243.97,0.6778,-1,-1,-1
96,3,1164.94,953.28,76.18,126.72,0.7955,-1,-1,-1
96,4,1721.57,459.35,73.66,207.03,0.6219,-1,-1,-1
96,5,1356.85,573.37,84.23,219.89,0.4978,-1,-1,-1
96,6,26.04,694.06,68.57,228.13,0.7193,-1,-1,-1
96,13,506.45,212.28,77.91,202.78,0.5504,-1,-1,-1
96,21,395.37,841.63,100.83,238.41,0.8076,-1,-1,-1
96,20,968.87,199.11,61.39,189.60,0.4080,-1,-1,-1
97,1,417.64,306.64,83.41,227.32,0.7582,-1,-1,-1
97,2,101.88,547.09,73.52,244.58,0.6833,-1,-1,-1
97,3,1163.58,951.88,75.14,128.14,0.7830,-1,-1,-1
97,4,1721.75,459.40,73.94,207.56,0.6386,-1,-1,-1
97,5,1356.64,572.75,83.95,221.07,0.5215,-1,-1,-1
97,6,25.84,692.96,68.80,228.54,0.7185,-1,-1,-1
97,13,509.08,213.30,75.81,204.11,0.5288,-1,-1,-1
97,21,395.60,840.55,99.00,239.52,0.8020,-1,-1,-1
97,20,966.81,199.50,61.25,190.70,0.3787,-1,-1,-1
98,1,418.20,305.31,82.93,228.70,0.7627,-1,-1,-1
98,2,101.74,546.90,73.51,244.66,0.6731,-1,-1,-1
98,3,1161.53,949.88,75.68,130.13,0.7766,-1,-1,-1
98,4,1721.92,456.83,73.92,210.41,0.6372,-1,-1,-1
98,5,1357.00,573.06,82.46,219.13,0.5183,-1,-1,-1
98,6,26.02,692.30,68.81,229.04,0.7197,-1,-1,-1
98,13,510.80,214.19,73.93,204.65,0.5613,-1,-1,-1
98,21,395.40,838.73,97.61,241.31,0.8025,-1,-1,-1
98,20,964.82,199.85,61.87,190.57,0.4792,-1,-1,-1
99,1,418.61,304.86,83.21,228.86,0.7623,-1,-1,-1
99,2,101.68,546.60,73.54,245.01,0.6740,-1,-1,-1
99,3,1159.89,947.25,76.26,132.76,0.7661,-1,-1,-1
99,4,1722.12,458.49,73.66,208.98,0.6248,-1,-1,-1
99,5,1357.06,573.46,82.03,215.02,0.5439,-1,-1,-1
99,6,26.59,691.64,68.90,228.99,0.7220,-1,-1,-1
99,13,512.52,214.62,71.62,204.73,0.5247,-1,-1,-1
99,21,395.07,834.76,97.08,245.27,0.8040,-1,-1,-1
99,20,962.95,200.44,61.71,190.12,0.4278,-1,-1,-1
100,1,419.53,303.47,83.07,229.32,0.7518,-1,-1,-1
100,2,101.85,545.61,73.17,247.43,0.6635,-1,-1,-1
100,3,1158.86,946.17,75.13,133.86,0.7549,-1,-1,-1
100,4,1721.97,459.16,73.70,208.29,0.6092,-1,-1,-1
100,5,1356.93,574.00,82.15,214.48,0.5219,-1,-1,-1
100,6,26.82,690.10,69.77,229.66,0.7321,-1,-1,-1
100,13,512.08,214.24,70.68,206.50,0.4418,-1,-1,-1
100,21,394.18,831.98,96.96,248.05,0.7951,-1,-1,-1
100,20,961.50,201.43,60.89,188.94,0.4511,-1,-1,-1
101,1,419.92,302.34,83.38,229.57,0.7660,-1,-1,-1
101,2,102.01,545.21,73.16,248.28,0.6691,-1,-1,-1
101,3,1157.34,945.38,74.68,134.16,0.7602,-1,-1,-1
101,4,1721.80,459.54,74.02,208.03,0.6193,-1,-1,-1
101,5,1356.87,574.38,82.31,214.50,0.5131,-1,-1,-1
101,6,28.00,688.03,69.65,227.33,0.7360,-1,-1,-1
101,13,512.22,216.24,71.21,207.39,0.5113,-1,-1,-1
101,21,392.57,830.05,97.50,249.97,0.7904,-1,-1,-1
101,20,960.20,202.06,60.40,185.28,0.4394,-1,-1,-1
101,25,1167.55,162.91,85.00,160.60,0.3462,-1,-1,-1
102,1,420.62,300.37,82.80,229.81,0.7644,-1,-1,-1
102,2,102.27,544.76,73.23,248.66,0.6745,-1,-1,-1
102,3,1156.16,944.14,73.37,134.80,0.7409,-1,-1,-1
102,4,1721.93,459.95,73.57,207.37,0.6224,-1,-1,-1
102,5,1356.88,574.37,82.47,216.41,0.5021,-1,-1,-1
102,6,28.34,685.48,69.92,224.79,0.7533,-1,-1,-1
102,13,512.53,217.23,71.74,207.60,0.5148,-1,-1,-1
102,21,390.99,827.23,98.60,252.75,0.7981,-1,-1,-1
102,20,957.78,203.22,60.60,183.98,0.4930,-1,-1,-1
103,1,420.61,299.18,82.70,228.54,0.7478,-1,-1,-1
103,2,102.34,544.73,73.12,249.16,0.6718,-1,-1,-1
103,3,1154.69,941.74,72.36,136.98,0.7410,-1,-1,-1
103,4,1721.35,459.93,74.19,206.80,0.6110,-1,-1,-1
103,5,1357.21,574.03,82.79,217.78,0.4881,-1,-1,-1
103,6,30.23,684.20,69.23,220.93,0.7641,-1,-1,-1
103,13,511.87,217.01,73.37,209.64,0.5130,-1,-1,-1
103,21,389.17,825.40,100.21,254.64,0.7944,-1,-1,-1
103,20,954.88,201.55,60.95,184.74,0.4965,-1,-1,-1
104,1,421.11,298.90,81.75,225.66,0.7410,-1,-1,-1
104,2,102.62,544.13,72.99,249.98,0.6567,-1,-1,-1
104,3,1152.48,941.28,71.21,137.41,0.7273,-1,-1,-1
104,4,1721.55,459.41,73.43,206.80,0.6162,-1,-1,-1
104,5,1357.27,574.27,83.04,218.71,0.4486,-1,-1,-1
104,6,32.10,682.16,68.43,220.02,0.7643,-1,-1,-1
104,13,512.59,216.85,75.61,209.98,0.5278,-1,-1,-1
104,21,387.53,822.77,101.50,257.22,0.8052,-1,-1,-1
104,20,952.86,201.64,60.90,184.83,0.4648,-1,-1,-1
105,1,420.91,298.14,82.22,220.98,0.7366,-1,-1,-1
105,2,102.78,544.28,73.13,249.84,0.6829,-1,-1,-1
105,3,1151.05,940.47,69.82,137.77,0.7222,-1,-1,-1
105,4,1721.28,458.96,74.27,206.94,0.6148,-1,-1,-1
105,5,1357.13,574.25,84.73,224.00,0.4627,-1,-1,-1
105,6,34.65,680.91,67.98,221.26,0.7763,-1,-1,-1
105,13,514.14,220.25,74.19,206.38,0.5061,-1,-1,-1
105,21,386.83,821.02,101.99,258.96,0.8103,-1,-1,-1
105,20,950.84,201.24,60.67,186.55,0.4982,-1,-1,-1
106,1,421.39,297.03,81.77,217.04,0.7385,-1,-1,-1
106,2,102.99,545.37,73.16,248.92,0.6617,-1,-1,-1
106,3,1149.85,939.70,68.87,138.82,0.7098,-1,-1,-1
106,4,1721.33,459.54,74.00,206.77,0.6220,-1,-1,-1
106,5,1357.18,574.40,83.08,220.57,0.4964,-1,-1,-1
106,6,35.83,679.68,69.96,222.16,0.7827,-1,-1,-1
106,13,514.29,220.15,73.73,205.91,0.4992,-1,-1,-1
106,21,385.78,819.05,102.41,260.95,0.8043,-1,-1,-1
106,20,949.11,201.44,60.00,186.36,0.5160,-1,-1,-1
107,1,421.15,295.75,81.70,215.78,0.7489,-1,-1,-1
107,2,103.18,545.93,73.23,249.01,0.6631,-1,-1,-1
107,3,1147.83,938.35,69.86,140.29,0.7247,-1,-1,-1
107,4,1721.03,459.57,74.29,206.77,0.6308,-1,-1,-1
107,5,1356.94,574.36,84.39,222.77,0.4665,-1,-1,-1
107,6,36.34,678.79,74.46,222.23,0.7871,-1,-1,-1
107,13,514.41,222.98,72.71,202.96,0.5120,-1,-1,-1
107,21,385.49,817.57,101.55,262.39,0.8076,-1,-1,-1
107,20,948.74,203.74,58.88,186.52,0.5247,-1,-1,-1
108,1,421.05,294.38,81.87,216.03,0.7383,-1,-1,-1
108,2,103.15,545.87,73.68,250.18,0.6416,-1,-1,-1
108,3,1145.88,937.73,70.49,140.58,0.7298,-1,-1,-1
108,4,1720.88,459.18,74.33,207.02,0.6401,-1,-1,-1
108,5,1356.88,574.92,85.09,221.98,0.4991,-1,-1,-1
108,6,37.18,676.96,78.98,224.09,0.8082,-1,-1,-1
108,13,515.41,223.84,69.21,202.32,0.4524,-1,-1,-1
108,21,385.57,815.95,100.81,263.96,0.8065,-1,-1,-1
108,20,946.44,205.10,59.92,188.64,0.5481,-1,-1,-1
108,25,1162.67,153.27,57.21,169.43,0.3970,-1,-1,-1
109,1,420.06,293.78,83.23,216.04,0.7413,-1,-1,-1
109,2,103.11,545.61,73.50,251.33,0.6548,-1,-1,-1
109,3,1143.88,936.95,70.91,141.93,0.7533,-1,-1,-1
109,4,1721.54,458.82,73.31,206.51,0.6151,-1,-1,-1
109,5,1356.65,575.45,83.62,218.13,0.5245,-1,-1,-1
109,6,38.21,675.99,79.06,225.07,0.8145,-1,-1,-1
109,13,515.88,225.17,67.72,201.14,0.4467,-1,-1,-1
109,21,385.55,811.92,100.05,268.03,0.8131,-1,-1,-1
109,20,945.32,204.97,59.37,188.40,0.6071,-1,-1,-1
109,25,1161.14,152.87,56.23,168.27,0.3705,-1,-1,-1
110,1,419.63,291.79,84.26,217.83,0.7467,-1,-1,-1
110,2,103.08,545.07,73.58,253.85,0.6552,-1,-1,-1
110,3,1141.17,936.55,72.00,142.87,0.7566,-1,-1,-1
110,4,1721.47,459.24,73.56,207.47,0.6224,-1,-1,-1
110,5,1356.68,576.05,84.14,218.09,0.5024,-1,-1,-1
110,6,39.09,673.78,85.82,225.97,0.7994,-1,-1,-1
110,13,514.83,227.14,65.13,198.87,0.4354,-1,-1,-1
110,21,385.99,806.82,98.75,273.12,0.8169,-1,-1,-1
110,20,944.49,205.84,58.02,187.24,0.6181,-1,-1,-1
110,25,1158.73,150.41,56.94,172.49,0.3678,-1,-1,-1
111,1,419.88,289.40,84.76,220.83,0.7341,-1,-1,-1
111,2,102.85,544.79,73.46,255.06,0.6583,-1,-1,-1
111,3,1138.70,935.86,72.77,143.92,0.7606,-1,-1,-1
111,4,1721.79,457.11,73.49,209.67,0.5936,-1,-1,-1
111,5,1356.78,575.95,82.46,214.46,0.5081,-1,-1,-1
111,6,40.92,671.68,89.42,226.16,0.7702,-1,-1,-1
111,13,516.02,227.77,70.68,199.07,0.5173,-1,-1,-1
111,21,387.15,802.29,97.67,277.66,0.8207,-1,-1,-1
111,20,942.76,206.81,58.78,187.11,0.6484,-1,-1,-1
111,25,1155.13,149.53,55.77,171.27,0.3393,-1,-1,-1
112,1,419.49,288.01,84.97,222.31,0.7348,-1,-1,-1
112,2,103.11,544.81,72.91,255.14,0.6414,-1,-1,-1
112,3,1137.80,934.82,72.48,145.15,0.7561,-1,-1,-1
112,4,1721.96,456.61,73.67,210.45,0.6127,-1,-1,-1
112,5,1357.19,575.38,81.53,212.45,0.5605,-1,-1,-1
112,6,43.24,670.36,90.27,226.04,0.7174,-1,-1,-1
112,13,517.24,230.51,72.73,198.21,0.5553,-1,-1,-1
112,21,388.19,799.79,96.47,277.50,0.8148,-1,-1,-1
112,20,940.91,208.95,59.20,185.75,0.6367,-1,-1,-1
112,25,1151.92,149.27,57.75,169.84,0.4271,-1,-1,-1
113,1,420.00,287.05,85.14,223.56,0.7437,-1,-1,-1
113,2,103.56,545.37,72.25,252.98,0.6696,-1,-1,-1
113,3,1135.40,934.27,73.38,145.77,0.7561,-1,-1,-1
113,4,1721.83,459.04,73.76,207.13,0.6321,-1,-1,-1
113,5,1356.86,575.43,82.93,215.24,0.5355,-1,-1,-1
113,6,45.51,669.87,83.99,225.36,0.6615,-1,-1,-1
113,13,518.01,232.92,73.22,198.12,0.5480,-1,-1,-1
113,21,388.37,797.46,95.94,274.42,0.8059,-1,-1,-1
113,20,940.04,210.01,58.34,185.38,0.6518,-1,-1,-1
113,25,1147.53,149.80,61.24,168.02,0.4302,-1,-1,-1
114,1,419.80,286.04,86.60,223.38,0.7351,-1,-1,-1
114,2,103.68,545.40,72.10,251.90,0.6596,-1,-1,-1
114,3,1133.31,933.41,73.32,146.60,0.7547,-1,-1,-1
114,4,1721.79,457.18,73.71,209.59,0.6197,-1,-1,-1
114,5,1356.92,575.35,82.29,215.18,0.5363,-1,-1,-1
114,6,47.91,668.09,82.97,225.94,0.6566,-1,-1,-1
114,13,519.31,234.90,74.01,200.17,0.5681,-1,-1,-1
114,21,388.90,794.27,95.72,272.52,0.8079,-1,-1,-1
114,20,937.56,209.90,58.49,185.54,0.6028,-1,-1,-1
114,25,1137.02,149.51,70.61,167.72,0.3072,-1,-1,-1
115,1,420.10,286.20,86.92,222.77,0.7587,-1,-1,-1
115,2,103.94,545.35,71.55,252.83,0.6313,-1,-1,-1
115,3,1129.84,933.46,74.96,146.55,0.7633,-1,-1,-1
115,4,1721.63,456.88,74.24,210.47,0.6517,-1,-1,-1
115,5,1356.99,575.06,82.66,214.30,0.5490,-1,-1,-1
115,6,52.19,666.08,82.19,226.93,0.6841,-1,-1,-1
115,13,521.09,236.40,74.73,201.02,0.6077,-1,-1,-1
115,21,389.21,790.92,97.18,271.09,0.8049,-1,-1,-1
115,20,936.88,210.57,57.49,184.32,0.6124,-1,-1,-1
116,1,419.71,285.49,87.21,223.42,0.7554,-1,-1,-1
116,2,103.63,546.09,70.99,249.10,0.5932,-1,-1,-1
116,3,1127.06,933.79,75.17,146.18,0.7660,-1,-1,-1
116,4,1721.65,459.37,73.94,207.77,0.6297,-1,-1,-1
116,5,1356.62,574.99,83.51,216.86,0.5442,-1,-1,-1
116,6,57.68,664.71,78.32,222.87,0.6925,-1,-1,-1
116,13,520.69,236.12,74.69,202.45,0.5904,-1,-1,-1
116,21,390.25,788.21,98.16,272.47,0.8108,-1,-1,-1
116,20,935.12,211.14,58.13,182.91,0.5616,-1,-1,-1
116,27,475.20,153.61,60.43,177.53,0.3677,-1,-1,-1
116,25,1120.04,149.48,82.42,168.96,0.3418,-1,-1,-1
117,1,419.79,285.01,87.08,223.80,0.7546,-1,-1,-1
117,2,103.42,545.97,70.80,246.16,0.5549,-1,-1,-1
117,3,1124.53,933.90,75.77,145.67,0.7593,-1,-1,-1
117,4,1721.40,459.57,74.14,207.01,0.6431,-1,-1,-1
117,5,1356.21,575.67,84.46,220.07,0.5567,-1,-1,-1
117,6,65.24,664.31,75.05,218.34,0.7182,-1,-1,-1
117,13,520.67,236.50,74.38,203.28,0.5523,-1,-1,-1
117,21,390.29,786.54,99.40,272.65,0.8087,-1,-1,-1
117,20,934.15,211.14,56.82,181.18,0.5329,-1,-1,-1
117,25,1111.33,147.37,88.10,172.25,0.3494,-1,-1,-1
118,1,420.50,284.65,86.10,223.83,0.7446,-1,-1,-1
118,2,100.35,545.36,73.76,246.43,0.5335,-1,-1,-1
118,3,1121.50,933.88,77.22,145.82,0.7776,-1,-1,-1
118,4,1721.46,459.80,73.96,206.61,0.6523,-1,-1,-1
118,5,1356.45,575.97,83.92,216.02,0.5140,-1,-1,-1
118,6,70.87,665.49,71.99,213.28,0.6107,-1,-1,-1
118,13,520.38,235.97,74.53,206.18,0.5837,-1,-1,-1
118,21,390.29,784.82,100.87,275.30,0.7998,-1,-1,-1
118,20,930.87,211.43,58.43,182.77,0.5609,-1,-1,-1
118,25,1107.43,146.76,89.39,173.09,0.3865,-1,-1,-1
119,1,420.63,284.39,85.63,223.79,0.7466,-1,-1,-1
119,2,99.36,546.09,74.91,252.79,0.5138,-1,-1,-1
119,3,1118.30,933.98,78.06,145.97,0.7949,-1,-1,-1
119,4,1720.93,459.68,74.78,206.77,0.6540,-1,-1,-1
119,5,1356.73,575.85,83.53,217.21,0.4828,-1,-1,-1
119,6,76.06,667.89,71.95,209.59,0.5400,-1,-1,-1
119,13,520.34,237.17,73.26,207.07,0.6031,-1,-1,-1
119,21,391.76,783.55,100.62,275.23,0.8012,-1,-1,-1
119,20,930.29,210.97,56.79,184.98,0.5357,-1,-1,-1
119,25,1104.01,145.88,91.21,174.66,0.4330,-1,-1,-1
120,1,420.90,283.82,85.16,224.35,0.7468,-1,-1,-1
120,2,99.11,545.62,75.12,255.87,0.5082,-1,-1,-1
120,3,1114.77,933.52,78.71,146.47,0.7978,-1,-1,-1
120,4,1720.87,459.85,75.03,206.86,0.6276,-1,-1,-1
120,5,1356.51,576.99,83.26,213.52,0.4812,-1,-1,-1
120,6,81.03,666.53,69.75,207.77,0.5924,-1,-1,-1
120,13,520.97,239.87,71.83,203.97,0.5786,-1,-1,-1
120,21,392.46,782.27,100.65,275.35,0.8033,-1,-1,-1
120,20,929.09,211.20,56.73,186.11,0.5363,-1,-1,-1
120,25,1101.69,145.87,92.53,174.53,0.4382,-1,-1,-1
121,1,421.11,282.23,84.36,225.02,0.7512,-1,-1,-1
121,2,99.78,544.93,74.60,248.95,0.4923,-1,-1,-1
121,3,1110.98,932.86,79.73,147.16,0.7761,-1,-1,-1
121,4,1721.49,457.08,74.30,209.92,0.6353,-1,-1,-1
121,5,1356.50,576.32,82.87,213.00,0.5522,-1,-1,-1
121,6,82.05,664.45,71.67,210.11,0.6927,-1,-1,-1
121,13,521.81,242.33,68.85,200.84,0.5770,-1,-1,-1
121,21,392.82,780.20,100.99,276.63,0.8022,-1,-1,-1
121,20,927.06,211.40,57.30,186.72,0.4909,-1,-1,-1
121,25,1102.02,145.64,88.75,173.96,0.4002,-1,-1,-1
122,1,421.32,281.19,84.14,223.95,0.7521,-1,-1,-1
122,2,101.46,545.97,72.05,221.55,0.4591,-1,-1,-1
122,3,1107.05,932.37,80.46,147.64,0.7837,-1,-1,-1
122,4,1720.68,458.82,75.22,208.00,0.6479,-1,-1,-1
122,5,1356.62,576.18,83.75,215.56,0.4780,-1,-1,-1
122,6,84.29,661.76,74.83,212.54,0.6641,-1,-1,-1
122,13,521.41,242.71,67.06,199.93,0.5996,-1,-1,-1
122,21,392.66,779.21,101.74,277.10,0.7995,-1,-1,-1
122,20,925.95,211.40,56.25,187.04,0.4256,-1,-1,-1
122,25,1103.14,145.21,84.97,173.29,0.3583,-1,-1,-1
122,28,625.73,750.97,57.31,168.85,0.3503,-1,-1,-1
123,1,422.05,280.21,83.21,221.71,0.7330,-1,-1,-1
123,2,102.31,546.10,70.90,210.56,0.4804,-1,-1,-1
123,3,1104.52,931.60,79.96,148.08,0.7825,-1,-1,-1
123,4,1720.82,458.91,75.47,207.91,0.6469,-1,-1,-1
123,5,1356.55,576.41,83.93,213.46,0.5540,-1,-1,-1
123,6,85.39,659.38,76.25,213.98,0.6610,-1,-1,-1
123,13,521.69,244.37,66.37,197.49,0.5734,-1,-1,-1
123,21,392.46,777.91,102.07,277.25,0.7933,-1,-1,-1
123,20,925.28,210.27,56.01,188.49,0.4608,-1,-1,-1
123,25,1104.78,144.68,78.90,173.00,0.3435,-1,-1,-1
123,28,625.53,751.99,57.08,167.72,0.3276,-1,-1,-1
124,1,422.31,279.08,82.66,218.72,0.7284,-1,-1,-1
124,2,102.18,545.31,71.01,212.26,0.3543,-1,-1,-1
124,3,1101.31,930.24,79.84,149.22,0.7832,-1,-1,-1
124,4,1720.73,459.38,75.42,207.12,0.6137,-1,-1,-1
124,5,1356.72,576.36,83.67,214.22,0.5143,-1,-1,-1
124,6,90.85,657.12,72.70,216.14,0.5096,-1,-1,-1
124,13,522.49,244.97,68.14,197.52,0.5242,-1,-1,-1
124,21,393.16,777.34,102.62,275.11,0.7934,-1,-1,-1
124,20,923.06,210.13,56.66,188.64,0.4639,-1,-1,-1
124,25,1104.28,143.51,74.40,172.36,0.3047,-1,-1,-1
125,1,422.76,278.28,81.92,214.95,0.7079,-1,-1,-1
125,2,102.38,545.21,70.67,209.88,0.3387,-1,-1,-1
125,3,1097.70,929.69,80.20,150.00,0.7885,-1,-1,-1
125,4,1720.83,458.45,74.97,208.28,0.6329,-1,-1,-1
125,5,1356.97,575.99,83.24,214.70,0.4869,-1,-1,-1
125,6,96.28,654.01,67.37,219.35,0.4099,-1,-1,-1
125,13,522.85,247.10,67.45,192.67,0.5251,-1,-1,-1
125,21,393.36,775.14,102.18,276.10,0.7895,-1,-1,-1
125,20,921.20,210.45,56.26,188.81,0.4718,-1,-1,-1
125,25,1104.67,141.95,70.43,173.30,0.3247,-1,-1,-1
126,1,422.09,277.38,82.19,213.81,0.7058,-1,-1,-1
126,2,102.46,544.03,70.24,177.43,0.3044,-1,-1,-1
126,3,1094.13,929.13,80.83,150.50,0.8040,-1,-1,-1
126,4,1720.55,458.51,74.99,208.71,0.6346,-1,-1,-1
126,5,1357.40,575.99,82.44,213.15,0.5259,-1,-1,-1
126,13,523.16,248.55,67.58,192.00,0.5492,-1,-1,-1
126,21,393.44,771.11,100.07,278.34,0.8007,-1,-1,-1
126,20,919.81,210.92,54.36,189.14,0.4829,-1,-1,-1
126,25,1104.20,140.94,64.78,172.66,0.3627,-1,-1,-1
127,1,422.59,276.87,81.01,213.34,0.6877,-1,-1,-1
127,2,102.97,544.23,71.96,279.20,0.3014,-1,-1,-1
127,3,1090.80,928.96,82.10,150.97,0.8076,-1,-1,-1
127,4,1720.85,458.92,74.87,207.89,0.6575,-1,-1,-1
127,5,1357.54,576.52,82.56,213.42,0.5202,-1,-1,-1
127,13,523.82,251.36,67.14,189.36,0.5626,-1,-1,-1
127,21,394.06,766.72,97.50,277.39,0.7937,-1,-1,-1
127,20,918.51,210.97,53.69,189.22,0.4226,-1,-1,-1
127,25,1104.48,140.79,58.92,172.78,0.3619,-1,-1,-1
128,1,422.57,276.33,80.26,212.95,0.6688,-1,-1,-1
128,2,102.77,543.86,71.08,212.02,0.3952,-1,-1,-1
128,3,1087.77,928.21,81.74,151.52,0.7922,-1,-1,-1
128,4,1720.87,459.13,75.22,207.29,0.6282,-1,-1,-1
128,5,1357.31,576.67,82.85,214.38,0.5055,-1,-1,-1
128,13,524.61,253.96,65.94,188.44,0.5367,-1,-1,-1
128,21,393.76,762.06,97.65,276.75,0.7918,-1,-1,-1
128,20,915.24,212.01,54.64,189.61,0.4353,-1,-1,-1
128,25,1101.28,140.54,58.57,172.48,0.3974,-1,-1,-1
129,1,420.26,275.63,80.71,215.24,0.6899,-1,-1,-1
129,2,102.67,541.63,71.91,238.87,0.3534,-1,-1,-1
129,3,1085.50,927.66,81.32,151.87,0.7887,-1,-1,-1
129,4,1720.82,458.59,75.05,206.71,0.6354,-1,-1,-1
129,5,1362.46,576.07,79.66,219.05,0.4777,-1,-1,-1
129,13,525.35,255.28,64.56,190.74,0.5923,-1,-1,-1
129,21,395.19,757.35,95.72,272.92,0.7937,-1,-1,-1
129,20,912.24,212.92,55.83,188.11,0.4731,-1,-1,-1
130,1,419.28,274.19,80.94,217.37,0.7042,-1,-1,-1
130,2,102.78,543.05,71.70,244.46,0.5555,-1,-1,-1
130,3,1082.21,926.96,81.90,152.30,0.7803,-1,-1,-1
130,4,1721.21,458.44,74.66,207.46,0.6125,-1,-1,-1
130,5,1360.21,575.70,81.90,218.27,0.4890,-1,-1,-1
130,13,526.86,257.34,62.21,192.22,0.5550,-1,-1,-1
130,21,396.57,754.37,93.90,267.37,0.7504,-1,-1,-1
130,20,906.36,214.06,60.70,187.07,0.4832,-1,-1,-1
131,1,419.95,273.03,80.06,218.50,0.6626,-1,-1,-1
131,2,102.98,543.22,71.64,246.10,0.6451,-1,-1,-1
131,3,1080.34,926.72,81.05,151.73,0.7587,-1,-1,-1
131,4,1721.28,458.87,74.36,207.15,0.6176,-1,-1,-1
131,5,1360.61,576.44,81.47,215.66,0.5041,-1,-1,-1
131,13,527.91,257.82,61.11,197.54,0.5050,-1,-1,-1
131,21,396.36,752.11,93.23,264.41,0.7422,-1,-1,-1
131,20,902.00,214.28,63.29,186.62,0.4995,-1,-1,-1
132,1,419.46,272.76,80.63,219.09,0.6495,-1,-1,-1
132,2,102.76,544.00,72.89,247.68,0.5842,-1,-1,-1
132,3,1079.06,927.11,80.93,151.18,0.7711,-1,-1,-1
132,4,1721.31,459.16,74.28,207.04,0.6174,-1,-1,-1
132,5,1359.86,576.27,81.52,215.33,0.5141,-1,-1,-1
132,13,529.30,254.68,61.83,203.06,0.5009,-1,-1,-1
132,21,394.60,749.83,93.78,265.13,0.7529,-1,-1,-1
132,20,899.91,213.52,66.05,187.43,0.4835,-1,-1,-1
132,25,1090.21,139.71,57.80,169.69,0.3921,-1,-1,-1
133,1,418.82,271.96,81.11,219.60,0.6420,-1,-1,-1
133,2,102.49,544.48,74.02,247.85,0.5375,-1,-1,-1
133,3,1077.57,927.30,80.90,151.09,0.7793,-1,-1,-1
133,4,1721.00,458.86,74.53,206.75,0.6036,-1,-1,-1
133,5,1358.46,576.60,83.03,214.32,0.4921,-1,-1,-1
133,13,530.64,253.77,60.64,206.11,0.5161,-1,-1,-1
133,21,391.58,748.37,96.57,265.16,0.7542,-1,-1,-1
133,20,899.16,211.57,67.33,190.53,0.4768,-1,-1,-1
133,25,1084.04,139.81,59.17,169.50,0.3848,-1,-1,-1
134,1,418.30,272.36,81.25,218.92,0.6426,-1,-1,-1
134,2,102.35,545.00,75.48,240.13,0.5149,-1,-1,-1
134,3,1075.85,927.06,79.55,150.92,0.7850,-1,-1,-1
134,4,1721.08,459.39,74.22,206.87,0.5937,-1,-1,-1
134,5,1358.54,575.97,83.45,216.11,0.4819,-1,-1,-1
134,13,531.53,255.15,58.12,204.48,0.5157,-1,-1,-1
134,21,389.68,747.32,98.08,265.52,0.7698,-1,-1,-1
134,20,898.27,211.79,67.03,190.33,0.4615,-1,-1,-1
134,25,1076.31,139.43,65.45,170.98,0.4332,-1,-1,-1
135,1,416.51,271.34,82.81,219.22,0.6417,-1,-1,-1
135,2,101.70,543.47,77.16,242.24,0.6190,-1,-1,-1
135,3,1074.42,926.49,79.26,151.55,0.7817,-1,-1,-1
135,4,1720.50,458.72,74.87,207.48,0.5994,-1,-1,-1
135,5,1358.25,575.92,84.11,216.95,0.5092,-1,-1,-1
135,13,530.98,258.07,57.70,203.60,0.5556,-1,-1,-1
135,21,389.10,745.46,98.30,267.44,0.7788,-1,-1,-1
135,20,897.93,211.15,66.77,191.27,0.4350,-1,-1,-1
135,25,1062.90,139.98,76.85,172.04,0.4568,-1,-1,-1
135,29,575.79,246.85,54.19,184.73,0.4340,-1,-1,-1
136,1,416.90,270.76,81.93,218.75,0.6724,-1,-1,-1
136,2,101.69,543.83,76.01,240.79,0.6223,-1,-1,-1
136,3,1072.95,926.62,77.68,150.97,0.7888,-1,-1,-1
136,4,1720.94,458.76,74.56,207.97,0.6121,-1,-1,-1
136,5,1360.77,576.63,83.52,219.78,0.4843,-1,-1,-1
136,13,530.58,258.87,57.15,203.12,0.5589,-1,-1,-1
136,21,386.44,744.59,100.87,267.99,0.7918,-1,-1,-1
136,20,897.14,211.87,64.63,189.94,0.4134,-1,-1,-1
136,25,1050.42,140.34,86.82,171.10,0.5634,-1,-1,-1
136,29,576.09,249.34,53.27,185.43,0.5027,-1,-1,-1
137,1,416.14,269.24,82.27,219.08,0.6636,-1,-1,-1
137,2,101.42,544.69,72.91,238.70,0.5724,-1,-1,-1
137,3,1071.27,926.99,77.26,150.25,0.7951,-1,-1,-1
137,4,1721.10,457.78,74.76,208.71,0.6079,-1,-1,-1
137,5,1364.23,577.38,80.40,219.21,0.4571,-1,-1,-1
137,13,531.61,256.98,56.12,204.73,0.5878,-1,-1,-1
137,21,384.65,744.11,102.17,268.19,0.7897,-1,-1,-1
137,20,896.09,211.25,62.52,191.11,0.4159,-1,-1,-1
137,25,1043.89,139.26,91.09,171.40,0.5818,-1,-1,-1
137,29,574.99,250.62,54.67,185.51,0.4581,-1,-1,-1
137,6,132.63,637.91,74.60,210.48,0.4474,-1,-1,-1
138,1,416.00,267.90,82.03,219.38,0.6922,-1,-1,-1
138,2,101.63,545.17,69.09,237.86,0.5974,-1,-1,-1
138,3,1069.82,927.35,76.63,149.87,0.7898,-1,-1,-1
138,4,1721.09,457.71,74.88,209.04,0.6051,-1,-1,-1
138,5,1364.96,577.19,79.90,221.30,0.4475,-1,-1,-1
138,13,532.50,256.46,54.74,203.61,0.5918,-1,-1,-1
138,21,383.38,743.92,102.99,267.88,0.7893,-1,-1,-1
138,20,894.72,211.92,56.70,183.12,0.4602,-1,-1,-1
138,25,1039.28,140.04,94.27,170.38,0.6013,-1,-1,-1
138,29,574.61,251.17,55.41,184.84,0.4441,-1,-1,-1
138,6,134.90,637.71,79.99,209.14,0.4311,-1,-1,-1
139,1,415.69,266.30,81.52,220.47,0.6406,-1,-1,-1
139,2,101.66,545.33,67.59,238.66,0.6166,-1,-1,-1
139,3,1068.44,927.28,76.00,149.43,0.7876,-1,-1,-1
139,4,1720.81,457.69,75.20,209.17,0.6233,-1,-1,-1
139,5,1363.00,576.57,82.70,223.47,0.4683,-1,-1,-1
139,13,532.60,258.40,54.52,201.45,0.5747,-1,-1,-1
139,21,382.70,743.70,102.88,267.24,0.7959,-1,-1,-1
139,20,893.09,210.57,58.85,188.32,0.5239,-1,-1,-1
139,25,1038.25,140.35,94.03,170.76,0.5912,-1,-1,-1
139,29,574.25,251.17,56.10,184.07,0.4394,-1,-1,-1
139,6,138.98,636.23,85.92,208.02,0.4477,-1,-1,-1
140,1,416.81,266.87,80.04,218.11,0.6140,-1,-1,-1
140,2,101.98,545.33,66.04,239.62,0.6185,-1,-1,-1
140,3,1066.75,926.59,76.11,149.61,0.7917,-1,-1,-1
140,4,1720.80,458.12,75.20,208.87,0.6352,-1,-1,-1
140,5,1360.20,576.88,83.69,216.77,0.5493,-1,-1,-1
140,13,532.30,258.41,55.41,202.50,0.6024,-1,-1,-1
140,21,383.28,741.74,102.30,267.24,0.7963,-1,-1,-1
140,20,889.98,210.26,54.68,184.24,0.4706,-1,-1,-1
140,25,1037.45,140.61,93.34,171.03,0.5768,-1,-1,-1
140,29,576.95,251.95,54.66,181.14,0.4521,-1,-1,-1
140,6,143.16,634.14,88.67,206.69,0.4220,-1,-1,-1
141,1,416.66,265.40,79.81,217.25,0.6318,-1,-1,-1
141,2,102.38,545.73,65.92,240.69,0.6445,-1,-1,-1
141,3,1064.86,925.41,75.88,150.97,0.7871,-1,-1,-1
141,4,1720.98,458.22,75.07,208.27,0.6219,-1,-1,-1
141,5,1358.45,575.97,85.46,216.69,0.4985,-1,-1,-1
141,13,532.09,258.31,55.56,202.19,0.6032,-1,-1,-1
141,21,384.09,739.64,100.86,267.30,0.7963,-1,-1,-1
141,20,886.76,209.72,54.72,186.46,0.5441,-1,-1,-1
141,25,1038.79,140.38,89.43,170.46,0.5570,-1,-1,-1
141,29,579.08,250.21,52.50,183.22,0.4784,-1,-1,-1
141,6,145.52,630.28,89.22,207.32,0.5908,-1,-1,-1
141,22,818.16,248.37,57.98,169.37,0.3833,-1,-1,-1
142,1,416.84,264.35,78.87,216.75,0.6327,-1,-1,-1
142,2,103.18,545.93,66.12,241.85,0.6580,-1,-1,-1
142,3,1064.26,924.81,73.84,152.27,0.7774,-1,-1,-1
142,4,1721.29,458.86,74.98,207.36,0.6235,-1,-1,-1
142,5,1357.56,575.88,86.61,217.64,0.4819,-1,-1,-1
142,13,531.96,257.66,55.63,202.92,0.5994,-1,-1,-1
142,21,385.97,737.45,98.06,267.93,0.7917,-1,-1,-1
142,20,883.57,208.76,54.49,187.04,0.5159,-1,-1,-1
142,25,1038.03,140.49,88.20,169.43,0.5949,-1,-1,-1
142,29,580.62,250.15,52.31,182.59,0.4965,-1,-1,-1
142,6,148.78,628.87,86.14,205.38,0.5432,-1,-1,-1
143,1,415.57,260.41,78.73,220.17,0.6328,-1,-1,-1
143,2,103.62,545.61,66.59,241.77,0.6746,-1,-1,-1
143,3,1063.13,923.78,72.60,152.93,0.7622,-1,-1,-1
143,4,1721.31,459.05,74.91,207.08,0.6333,-1,-1,-1
143,5,1357.67,575.79,86.34,217.74,0.4816,-1,-1,-1
143,13,531.30,257.65,55.92,203.02,0.5946,-1,-1,-1
143,21,387.65,734.78,95.77,266.33,0.8025,-1,-1,-1
143,20,881.43,207.29,53.76,188.51,0.4785,-1,-1,-1
143,25,1039.25,138.58,84.65,171.01,0.5702,-1,-1,-1
143,29,581.38,248.27,53.14,185.73,0.4530,-1,-1,-1
143,6,150.11,628.78,86.55,207.12,0.6519,-1,-1,-1
144,1,414.89,259.31,79.56,218.34,0.6323,-1,-1,-1
144,2,103.57,545.68,67.47,241.61,0.6866,-1,-1,-1
144,3,1061.98,923.12,70.96,153.47,0.7572,-1,-1,-1
144,4,1721.52,459.56,74.67,207.01,0.6214,-1,-1,-1
144,5,1358.11,575.90,85.97,217.31,0.4981,-1,-1,-1
144,13,530.80,259.15,56.96,202.90,0.6042,-1,-1,-1
144,21,388.90,731.56,94.07,263.21,0.7948,-1,-1,-1
144,20,878.16,206.83,55.98,188.67,0.4732,-1,-1,-1
144,25,1039.57,137.12,81.04,171.63,0.4549,-1,-1,-1
144,29,582.09,251.24,54.91,183.92,0.4934,-1,-1,-1
144,6,153.30,629.57,83.65,206.99,0.6813,-1,-1,-1
145,1,415.89,259.26,78.27,213.16,0.6204,-1,-1,-1
145,2,103.79,545.75,68.48,242.71,0.7088,-1,-1,-1
145,3,1060.72,922.78,68.73,153.82,0.7582,-1,-1,-1
145,4,1721.58,459.40,74.34,206.71,0.6099,-1,-1,-1
145,5,1358.04,575.99,85.16,215.02,0.5396,-1,-1,-1
145,13,530.02,259.40,56.75,202.74,0.5953,-1,-1,-1
145,21,391.57,729.54,91.69,258.21,0.7985,-1,-1,-1
145,20,873.47,207.05,59.81,186.77,0.5442,-1,-1,-1
145,25,1039.76,136.48,73.43,171.79,0.4216,-1,-1,-1
145,29,583.07,252.20,55.03,183.95,0.5289,-1,-1,-1
145,6,157.21,627.70,79.14,210.37,0.7007,-1,-1,-1
146,1,414.99,254.56,77.21,216.99,0.6393,-1,-1,-1
146,2,103.76,545.90,69.20,242.86,0.7156,-1,-1,-1
146,3,1058.73,921.87,66.89,156.00,0.7412,-1,-1,-1
146,4,1721.80,459.52,74.22,207.29,0.6137,-1,-1,-1
146,5,1357.78,575.52,85.28,217.24,0.5126,-1,-1,-1
146,13,530.23,259.38,57.25,204.29,0.5935,-1,-1,-1
146,21,393.03,726.68,91.00,253.39,0.7770,-1,-1,-1
146,20,871.96,206.49,59.85,185.85,0.4901,-1,-1,-1
146,25,1039.96,136.25,66.75,171.31,0.4843,-1,-1,-1
146,29,584.58,253.66,53.84,186.09,0.5108,-1,-1,-1
146,6,159.35,625.00,77.29,213.09,0.7110,-1,-1,-1
147,1,414.47,253.12,77.39,218.55,0.6465,-1,-1,-1
147,2,103.91,546.17,69.49,241.90,0.7131,-1,-1,-1
147,3,1057.08,921.22,64.00,157.25,0.7264,-1,-1,-1
147,4,1721.62,459.07,74.68,207.32,0.6268,-1,-1,-1
147,5,1358.16,574.75,84.83,217.46,0.5407,-1,-1,-1
147,13,530.25,260.04,56.86,205.87,0.6095,-1,-1,-1
147,21,394.02,720.66,91.01,254.87,0.7796,-1,-1,-1
147,20,869.49,205.84,61.39,185.35,0.4783,-1,-1,-1
147,25,1039.57,135.42,62.34,171.20,0.4764,-1,-1,-1
147,29,584.97,254.67,54.20,187.83,0.5380,-1,-1,-1
147,6,161.16,621.19,75.99,215.32,0.6894,-1,-1,-1
148,1,414.01,252.43,77.90,219.05,0.6339,-1,-1,-1
148,2,103.80,545.75,70.19,242.09,0.7135,-1,-1,-1
148,3,1055.24,919.86,62.75,157.48,0.7273,-1,-1,-1
148,4,1721.53,458.59,74.82,208.33,0.6466,-1,-1,-1
148,5,1357.90,575.16,84.09,216.54,0.5588,-1,-1,-1
148,13,530.29,261.21,58.45,206.77,0.5946,-1,-1,-1
148,21,394.55,717.38,91.71,254.95,0.7777,-1,-1,-1
148,20,866.86,204.82,62.88,190.54,0.4446,-1,-1,-1
148,25,1038.22,134.87,57.56,171.29,0.4424,-1,-1,-1
148,29,585.68,255.45,54.23,188.71,0.4954,-1,-1,-1
148,6,163.89,617.57,75.59,215.43,0.7078,-1,-1,-1
149,1,415.41,255.27,77.22,215.08,0.6248,-1,-1,-1
149,2,103.88,545.75,70.30,241.79,0.7151,-1,-1,-1
149,3,1054.04,918.50,62.15,158.70,0.7264,-1,-1,-1
149,4,1721.24,458.84,74.52,207.73,0.6218,-1,-1,-1
149,5,1357.88,575.29,84.52,215.68,0.5452,-1,-1,-1
149,13,530.86,262.82,59.01,206.38,0.6301,-1,-1,-1
149,21,395.81,713.23,92.66,258.33,0.7879,-1,-1,-1
149,20,865.40,204.40,62.38,192.23,0.4432,-1,-1,-1
149,25,1036.84,135.29,54.33,169.61,0.3608,-1,-1,-1
149,29,586.37,256.16,54.65,189.76,0.4500,-1,-1,-1
149,6,167.85,615.01,73.38,214.97,0.6958,-1,-1,-1
150,1,416.08,256.03,76.94,213.75,0.6198,-1,-1,-1
150,2,103.64,545.67,70.64,242.78,0.7131,-1,-1,-1
150,3,1052.26,916.79,61.26,160.97,0.7368,-1,-1,-1
150,4,1721.23,458.62,74.59,208.09,0.6385,-1,-1,-1
150,5,1357.19,574.98,85.31,216.83,0.5402,-1,-1,-1
150,13,531.22,264.75,58.09,207.40,0.6155,-1,-1,-1
150,21,395.21,710.66,95.46,261.48,0.7855,-1,-1,-1
150,20,864.93,205.10,63.01,192.61,0.4056,-1,-1,-1
150,25,1033.90,134.48,55.17,171.55,0.4901,-1,-1,-1
150,29,586.99,256.89,55.16,190.57,0.4352,-1,-1,-1
150,6,174.27,613.59,67.72,214.01,0.6570,-1,-1,-1
151,1,416.72,255.61,75.77,214.18,0.6157,-1,-1,-1
151,2,103.37,546.38,71.19,243.36,0.7216,-1,-1,-1
151,3,1051.10,914.29,60.69,163.30,0.7371,-1,-1,-1
151,4,1721.82,458.45,73.51,207.68,0.6249,-1,-1,-1
151,5,1363.73,574.28,79.13,222.20,0.4863,-1,-1,-1
151,13,531.32,265.95,56.85,208.97,0.6117,-1,-1,-1
151,21,395.99,709.56,95.71,262.71,0.7809,-1,-1,-1
151,20,863.89,205.04,62.94,191.56,0.4592,-1,-1,-1
151,25,1030.64,132.76,55.97,173.08,0.4879,-1,-1,-1
151,29,587.84,259.27,55.14,190.81,0.4180,-1,-1,-1
151,6,179.93,611.68,68.14,214.84,0.6707,-1,-1,-1
151,28,625.37,751.18,57.18,167.18,0.3577,-1,-1,-1
152,1,417.19,255.06,75.42,214.91,0.6061,-1,-1,-1
152,2,102.86,546.86,72.11,243.10,0.7175,-1,-1,-1
152,3,1049.55,913.44,60.16,164.47,0.7421,-1,-1,-1
152,4,1721.87,458.16,73.61,208.30,0.6152,-1,-1,-1
152,5,1361.52,576.03,80.65,216.20,0.5299,-1,-1,-1
152,13,531.80,270.50,54.98,206.61,0.5926,-1,-1,-1
152,21,396.57,707.80,97.12,264.13,0.7669,-1,-1,-1
152,20,863.00,205.54,62.87,190.67,0.5191,-1,-1,-1
152,25,1025.96,130.74,58.26,172.64,0.4077,-1,-1,-1
152,29,588.56,260.63,55.44,191.21,0.4119,-1,-1,-1
152,6,182.93,610.19,67.35,216.01,0.6899,-1,-1,-1
152,28,624.86,751.63,56.77,166.58,0.4327,-1,-1,-1
153,1,417.37,254.26,74.62,215.42,0.5831,-1,-1,-1
153,2,103.36,547.68,71.61,244.74,0.7265,-1,-1,-1
153,3,1047.75,912.31,60.03,166.31,0.7304,-1,-1,-1
153,4,1721.67,457.65,73.80,208.85,0.6099,-1,-1,-1
153,5,1360.86,575.62,80.57,215.83,0.5163,-1,-1,-1
153,13,531.79,274.27,54.64,203.25,0.5870,-1,-1,-1
153,21,396.65,707.91,98.75,264.20,0.7589,-1,-1,-1
153,20,861.73,204.92,63.46,191.39,0.4964,-1,-1,-1
153,25,1023.02,131.47,59.23,171.33,0.4118,-1,-1,-1
153,29,590.94,266.09,53.80,185.22,0.3229,-1,-1,-1
153,6,185.32,609.94,68.50,215.61,0.7364,-1,-1,-1
153,28,625.56,751.35,55.27,166.78,0.4101,-1,-1,-1
154,1,415.82,253.24,75.20,216.41,0.6003,-1,-1,-1
154,2,103.74,547.40,71.40,245.84,0.7199,-1,-1,-1
154,3,1046.63,911.63,59.31,167.51,0.7146,-1,-1,-1
154,4,1721.65,459.19,73.66,207.07,0.5869,-1,-1,-1
154,5,1360.27,576.29,81.32,215.54,0.5207,-1,-1,-1
154,13,532.45,276.77,54.39,200.98,0.5632,-1,-1,-1
154,21,396.90,708.03,100.10,263.58,0.7634,-1,-1,-1
154,20,860.07,205.13,64.19,191.39,0.5085,-1,-1,-1
154,25,1017.76,131.47,61.60,171.71,0.3510,-1,-1,-1
154,6,188.07,610.12,68.52,214.36,0.7530,-1,-1,-1
154,28,625.06,751.79,57.00,167.27,0.3307,-1,-1,-1
155,1,415.83,251.89,74.54,217.92,0.6029,-1,-1,-1
155,2,103.15,546.27,71.57,247.36,0.6968,-1,-1,-1
155,3,1044.95,911.04,59.27,168.01,0.7279,-1,-1,-1
155,4,1722.35,459.17,72.98,206.84,0.5962,-1,-1,-1
155,5,1359.72,576.35,82.12,213.74,0.5691,-1,-1,-1
155,13,532.60,278.69,55.22,198.76,0.5144,-1,-1,-1
155,21,397.64,706.01,101.48,265.30,0.7629,-1,-1,-1
155,20,857.61,205.12,65.69,189.92,0.5120,-1,-1,-1
155,25,1004.90,132.30,71.37,172.50,0.3938,-1,-1,-1
155,6,192.31,610.19,67.32,213.55,0.7611,-1,-1,-1
155,28,625.57,751.56,56.01,166.74,0.3380,-1,-1,-1
156,1,416.44,251.42,74.56,215.61,0.6179,-1,-1,-1
156,2,102.70,545.72,71.97,247.54,0.6976,-1,-1,-1
156,3,1043.06,910.45,59.71,169.30,0.7072,-1,-1,-1
156,4,1722.38,459.54,73.05,206.04,0.5857,-1,-1,-1
156,5,1358.18,578.14,82.37,212.22,0.5199,-1,-1,-1
156,13,532.60,276.19,56.31,200.52,0.4659,-1,-1,-1
156,21,398.31,703.05,101.13,266.53,0.7607,-1,-1,-1
156,20,855.75,204.42,66.91,188.42,0.5456,-1,-1,-1
156,25,995.39,133.25,77.46,171.88,0.4380,-1,-1,-1
156,6,195.11,608.93,67.18,213.86,0.7525,-1,-1,-1
157,1,416.53,251.46,74.28,213.76,0.6182,-1,-1,-1
157,2,102.69,545.76,72.19,247.39,0.6958,-1,-1,-1
157,3,1041.70,909.93,59.49,169.71,0.7011,-1,-1,-1
157,4,1722.67,459.96,72.70,205.66,0.5926,-1,-1,-1
157,5,1357.26,578.65,82.97,210.90,0.5215,-1,-1,-1
157,13,532.55,275.10,56.88,199.52,0.4364,-1,-1,-1
157,21,399.29,703.70,100.56,264.97,0.7720,-1,-1,-1
157,20,855.22,203.41,66.98,185.78,0.5671,-1,-1,-1
157,25,988.80,133.60,81.30,171.64,0.4656,-1,-1,-1
157,6,197.70,608.15,66.55,214.42,0.7420,-1,-1,-1
158,1,416.86,249.75,75.50,214.94,0.6446,-1,-1,-1
158,2,102.53,546.17,72.25,246.75,0.6986,-1,-1,-1
158,3,1039.43,909.54,61.31,170.42,0.7158,-1,-1,-1
158,4,1722.30,459.98,73.31,206.27,0.6106,-1,-1,-1
158,5,1357.02,577.84,83.21,210.58,0.5366,-1,-1,-1
158,13,530.90,273.36,59.51,200.02,0.4534,-1,-1,-1
158,21,399.22,703.76,99.24,262.79,0.7844,-1,-1,-1
158,20,853.29,201.85,68.20,184.75,0.5558,-1,-1,-1
158,25,986.51,132.78,82.09,172.11,0.3917,-1,-1,-1
158,6,199.08,606.93,65.70,213.34,0.7153,-1,-1,-1
159,1,417.61,249.78,75.65,212.88,0.6106,-1,-1,-1
159,2,102.57,546.32,72.15,246.76,0.6950,-1,-1,-1
159,3,1037.66,908.76,61.47,170.80,0.6983,-1,-1,-1
159,4,1722.33,461.19,73.42,205.07,0.6000,-1,-1,-1
159,5,1356.60,578.37,84.22,211.84,0.5145,-1,-1,-1
159,13,528.36,278.52,62.58,195.74,0.4321,-1,-1,-1
159,21,401.56,702.94,93.91,260.96,0.7611,-1,-1,-1
159,20,851.29,200.64,69.55,187.87,0.5482,-1,-1,-1
159,25,983.83,133.07,82.95,171.55,0.4133,-1,-1,-1
159,6,200.44,604.84,65.54,212.90,0.6951,-1,-1,-1
160,1,418.32,248.17,74.80,213.81,0.6440,-1,-1,-1
160,2,102.48,546.78,71.95,246.53,0.6985,-1,-1,-1
160,3,1036.79,908.68,60.97,171.29,0.6799,-1,-1,-1
160,4,1721.72,461.38,73.62,204.80,0.5705,-1,-1,-1
160,5,1356.90,579.19,85.64,216.05,0.4776,-1,-1,-1
160,13,526.97,284.23,64.40,191.34,0.4709,-1,-1,-1
160,21,401.94,698.93,92.64,258.03,0.7656,-1,-1,-1
160,20,850.77,199.16,69.36,191.05,0.5134,-1,-1,-1
160,25,980.75,132.69,84.13,170.42,0.4722,-1,-1,-1
160,6,201.81,602.81,65.32,214.75,0.7002,-1,-1,-1
161,1,417.99,247.01,76.00,212.24,0.6232,-1,-1,-1
161,2,102.37,546.69,72.03,247.15,0.6866,-1,-1,-1
161,3,1034.14,908.12,62.28,171.92,0.6929,-1,-1,-1
161,4,1721.83,461.12,73.51,205.52,0.5775,-1,-1,-1
161,5,1357.05,579.74,85.18,216.32,0.5265,-1,-1,-1
161,13,526.03,286.90,67.37,190.62,0.4184,-1,-1,-1
161,21,402.50,693.60,91.40,254.25,0.7744,-1,-1,-1
161,20,849.98,197.00,69.76,191.21,0.4850,-1,-1,-1
161,25,980.23,132.51,83.31,170.41,0.4897,-1,-1,-1
161,6,206.17,599.65,61.91,213.74,0.6675,-1,-1,-1
162,1,418.59,246.19,75.97,210.71,0.6233,-1,-1,-1
162,2,102.09,546.43,71.86,247.77,0.6726,-1,-1,-1
162,3,1032.87,907.37,61.92,172.71,0.7115,-1,-1,-1
162,4,1721.91,461.62,73.40,205.53,0.5775,-1,-1,-1
162,5,1361.49,578.18,82.37,221.82,0.4897,-1,-1,-1
162,21,403.14,688.84,91.20,253.59,0.7652,-1,-1,-1
162,20,849.28,195.93,69.56,191.07,0.4876,-1,-1,-1
162,25,980.13,133.38,81.23,169.88,0.3936,-1,-1,-1
162,6,210.48,598.21,61.33,209.19,0.6741,-1,-1,-1
163,1,418.68,244.96,77.14,209.79,0.6178,-1,-1,-1
163,2,102.21,546.42,72.11,247.86,0.6631,-1,-1,-1
163,3,1031.36,906.47,62.33,173.61,0.6839,-1,-1,-1
163,4,1721.76,461.04,73.63,206.41,0.5791,-1,-1,-1
163,5,1358.56,579.33,86.64,224.28,0.5055,-1,-1,-1
163,21,403.51,684.64,90.55,254.82,0.7710,-1,-1,-1
163,20,849.50,194.61,69.02,188.89,0.4677,-1,-1,-1
163,25,980.82,131.03,77.75,172.56,0.3591,-1,-1,-1
163,6,212.97,595.89,61.85,207.95,0.6715,-1,-1,-1
163,13,521.09,289.70,70.66,193.98,0.3767,-1,-1,-1
164,1,418.24,244.26,78.19,208.58,0.6263,-1,-1,-1
164,2,102.07,546.52,71.93,247.27,0.6805,-1,-1,-1
164,3,1030.07,906.86,61.27,172.80,0.7307,-1,-1,-1
164,4,1721.64,460.76,73.86,206.65,0.5990,-1,-1,-1
164,5,1357.58,579.84,87.66,223.32,0.4790,-1,-1,-1
164,21,402.91,682.15,91.22,254.57,0.7738,-1,-1,-1
164,20,851.21,192.50,69.02,193.16,0.4605,-1,-1,-1
164,25,981.92,129.23,72.32,172.61,0.3058,-1,-1,-1
164,6,215.28,594.01,62.57,208.83,0.7065,-1,-1,-1
164,13,519.72,290.85,72.24,194.72,0.3107,-1,-1,-1
165,1,418.45,242.60,78.88,209.58,0.6170,-1,-1,-1
165,2,102.17,546.36,71.71,246.90,0.6766,-1,-1,-1
165,3,1028.55,907.37,61.02,172.15,0.7265,-1,-1,-1
165,4,1721.69,460.42,74.17,206.53,0.5945,-1,-1,-1
165,5,1357.61,580.71,86.70,219.95,0.5013,-1,-1,-1
165,21,401.46,680.15,93.01,255.89,0.7917,-1,-1,-1
165,20,852.51,191.49,68.66,194.26,0.4859,-1,-1,-1
165,6,214.55,592.13,64.38,209.27,0.7327,-1,-1,-1
166,1,418.80,241.57,77.15,210.16,0.5914,-1,-1,-1
166,2,102.04,546.21,71.55,246.89,0.6849,-1,-1,-1
166,3,1026.65,907.31,61.49,172.16,0.6855,-1,-1,-1
166,4,1722.00,460.67,73.53,206.95,0.6247,-1,-1,-1
166,5,1357.33,580.36,85.20,216.39,0.5031,-1,-1,-1
166,21,400.20,678.52,94.00,258.22,0.7914,-1,-1,-1
166,20,852.60,190.92,69.10,192.26,0.4911,-1,-1,-1
166,6,215.63,590.45,68.75,211.00,0.7025,-1,-1,-1
167,1,418.72,240.49,76.53,211.72,0.5753,-1,-1,-1
167,2,101.86,546.30,71.90,247.21,0.6872,-1,-1,-1
167,3,1024.01,906.68,63.47,172.94,0.6849,-1,-1,-1
167,4,1722.27,460.47,72.96,207.05,0.6082,-1,-1,-1
167,5,1356.87,579.75,85.02,217.54,0.4910,-1,-1,-1
167,21,400.03,675.65,93.60,260.23,0.7967,-1,-1,-1
167,20,852.89,190.59,69.43,189.45,0.4849,-1,-1,-1
167,6,215.83,589.32,72.91,213.36,0.7071,-1,-1,-1
168,1,418.02,239.49,76.87,213.01,0.5939,-1,-1,-1
168,2,101.81,546.53,72.17,247.02,0.6861,-1,-1,-1
168,3,1021.42,906.90,64.62,172.44,0.7042,-1,-1,-1
168,4,1721.87,459.25,73.45,208.76,0.6115,-1,-1,-1
168,5,1357.27,579.05,83.26,217.38,0.4972,-1,-1,-1
168,21,399.02,674.94,94.26,260.87,0.7840,-1,-1,-1
168,20,853.07,190.68,69.94,190.14,0.5117,-1,-1,-1
168,6,217.81,589.04,77.16,212.57,0.7157,-1,-1,-1
169,1,418.20,238.58,77.82,213.80,0.6112,-1,-1,-1
169,2,101.58,545.82,72.90,248.27,0.6516,-1,-1,-1
169,3,1020.18,907.81,64.91,171.27,0.7078,-1,-1,-1
169,4,1721.65,459.77,73.72,208.22,0.6104,-1,-1,-1
169,5,1357.19,578.90,84.81,217.87,0.4622,-1,-1,-1
169,21,399.12,674.02,94.52,260.86,0.7770,-1,-1,-1
169,20,852.69,190.45,70.83,189.17,0.5304,-1,-1,-1
169,6,220.40,588.55,77.90,213.22,0.6902,-1,-1,-1
170,1,418.04,237.78,78.33,214.98,0.6154,-1,-1,-1
170,2,101.45,546.33,73.51,247.07,0.6539,-1,-1,-1
170,3,1018.57,908.37,63.48,171.17,0.7220,-1,-1,-1
170,4,1721.20,460.42,74.23,207.66,0.6201,-1,-1,-1
170,5,1364.73,577.82,78.09,220.40,0.4458,-1,-1,-1
170,21,399.79,673.06,93.30,260.93,0.7748,-1,-1,-1
170,20,854.94,189.74,68.85,188.50,0.5096,-1,-1,-1
170,6,221.40,588.27,76.37,213.67,0.6627,-1,-1,-1
170,13,523.47,291.08,66.62,202.79,0.3580,-1,-1,-1
171,1,417.75,237.74,78.63,215.15,0.6221,-1,-1,-1
171,2,101.28,546.42,74.50,247.34,0.6602,-1,-1,-1
171,3,1017.58,908.92,62.06,170.94,0.7228,-1,-1,-1
171,4,1721.47,459.98,74.15,208.12,0.6031,-1,-1,-1
171,5,1365.79,577.25,76.77,221.91,0.4551,-1,-1,-1
171,21,400.04,672.23,92.68,260.25,0.7746,-1,-1,-1
171,20,858.53,191.53,64.13,184.46,0.4111,-1,-1,-1
171,6,220.78,588.13,76.57,213.14,0.6914,-1,-1,-1
171,13,525.52,294.86,63.02,199.37,0.4481,-1,-1,-1
172,1,417.66,237.53,78.52,216.44,0.6276,-1,-1,-1
172,2,100.68,546.63,74.44,246.41,0.6623,-1,-1,-1
172,3,1015.95,909.66,61.58,169.95,0.7436,-1,-1,-1
172,4,1721.72,460.27,73.93,207.58,0.5985,-1,-1,-1
172,5,1360.31,578.14,81.39,217.62,0.4744,-1,-1,-1
172,21,400.43,670.58,91.95,259.92,0.7812,-1,-1,-1
172,20,859.80,190.36,65.05,185.10,0.5030,-1,-1,-1
172,6,219.94,586.94,77.50,213.65,0.6431,-1,-1,-1
172,13,526.04,292.68,61.66,201.78,0.4288,-1,-1,-1
173,1,417.77,237.07,78.34,216.61,0.6146,-1,-1,-1
173,2,100.87,546.28,74.14,246.91,0.6574,-1,-1,-1
173,3,1013.15,909.99,62.30,169.60,0.7341,-1,-1,-1
173,4,1721.27,460.73,74.33,206.71,0.5928,-1,-1,-1
173,5,1358.41,578.55,82.48,215.20,0.5034,-1,-1,-1
173,21,402.40,668.61,89.39,259.31,0.7742,-1,-1,-1
173,20,860.56,189.02,65.76,186.45,0.4489,-1,-1,-1
173,6,219.96,584.15,77.03,215.14,0.6587,-1,-1,-1
173,13,522.77,295.11,64.59,199.67,0.3301,-1,-1,-1
174,1,417.62,236.51,77.71,217.21,0.6205,-1,-1,-1
174,2,100.47,546.68,74.20,246.66,0.6518,-1,-1,-1
174,3,1010.43,911.24,63.12,168.60,0.7399,-1,-1,-1
174,4,1721.20,459.84,74.35,207.68,0.5966,-1,-1,-1
174,5,1357.62,578.95,82.71,212.40,0.4983,-1,-1,-1
174,21,404.88,666.64,86.67,259.67,0.7818,-1,-1,-1
174,20,861.48,186.75,65.37,186.55,0.4383,-1,-1,-1
174,6,222.24,583.03,76.00,214.03,0.6752,-1,-1,-1
174,13,522.66,294.40,65.91,200.72,0.4238,-1,-1,-1
174,30,752.88,261.55,55.88,192.36,0.3572,-1,-1,-1
175,1,417.11,235.71,77.32,216.78,0.6517,-1,-1,-1
175,2,100.15,546.63,74.04,246.37,0.6572,-1,-1,-1
175,3,1007.30,912.70,63.75,167.23,0.7263,-1,-1,-1
175,4,1721.57,459.87,73.78,207.89,0.5931,-1,-1,-1
175,5,1357.44,578.85,83.17,209.59,0.5184,-1,-1,-1
175,21,406.10,663.86,85.63,260.85,0.8043,-1,-1,-1
175,20,862.81,185.87,65.61,183.62,0.4610,-1,-1,-1
175,6,225.04,579.77,72.30,214.35,0.6874,-1,-1,-1
175,13,522.05,293.83,66.42,200.85,0.3845,-1,-1,-1
175,30,752.62,261.12,56.80,194.81,0.4064,-1,-1,-1
176,1,417.08,233.42,76.20,217.79,0.6333,-1,-1,-1
176,2,100.14,546.84,73.45,246.43,0.6576,-1,-1,-1
176,3,1005.82,913.16,62.87,166.85,0.7290,-1,-1,-1
176,4,1721.48,459.63,73.53,208.22,0.5885,-1,-1,-1
176,5,1357.36,578.90,82.68,207.59,0.5145,-1,-1,-1
176,21,407.05,659.60,83.98,259.62,0.7913,-1,-1,-1
176,20,863.16,184.39,66.08,185.03,0.5037,-1,-1,-1
176,6,227.06,577.23,69.39,213.56,0.6685,-1,-1,-1
176,13,514.29,252.79,76.22,242.72,0.3236,-1,-1,-1
176,30,753.00,261.80,56.10,196.25,0.4104,-1,-1,-1
176,25,939.53,123.10,77.27,175.13,0.3969,-1,-1,-1
177,1,416.89,232.77,75.33,217.93,0.6375,-1,-1,-1
177,2,100.13,546.90,73.23,246.08,0.6565,-1,-1,-1
177,3,1004.56,913.19,63.08,165.31,0.7308,-1,-1,-1
177,4,1721.24,459.68,73.93,208.13,0.5823,-1,-1,-1
177,5,1357.17,578.94,83.05,209.21,0.4843,-1,-1,-1
177,21,408.10,654.79,82.66,255.14,0.7858,-1,-1,-1
177,20,864.01,182.28,66.58,185.08,0.5223,-1,-1,-1
177,6,227.70,575.28,68.35,211.90,0.6766,-1,-1,-1
177,13,515.89,250.02,74.41,245.07,0.3778,-1,-1,-1
177,30,752.57,261.40,56.53,198.57,0.3569,-1,-1,-1
177,25,936.69,123.60,77.89,173.46,0.3620,-1,-1,-1
178,1,416.48,231.09,74.71,215.91,0.6172,-1,-1,-1
178,2,100.14,547.04,72.24,245.08,0.6539,-1,-1,-1
178,3,1003.73,913.33,62.45,164.71,0.7206,-1,-1,-1
178,4,1721.33,460.08,73.83,207.75,0.5631,-1,-1,-1
178,5,1356.87,578.04,83.31,211.41,0.4804,-1,-1,-1
178,21,407.27,650.85,83.90,251.82,0.7857,-1,-1,-1
178,20,864.85,180.96,66.79,184.76,0.4978,-1,-1,-1
178,6,228.20,573.45,67.62,208.19,0.6069,-1,-1,-1
178,13,520.12,275.30,68.59,219.66,0.4454,-1,-1,-1
178,30,752.10,266.19,57.03,196.14,0.4084,-1,-1,-1
178,31,0.07,615.71,91.12,228.58,0.3779,-1,-1,-1
179,1,415.86,228.59,73.70,215.93,0.5930,-1,-1,-1
179,2,100.70,546.22,71.05,246.41,0.6507,-1,-1,-1
179,3,1002.67,913.58,60.78,164.66,0.7161,-1,-1,-1
179,4,1721.38,460.46,73.45,207.25,0.5469,-1,-1,-1
179,5,1357.01,577.61,83.81,216.92,0.5050,-1,-1,-1
179,21,407.60,648.61,84.61,249.99,0.7860,-1,-1,-1
179,20,865.87,180.33,67.00,184.04,0.4839,-1,-1,-1
179,6,227.90,571.50,68.16,207.50,0.6183,-1,-1,-1
179,13,521.91,289.58,65.46,204.65,0.4350,-1,-1,-1
179,30,751.10,270.26,58.33,194.38,0.4042,-1,-1,-1
179,31,-0.00,617.91,95.72,229.75,0.5217,-1,-1,-1
179,29,606.87,278.66,58.25,192.07,0.3478,-1,-1,-1
180,1,414.81,227.56,74.38,213.29,0.6236,-1,-1,-1
180,2,100.82,546.08,70.21,246.29,0.6557,-1,-1,-1
180,3,1000.97,913.38,60.05,165.17,0.7209,-1,-1,-1
180,4,1721.76,460.18,73.25,207.95,0.5274,-1,-1,-1
180,5,1357.42,577.19,82.38,212.77,0.5125,-1,-1,-1
180,21,408.89,647.71,85.48,248.79,0.7905,-1,-1,-1
180,20,866.96,180.80,67.53,184.29,0.5042,-1,-1,-1
180,6,229.01,570.07,68.02,207.08,0.5864,-1,-1,-1
180,13,524.72,293.30,62.20,203.23,0.5224,-1,-1,-1
180,30,750.54,272.87,59.15,193.05,0.4176,-1,-1,-1
180,31,0.57,618.17,85.23,223.22,0.5042,-1,-1,-1
180,29,607.18,278.61,57.90,193.73,0.3532,-1,-1,-1
181,1,414.69,227.10,74.05,210.71,0.5963,-1,-1,-1
181,2,100.85,545.50,69.85,247.79,0.6546,-1,-1,-1
181,3,998.74,914.32,59.75,164.68,0.7208,-1,-1,-1
181,4,1721.76,459.21,73.75,209.37,0.5129,-1,-1,-1
181,5,1357.36,577.39,83.44,214.89,0.4994,-1,-1,-1
181,21,409.60,646.30,87.19,248.91,0.7886,-1,-1,-1
181,20,868.51,179.17,67.27,184.10,0.5017,-1,-1,-1
181,6,229.84,569.02,68.44,205.85,0.5737,-1,-1,-1
181,13,526.85,298.83,59.72,200.39,0.5467,-1,-1,-1
181,30,750.91,273.96,57.98,192.84,0.4249,-1,-1,-1
181,31,0.85,617.76,79.88,223.83,0.4732,-1,-1,-1
181,29,607.13,278.99,58.57,200.06,0.3080,-1,-1,-1
182,1,414.90,226.60,74.05,208.58,0.5808,-1,-1,-1
182,2,101.03,545.70,69.52,247.31,0.6712,-1,-1,-1
182,3,996.94,915.70,58.54,163.05,0.7356,-1,-1,-1
182,4,1722.16,459.20,73.01,209.23,0.5284,-1,-1,-1
182,5,1357.36,576.66,84.08,222.41,0.4785,-1,-1,-1
182,21,409.06,645.10,89.54,249.99,0.7844,-1,-1,-1
182,20,867.79,177.71,71.14,185.73,0.5388,-1,-1,-1
182,6,231.35,567.60,65.59,203.94,0.5869,-1,-1,-1
182,13,526.29,297.39,60.36,200.59,0.4856,-1,-1,-1
182,30,751.15,275.28,57.73,193.42,0.3596,-1,-1,-1
182,31,1.32,618.69,98.36,234.99,0.6071,-1,-1,-1
183,1,416.14,228.03,72.89,206.53,0.5794,-1,-1,-1
183,2,101.15,545.90,69.28,247.76,0.6819,-1,-1,-1
183,3,995.66,916.22,58.20,162.21,0.7283,-1,-1,-1
183,4,1722.37,459.35,72.69,208.77,0.5237,-1,-1,-1
183,5,1357.37,576.87,84.60,223.26,0.4897,-1,-1,-1
183,21,408.57,643.61,92.12,251.39,0.7979,-1,-1,-1
183,20,868.05,176.78,72.33,186.90,0.5564,-1,-1,-1
183,6,231.15,566.22,66.05,204.86,0.5514,-1,-1,-1
183,13,524.11,295.97,63.71,205.50,0.4062,-1,-1,-1
183,30,749.94,276.71,60.10,194.17,0.3655,-1,-1,-1
183,31,3.03,621.35,102.15,237.49,0.6555,-1,-1,-1
184,1,416.71,227.64,73.14,206.77,0.5791,-1,-1,-1
184,2,100.85,545.90,68.92,248.05,0.6704,-1,-1,-1
184,3,994.65,917.70,57.83,161.48,0.7233,-1,-1,-1
184,4,1721.64,459.24,73.07,208.97,0.5334,-1,-1,-1
184,5,1357.52,576.57,84.81,224.59,0.4653,-1,-1,-1
184,21,408.96,642.24,93.27,252.48,0.7735,-1,-1,-1
184,20,868.14,176.59,72.70,187.25,0.5430,-1,-1,-1
184,6,231.99,565.35,65.41,208.05,0.5351,-1,-1,-1
184,13,521.62,253.25,66.98,251.73,0.3986,-1,-1,-1
184,30,750.09,278.65,60.49,192.91,0.3489,-1,-1,-1
184,31,6.43,622.43,99.21,235.29,0.6215,-1,-1,-1
185,1,416.03,227.22,73.77,207.08,0.5878,-1,-1,-1
185,2,100.31,546.13,68.65,247.33,0.6464,-1,-1,-1
185,3,993.20,918.34,58.29,160.04,0.7175,-1,-1,-1
185,4,1721.67,459.37,72.86,208.59,0.5027,-1,-1,-1
185,5,1357.72,575.97,84.16,221.04,0.4800,-1,-1,-1
185,21,408.63,642.30,94.80,252.42,0.7859,-1,-1,-1
185,20,867.92,177.36,74.41,188.37,0.5879,-1,-1,-1
185,6,232.19,564.99,65.92,209.41,0.5680,-1,-1,-1
185,13,521.45,275.92,66.27,230.17,0.4305,-1,-1,-1
185,30,750.43,280.36,62.01,191.92,0.3298,-1,-1,-1
185,31,12.12,622.16,94.95,234.30,0.6221,-1,-1,-1
186,1,415.73,226.70,74.13,207.23,0.5963,-1,-1,-1
186,2,99.78,546.48,68.98,246.54,0.6452,-1,-1,-1
186,3,992.01,918.50,57.90,160.18,0.7341,-1,-1,-1
186,4,1721.83,459.15,72.65,208.74,0.5033,-1,-1,-1
186,5,1357.39,574.83,84.22,224.09,0.4939,-1,-1,-1
186,21,408.80,640.91,94.75,254.25,0.7943,-1,-1,-1
186,20,867.83,176.17,74.51,190.42,0.5612,-1,-1,-1
186,6,230.94,564.75,66.59,208.47,0.5833,-1,-1,-1
186,13,523.24,293.48,62.39,210.80,0.4266,-1,-1,-1
186,31,15.75,620.19,94.51,235.81,0.6575,-1,-1,-1
186,29,607.97,284.36,59.26,206.29,0.3588,-1,-1,-1
187,1,415.90,225.36,74.24,209.04,0.6014,-1,-1,-1
187,2,98.37,546.56,70.35,244.19,0.6377,-1,-1,-1
187,3,989.79,918.95,59.50,159.54,0.7347,-1,-1,-1
187,4,1721.83,459.53,72.53,208.17,0.4952,-1,-1,-1
187,5,1357.54,573.73,84.10,224.82,0.5044,-1,-1,-1
187,21,408.74,639.17,94.80,255.66,0.7812,-1,-1,-1
187,20,867.58,176.19,75.01,191.30,0.5617,-1,-1,-1
187,6,229.80,563.96,67.16,209.29,0.6350,-1,-1,-1
187,13,525.11,299.14,60.21,207.48,0.5400,-1,-1,-1
187,31,21.23,620.13,96.60,239.04,0.6872,-1,-1,-1
187,29,607.58,287.01,59.86,202.51,0.3475,-1,-1,-1
188,1,415.97,225.68,74.47,207.72,0.5946,-1,-1,-1
188,2,97.19,546.29,71.27,242.33,0.5923,-1,-1,-1
188,3,988.66,919.27,60.16,159.23,0.7218,-1,-1,-1
188,4,1721.46,460.07,73.15,207.50,0.5075,-1,-1,-1
188,5,1357.71,572.73,84.00,225.90,0.4594,-1,-1,-1
188,21,410.07,637.44,93.24,256.18,0.7685,-1,-1,-1
188,20,868.18,176.99,74.83,187.12,0.4322,-1,-1,-1
188,6,228.71,562.02,68.12,210.91,0.6183,-1,-1,-1
188,13,524.25,300.02,61.62,207.74,0.5397,-1,-1,-1
188,31,23.31,619.12,102.34,240.52,0.7143,-1,-1,-1
188,29,606.74,288.96,59.80,200.69,0.3350,-1,-1,-1
189,1,416.01,224.63,74.31,207.65,0.5819,-1,-1,-1
189,2,95.58,546.47,70.85,239.07,0.5354,-1,-1,-1
189,3,987.43,919.78,59.82,158.85,0.7122,-1,-1,-1
189,4,1721.02,460.55,73.55,207.37,0.4816,-1,-1,-1
189,5,1357.87,572.63,82.47,220.82,0.4582,-1,-1,-1
189,21,409.92,634.35,92.67,258.11,0.7985,-1,-1,-1
189,20,867.38,177.04,77.83,186.45,0.4621,-1,-1,-1
189,6,229.30,558.43,65.91,209.77,0.5553,-1,-1,-1
189,13,523.52,303.46,62.53,206.99,0.5648,-1,-1,-1
189,31,24.50,619.56,107.99,241.95,0.6902,-1,-1,-1
189,29,605.90,297.38,59.52,193.17,0.3508,-1,-1,-1
190,1,416.74,224.26,73.81,207.46,0.5687,-1,-1,-1
190,2,94.13,546.42,71.30,233.03,0.4935,-1,-1,-1
190,3,986.33,920.67,59.49,157.65,0.7264,-1,-1,-1
190,4,1721.31,459.30,73.42,208.59,0.4643,-1,-1,-1
190,5,1357.80,572.27,81.83,218.99,0.4494,-1,-1,-1
190,21,411.45,633.44,89.41,256.70,0.7853,-1,-1,-1
190,20,867.40,178.31,80.90,185.03,0.5122,-1,-1,-1
190,6,229.63,555.47,64.75,207.92,0.5731,-1,-1,-1
190,13,522.63,303.31,64.43,209.13,0.5938,-1,-1,-1
190,31,27.19,621.12,111.90,244.95,0.6737,-1,-1,-1
190,29,605.40,297.49,59.95,194.49,0.3469,-1,-1,-1
191,1,417.43,223.13,73.72,207.55,0.5656,-1,-1,-1
191,2,95.33,545.80,69.17,199.69,0.5734,-1,-1,-1
191,3,985.28,921.71,59.30,155.83,0.7426,-1,-1,-1
191,4,1720.59,459.56,74.25,208.45,0.4924,-1,-1,-1
191,5,1357.89,571.62,85.27,227.75,0.4815,-1,-1,-1
191,21,411.98,630.74,87.18,255.73,0.7833,-1,-1,-1
191,20,869.37,175.66,79.52,185.43,0.4829,-1,-1,-1
191,6,229.65,552.14,63.59,206.33,0.5918,-1,-1,-1
191,13,522.29,303.41,65.78,210.35,0.5484,-1,-1,-1
191,31,29.61,622.19,118.61,248.93,0.6087,-1,-1,-1
191,29,604.78,302.78,60.24,190.26,0.3196,-1,-1,-1
192,1,418.29,222.79,73.66,207.67,0.5437,-1,-1,-1
192,2,95.43,545.17,68.86,186.33,0.5979,-1,-1,-1
192,3,984.47,922.55,58.60,154.73,0.7447,-1,-1,-1
192,4,1720.49,459.83,74.35,207.83,0.5382,-1,-1,-1
192,5,1357.54,571.01,85.55,225.18,0.4981,-1,-1,-1
192,21,412.38,626.20,85.49,253.08,0.7717,-1,-1,-1
192,20,871.41,173.36,78.07,185.72,0.5071,-1,-1,-1
192,6,228.62,550.31,64.79,204.96,0.6324,-1,-1,-1
192,13,522.40,304.78,66.23,209.22,0.5989,-1,-1,-1
192,31,32.62,624.81,121.05,251.24,0.5943,-1,-1,-1
192,29,603.92,305.76,60.21,187.27,0.3872,-1,-1,-1
193,1,418.01,221.29,74.37,208.35,0.5236,-1,-1,-1
193,2,94.88,545.06,68.69,180.10,0.5867,-1,-1,-1
193,3,983.91,922.36,57.68,155.23,0.7164,-1,-1,-1
193,4,1720.62,459.54,74.06,207.61,0.5201,-1,-1,-1
193,5,1357.53,570.68,85.68,228.30,0.4933,-1,-1,-1
193,21,412.60,622.56,84.05,249.58,0.7896,-1,-1,-1
193,20,874.20,172.85,75.57,184.91,0.4296,-1,-1,-1
193,6,228.54,547.29,64.77,206.32,0.6395,-1,-1,-1
193,13,521.53,307.73,67.32,206.30,0.5524,-1,-1,-1
193,31,36.78,628.35,116.70,247.92,0.5098,-1,-1,-1
193,29,602.87,307.87,60.65,185.87,0.3524,-1,-1,-1
194,1,418.09,221.52,75.21,207.02,0.5100,-1,-1,-1
194,2,93.64,544.78,69.88,175.60,0.6222,-1,-1,-1
194,3,982.03,921.99,59.32,156.01,0.7386,-1,-1,-1
194,4,1720.71,459.84,73.98,207.57,0.5017,-1,-1,-1
194,5,1357.03,570.46,85.56,230.31,0.4713,-1,-1,-1
194,21,413.41,619.16,80.85,248.23,0.7743,-1,-1,-1
194,20,875.49,172.80,74.79,182.66,0.3923,-1,-1,-1
194,6,228.38,545.64,64.68,205.73,0.6429,-1,-1,-1
194,13,520.28,308.86,68.37,205.58,0.5770,-1,-1,-1
194,31,40.62,631.16,113.70,243.72,0.5885,-1,-1,-1
194,29,602.09,308.64,60.36,186.07,0.3650,-1,-1,-1
195,1,418.59,219.59,75.16,209.57,0.5585,-1,-1,-1
195,2,93.18,544.57,69.98,174.44,0.6015,-1,-1,-1
195,3,981.83,922.25,58.84,155.77,0.7299,-1,-1,-1
195,4,1720.95,459.53,73.80,208.12,0.5215,-1,-1,-1
195,5,1356.92,570.16,84.60,222.50,0.5590,-1,-1,-1
195,21,413.20,617.32,80.40,247.28,0.7846,-1,-1,-1
195,20,877.66,170.57,73.02,179.46,0.3666,-1,-1,-1
195,6,228.46,544.33,63.66,207.23,0.6471,-1,-1,-1
195,13,517.88,308.93,70.95,206.75,0.6708,-1,-1,-1
195,31,42.88,633.40,111.78,237.32,0.6656,-1,-1,-1
195,29,601.35,309.55,60.63,184.70,0.4301,-1,-1,-1
196,1,419.57,218.00,73.88,209.75,0.5386,-1,-1,-1
196,2,93.17,544.30,69.23,174.81,0.5414,-1,-1,-1
196,3,980.29,921.92,60.60,156.48,0.7311,-1,-1,-1
196,4,1720.80,458.71,73.44,209.49,0.5037,-1,-1,-1
196,5,1356.61,571.26,84.43,220.31,0.5213,-1,-1,-1
196,21,410.04,614.27,83.21,248.15,0.7515,-1,-1,-1
196,20,880.64,169.40,69.36,176.94,0.4262,-1,-1,-1
196,6,227.33,543.85,63.68,207.22,0.6475,-1,-1,-1
196,13,517.73,310.54,71.44,207.05,0.6012,-1,-1,-1
196,31,46.13,635.86,109.04,241.82,0.6668,-1,-1,-1
196,29,601.32,311.27,60.92,182.68,0.4007,-1,-1,-1
196,30,752.79,291.47,62.71,190.77,0.3690,-1,-1,-1
197,1,419.39,216.55,75.59,209.44,0.5739,-1,-1,-1
197,2,93.85,544.05,67.56,171.07,0.5280,-1,-1,-1
197,3,977.91,922.05,62.72,156.49,0.7374,-1,-1,-1
197,4,1721.25,458.79,73.37,209.51,0.5006,-1,-1,-1
197,5,1356.52,571.41,84.18,218.69,0.5401,-1,-1,-1
197,21,406.23,611.20,86.22,249.34,0.7413,-1,-1,-1
197,20,882.24,168.35,67.07,176.32,0.4546,-1,-1,-1
197,6,226.49,543.23,63.96,208.80,0.6860,-1,-1,-1
197,13,515.74,308.40,73.64,210.84,0.6745,-1,-1,-1
197,31,50.56,638.92,108.73,246.71,0.6736,-1,-1,-1
197,29,601.02,311.90,61.02,182.30,0.4319,-1,-1,-1
197,30,753.30,293.31,61.37,188.78,0.3260,-1,-1,-1
198,1,420.36,215.35,75.70,208.73,0.5656,-1,-1,-1
198,2,95.40,543.85,65.29,169.72,0.5198,-1,-1,-1
198,3,976.43,921.47,62.30,157.26,0.7018,-1,-1,-1
198,4,1721.06,458.96,73.48,208.85,0.4964,-1,-1,-1
198,5,1356.52,571.69,84.70,218.97,0.5586,-1,-1,-1
198,21,402.30,610.46,89.18,250.74,0.7492,-1,-1,-1
198,20,885.05,161.45,64.48,182.70,0.4296,-1,-1,-1
198,6,226.11,542.33,64.52,209.65,0.6939,-1,-1,-1
198,13,515.49,311.52,73.44,210.64,0.6261,-1,-1,-1
198,31,54.59,641.62,107.95,247.50,0.6953,-1,-1,-1
198,29,600.85,312.78,60.77,182.11,0.4362,-1,-1,-1
198,30,754.21,294.59,62.64,189.49,0.3059,-1,-1,-1
199,1,419.57,214.29,76.78,206.44,0.5663,-1,-1,-1
199,2,95.64,544.26,64.59,169.73,0.5182,-1,-1,-1
199,3,974.02,921.39,63.90,157.45,0.7289,-1,-1,-1
199,4,1720.88,458.79,73.26,209.08,0.5286,-1,-1,-1
199,5,1355.45,571.11,85.68,221.56,0.5205,-1,-1,-1
199,21,399.30,609.90,91.88,252.51,0.7422,-1,-1,-1
199,20,885.74,158.03,65.51,186.05,0.3958,-1,-1,-1
199,6,226.24,542.51,64.44,209.19,0.7028,-1,-1,-1
199,13,515.91,314.40,72.54,210.24,0.6018,-1,-1,-1
199,31,57.27,644.02,107.44,247.98,0.7226,-1,-1,-1
199,29,601.20,313.88,60.15,180.11,0.4473,-1,-1,-1
200,1,419.19,212.56,77.43,205.70,0.5739,-1,-1,-1
200,2,95.66,543.87,64.26,166.50,0.5372,-1,-1,-1
200,3,972.53,920.61,63.87,157.68,0.7147,-1,-1,-1
200,4,1720.96,458.72,72.83,208.79,0.5340,-1,-1,-1
200,5,1355.82,571.27,83.29,218.31,0.5400,-1,-1,-1
200,21,397.79,609.37,92.32,252.29,0.7471,-1,-1,-1
200,20,885.34,158.72,67.55,186.82,0.4004,-1,-1,-1
200,6,226.01,541.95,63.65,208.70,0.7167,-1,-1,-1
200,13,517.29,317.79,69.65,209.55,0.5842,-1,-1,-1
200,31,60.26,648.06,104.15,245.01,0.7122,-1,-1,-1
200,29,601.49,315.30,59.96,178.61,0.4225,-1,-1,-1
201,1,419.36,211.41,78.64,206.02,0.5669,-1,-1,-1
201,2,94.92,543.90,64.42,165.67,0.4987,-1,-1,-1
201,3,971.68,920.07,63.28,158.01,0.7218,-1,-1,-1
201,4,1720.95,458.31,72.69,209.05,0.5539,-1,-1,-1
201,5,1355.73,571.05,82.21,219.26,0.5451,-1,-1,-1
201,21,395.92,608.91,93.28,252.22,0.7428,-1,-1,-1
201,20,886.22,158.31,69.37,187.17,0.4226,-1,-1,-1
201,6,226.11,541.16,63.00,209.04,0.7041,-1,-1,-1
201,13,516.46,318.89,70.38,212.10,0.5941,-1,-1,-1
201,31,64.43,653.16,99.42,240.56,0.7342,-1,-1,-1
201,29,601.86,318.18,58.72,173.75,0.4311,-1,-1,-1
202,1,419.52,210.25,79.60,205.54,0.5610,-1,-1,-1
202,2,96.42,543.10,62.84,156.85,0.4446,-1,-1,-1
202,3,970.92,919.53,62.44,158.72,0.7279,-1,-1,-1
202,4,1721.34,458.34,72.63,209.50,0.5819,-1,-1,-1
202,5,1355.32,571.06,81.47,216.66,0.5172,-1,-1,-1
202,21,395.93,608.33,92.70,250.86,0.7354,-1,-1,-1
202,20,887.86,157.69,70.33,185.99,0.4323,-1,-1,-1
202,6,225.44,539.98,63.58,210.30,0.7057,-1,-1,-1
202,13,516.17,318.48,71.75,214.81,0.6122,-1,-1,-1
202,31,66.99,656.03,96.35,237.71,0.7427,-1,-1,-1
202,29,601.95,322.01,57.81,168.90,0.4481,-1,-1,-1
203,1,420.82,208.97,78.81,206.45,0.4910,-1,-1,-1
203,2,97.07,542.98,61.34,152.20,0.3301,-1,-1,-1
203,3,970.27,919.00,62.94,159.03,0.7357,-1,-1,-1
203,4,1721.02,458.30,72.98,209.60,0.5910,-1,-1,-1
203,5,1356.13,571.95,81.22,212.43,0.5458,-1,-1,-1
203,21,394.99,606.98,92.25,249.20,0.7339,-1,-1,-1
203,20,887.77,156.59,70.78,186.32,0.4726,-1,-1,-1
203,6,223.80,537.81,64.88,211.63,0.6996,-1,-1,-1
203,13,515.89,318.50,72.23,216.00,0.5676,-1,-1,-1
203,31,69.13,657.71,95.21,235.38,0.6964,-1,-1,-1
203,29,602.03,322.88,57.45,167.30,0.4457,-1,-1,-1
203,35,1154.29,138.47,56.26,183.63,0.3753,-1,-1,-1
204,1,422.88,208.48,77.54,206.69,0.4480,-1,-1,-1
204,2,97.34,543.21,60.57,149.18,0.3513,-1,-1,-1
204,3,968.45,916.85,63.12,161.06,0.7307,-1,-1,-1
204,4,1721.04,458.81,73.13,209.24,0.5781,-1,-1,-1
204,5,1356.59,571.62,82.35,213.48,0.5603,-1,-1,-1
204,21,396.16,603.31,90.18,249.93,0.7216,-1,-1,-1
204,20,887.68,156.56,71.55,186.20,0.5037,-1,-1,-1
204,6,223.08,535.58,64.71,211.29,0.6727,-1,-1,-1
204,13,513.51,318.34,73.86,218.01,0.5869,-1,-1,-1
204,31,70.56,658.82,95.23,233.49,0.6856,-1,-1,-1
204,29,602.46,324.66,57.00,166.77,0.3988,-1,-1,-1
204,35,1153.48,140.60,54.55,180.17,0.3813,-1,-1,-1
205,1,423.96,208.20,77.48,206.95,0.4663,-1,-1,-1
205,2,97.31,542.79,60.17,146.23,0.3398,-1,-1,-1
205,3,967.20,915.71,62.58,162.37,0.7310,-1,-1,-1
205,4,1720.46,458.73,73.85,209.80,0.5665,-1,-1,-1
205,5,1356.34,571.61,82.57,214.31,0.5317,-1,-1,-1
205,21,394.65,600.26,90.83,251.17,0.7193,-1,-1,-1
205,20,888.76,155.36,69.84,187.22,0.4669,-1,-1,-1
205,6,220.93,531.93,65.85,210.41,0.6652,-1,-1,-1
205,13,514.06,318.43,73.93,218.39,0.5049,-1,-1,-1
205,31,71.52,657.87,97.54,234.34,0.7375,-1,-1,-1
205,29,603.53,325.07,56.18,166.97,0.3882,-1,-1,-1
205,35,1151.90,139.52,54.97,180.99,0.3937,-1,-1,-1
205,30,756.36,299.62,59.65,195.44,0.3386,-1,-1,-1
206,1,423.43,205.90,78.73,208.01,0.5126,-1,-1,-1
206,2,97.34,542.87,60.89,145.54,0.3889,-1,-1,-1
206,3,965.51,914.97,62.90,162.95,0.7458,-1,-1,-1
206,4,1720.34,458.93,74.38,209.64,0.5679,-1,-1,-1
206,5,1355.69,571.40,82.24,215.19,0.5380,-1,-1,-1
206,21,395.28,597.93,89.13,251.96,0.7334,-1,-1,-1
206,20,890.35,155.62,68.81,185.09,0.5184,-1,-1,-1
206,6,221.00,529.31,64.33,205.00,0.6692,-1,-1,-1
206,13,513.07,319.56,74.84,218.15,0.5080,-1,-1,-1
206,31,75.04,657.47,97.88,234.46,0.7627,-1,-1,-1
206,29,604.01,325.29,55.88,166.61,0.4112,-1,-1,-1
206,35,1150.18,138.28,55.18,182.09,0.4033,-1,-1,-1
206,37,0.49,601.05,76.74,237.91,0.4629,-1,-1,-1
206,30,758.03,299.59,58.40,195.81,0.3774,-1,-1,-1
207,1,423.31,205.11,79.46,207.42,0.4888,-1,-1,-1
207,2,97.95,543.22,60.84,146.19,0.4421,-1,-1,-1
207,3,964.25,913.60,62.56,164.43,0.7476,-1,-1,-1
207,4,1720.59,458.90,73.92,209.01,0.5735,-1,-1,-1
207,5,1356.87,570.90,80.70,213.84,0.4978,-1,-1,-1
207,21,395.89,596.34,87.65,248.41,0.7456,-1,-1,-1
207,20,890.96,154.48,70.71,188.68,0.5108,-1,-1,-1
207,6,221.50,526.94,63.10,202.52,0.6494,-1,-1,-1
207,13,511.52,319.89,75.50,217.47,0.5340,-1,-1,-1
207,31,79.78,659.07,102.13,235.45,0.7234,-1,-1,-1
207,29,604.10,325.60,55.96,167.13,0.4119,-1,-1,-1
207,35,1147.60,137.58,55.34,183.13,0.3709,-1,-1,-1
207,30,758.95,299.01,58.12,195.61,0.3295,-1,-1,-1
208,1,424.19,205.71,78.47,207.68,0.4770,-1,-1,-1
208,2,98.24,543.54,61.15,146.63,0.3912,-1,-1,-1
208,3,961.99,912.78,63.42,165.58,0.7408,-1,-1,-1
208,4,1721.19,458.77,73.41,209.58,0.5807,-1,-1,-1
208,5,1357.30,570.52,80.14,213.98,0.5151,-1,-1,-1
208,21,397.47,593.72,85.42,245.52,0.7482,-1,-1,-1
208,20,892.60,152.97,69.16,190.75,0.4737,-1,-1,-1
208,6,220.41,524.96,64.07,202.39,0.6129,-1,-1,-1
208,13,509.22,322.77,76.08,213.93,0.5138,-1,-1,-1
208,31,84.08,660.45,106.61,239.38,0.7345,-1,-1,-1
208,29,603.41,325.00,56.66,166.97,0.4062,-1,-1,-1
208,35,1144.93,136.97,55.95,183.77,0.3935,-1,-1,-1
208,30,758.67,298.90,58.72,195.91,0.3509,-1,-1,-1
208,37,0.95,605.38,84.77,234.81,0.3637,-1,-1,-1
209,1,425.16,205.82,77.63,208.62,0.4398,-1,-1,-1
209,2,98.78,544.87,61.33,148.28,0.3752,-1,-1,-1
209,3,960.95,912.43,62.24,166.14,0.7305,-1,-1,-1
209,4,1721.50,457.88,73.05,210.30,0.5548,-1,-1,-1
209,5,1357.39,570.69,78.25,214.94,0.4956,-1,-1,-1
209,21,398.66,591.22,83.01,241.75,0.7519,-1,-1,-1
209,20,893.72,151.69,68.68,190.11,0.4535,-1,-1,-1
209,6,220.31,523.24,63.70,202.26,0.6256,-1,-1,-1
209,13,508.55,323.57,75.27,213.12,0.5572,-1,-1,-1
209,31,86.64,664.37,112.33,239.78,0.7617,-1,-1,-1
209,29,602.32,324.54,57.07,167.94,0.3730,-1,-1,-1
209,35,1142.44,137.52,56.75,182.45,0.3426,-1,-1,-1
209,30,758.81,300.87,59.16,195.33,0.3531,-1,-1,-1
209,37,0.99,606.38,85.12,235.68,0.5766,-1,-1,-1
210,1,425.46,205.33,76.81,209.71,0.4219,-1,-1,-1
210,2,99.66,543.71,61.03,150.29,0.3845,-1,-1,-1
210,3,958.45,912.05,63.02,166.95,0.7292,-1,-1,-1
210,4,1721.30,458.08,73.21,210.40,0.5698,-1,-1,-1
210,5,1357.14,570.85,78.29,214.99,0.5190,-1,-1,-1
210,21,400.06,589.80,81.10,238.65,0.7551,-1,-1,-1
210,20,894.40,150.95,67.83,189.75,0.4767,-1,-1,-1
210,6,219.30,522.12,64.79,203.15,0.6205,-1,-1,-1
210,13,508.23,323.99,74.18,213.29,0.5971,-1,-1,-1
210,31,86.63,666.72,118.05,240.35,0.7543,-1,-1,-1
210,29,602.09,323.70,57.38,175.23,0.3335,-1,-1,-1
210,35,1141.03,137.61,56.49,181.83,0.3409,-1,-1,-1
210,30,759.64,303.67,60.41,195.99,0.3198,-1,-1,-1
210,37,1.38,607.35,86.49,234.19,0.5913,-1,-1,-1
211,1,426.60,204.87,76.29,209.71,0.4367,-1,-1,-1
211,2,100.04,543.62,62.29,151.93,0.3776,-1,-1,-1
211,3,956.05,912.09,64.00,166.65,0.7376,-1,-1,-1
211,4,1720.99,458.81,73.47,208.63,0.5500,-1,-1,-1
211,5,1356.50,570.39,78.24,218.21,0.5124,-1,-1,-1
211,21,400.72,587.22,79.91,238.18,0.7515,-1,-1,-1
211,20,895.03,150.26,68.67,186.99,0.4973,-1,-1,-1
211,6,217.96,520.75,65.46,204.38,0.5994,-1,-1,-1
211,13,508.06,324.17,73.26,212.04,0.5998,-1,-1,-1
211,31,91.14,668.76,115.86,241.12,0.7521,-1,-1,-1
211,35,1138.88,137.59,56.63,182.41,0.3332,-1,-1,-1
211,30,758.99,305.41,63.28,197.62,0.3100,-1,-1,-1
211,37,0.90,611.31,88.83,230.00,0.5870,-1,-1,-1
212,1,426.27,203.59,77.01,210.06,0.4024,-1,-1,-1
212,2,101.03,543.88,62.91,156.02,0.4590,-1,-1,-1
212,3,954.15,911.14,64.58,168.48,0.7329,-1,-1,-1
212,4,1720.70,459.23,73.99,209.39,0.5753,-1,-1,-1
212,5,1356.42,570.82,78.12,219.24,0.5009,-1,-1,-1
212,21,400.18,585.28,80.89,238.59,0.7133,-1,-1,-1
212,20,897.46,148.12,68.03,184.54,0.4892,-1,-1,-1
212,6,216.76,519.56,65.92,205.46,0.6211,-1,-1,-1
212,13,507.45,325.46,72.68,210.88,0.5918,-1,-1,-1
212,31,96.65,670.26,111.37,243.64,0.7423,-1,-1,-1
212,37,12.14,610.76,85.64,232.82,0.5596,-1,-1,-1
213,1,426.04,202.11,77.22,210.20,0.4076,-1,-1,-1
213,2,101.58,543.94,63.51,167.43,0.4890,-1,-1,-1
213,3,951.97,910.12,65.02,169.78,0.7463,-1,-1,-1
213,4,1720.61,459.09,74.46,209.76,0.5666,-1,-1,-1
213,5,1356.04,570.60,78.45,220.78,0.5398,-1,-1,-1
213,21,400.15,582.85,81.62,241.01,0.7104,-1,-1,-1
213,20,899.05,145.54,67.41,183.94,0.5013,-1,-1,-1
213,6,215.90,518.83,65.79,204.68,0.6150,-1,-1,-1
213,13,507.45,326.04,71.47,211.24,0.6299,-1,-1,-1
213,31,100.32,669.99,108.29,248.06,0.7477,-1,-1,-1
213,37,21.94,610.62,79.80,233.67,0.5290,-1,-1,-1
214,1,425.88,201.33,76.35,210.40,0.3946,-1,-1,-1
214,2,101.63,545.92,65.33,171.93,0.4908,-1,-1,-1
214,3,951.10,908.96,64.45,171.05,0.7357,-1,-1,-1
214,4,1721.24,459.39,73.85,207.98,0.5645,-1,-1,-1
214,5,1355.49,571.07,78.51,218.74,0.5271,-1,-1,-1
214,21,399.37,580.26,84.20,243.50,0.6935,-1,-1,-1
214,20,900.78,142.56,66.50,185.20,0.4662,-1,-1,-1
214,6,215.73,518.42,65.91,203.60,0.5915,-1,-1,-1
214,13,508.21,325.22,71.59,211.27,0.7047,-1,-1,-1
214,31,105.30,667.75,104.16,252.69,0.7556,-1,-1,-1
214,37,32.52,613.19,70.90,232.71,0.5563,-1,-1,-1
214,29,600.87,330.91,58.86,192.98,0.3601,-1,-1,-1
215,1,426.80,200.61,75.27,209.66,0.3774,-1,-1,-1
215,2,101.88,547.46,67.49,171.68,0.4498,-1,-1,-1
215,3,949.79,908.86,63.58,171.19,0.7452,-1,-1,-1
215,4,1721.39,459.60,73.73,207.68,0.5782,-1,-1,-1
215,5,1356.04,571.50,78.37,216.08,0.5403,-1,-1,-1
215,21,398.69,578.67,86.44,244.91,0.7152,-1,-1,-1
215,20,901.75,141.82,66.29,185.52,0.4448,-1,-1,-1
215,6,215.78,517.56,65.47,203.69,0.5843,-1,-1,-1
215,13,508.69,325.42,71.05,213.20,0.6742,-1,-1,-1
215,31,110.43,666.04,98.76,256.31,0.7662,-1,-1,-1
215,37,40.68,613.07,70.86,234.68,0.5209,-1,-1,-1
215,29,600.71,332.69,60.76,198.09,0.3784,-1,-1,-1
215,30,759.37,312.24,69.63,192.36,0.3765,-1,-1,-1
216,1,426.96,201.07,74.32,205.38,0.3520,-1,-1,-1
216,2,102.28,547.81,69.42,172.91,0.4643,-1,-1,-1
216,3,949.35,908.88,62.69,171.15,0.7376,-1,-1,-1
216,4,1721.62,459.06,73.19,208.58,0.5417,-1,-1,-1
216,5,1355.88,571.18,79.31,217.47,0.5404,-1,-1,-1
216,21,399.18,577.96,87.28,245.91,0.7187,-1,-1,-1
216,20,901.96,140.79,66.23,186.22,0.5114,-1,-1,-1
216,6,215.02,516.68,65.29,201.97,0.5842,-1,-1,-1
216,13,508.35,326.90,70.64,215.57,0.6221,-1,-1,-1
216,31,114.73,664.13,94.06,259.08,0.7806,-1,-1,-1
216,37,45.25,611.84,70.91,238.80,0.6183,-1,-1,-1
216,29,599.83,333.36,62.69,200.10,0.3830,-1,-1,-1
216,30,757.16,313.64,72.37,192.06,0.3829,-1,-1,-1
216,35,1128.85,132.91,56.84,184.99,0.3453,-1,-1,-1
217,1,427.02,199.66,73.29,203.67,0.3484,-1,-1,-1
217,2,102.19,548.81,68.63,172.12,0.3979,-1,-1,-1
217,3,949.17,908.70,61.46,171.37,0.7374,-1,-1,-1
217,4,1721.28,459.05,73.47,208.86,0.5315,-1,-1,-1
217,5,1355.21,571.54,81.13,218.20,0.5258,-1,-1,-1
217,21,398.95,576.77,88.69,246.58,0.7099,-1,-1,-1
217,20,901.72,140.55,67.18,185.49,0.4604,-1,-1,-1
217,6,217.26,515.77,62.00,203.45,0.5800,-1,-1,-1
217,13,508.75,328.98,69.88,217.27,0.5991,-1,-1,-1
217,31,115.50,663.45,93.75,259.91,0.7908,-1,-1,-1
217,37,49.49,613.48,72.99,239.42,0.6280,-1,-1,-1
217,29,600.54,336.20,60.15,200.66,0.3870,-1,-1,-1
217,30,756.67,315.30,74.69,190.49,0.3677,-1,-1,-1
218,1,426.75,198.72,74.23,201.75,0.3752,-1,-1,-1
218,2,102.66,548.59,68.63,148.77,0.3216,-1,-1,-1
218,3,946.94,908.29,63.09,171.78,0.7344,-1,-1,-1
218,4,1721.46,459.25,73.21,209.36,0.5225,-1,-1,-1
218,5,1354.99,571.39,81.04,218.68,0.4938,-1,-1,-1
218,21,398.47,576.18,89.86,246.48,0.7189,-1,-1,-1
218,20,901.89,140.75,67.07,183.90,0.3776,-1,-1,-1
218,6,218.69,514.22,58.96,205.33,0.5482,-1,-1,-1
218,13,509.64,330.14,68.23,219.49,0.6173,-1,-1,-1
218,31,118.61,664.07,92.53,258.97,0.7803,-1,-1,-1
218,37,53.37,616.92,80.22,237.68,0.4969,-1,-1,-1
218,29,599.32,339.25,60.15,199.21,0.4311,-1,-1,-1
218,30,759.67,315.32,71.39,191.89,0.3127,-1,-1,-1
219,1,427.72,197.06,73.53,199.52,0.3551,-1,-1,-1
219,2,101.33,548.95,71.05,137.07,0.3710,-1,-1,-1
219,3,943.66,907.40,65.52,172.52,0.7538,-1,-1,-1
219,4,1721.31,458.96,73.18,209.84,0.5485,-1,-1,-1
219,5,1354.90,571.76,81.28,217.42,0.5037,-1,-1,-1
219,21,399.31,574.98,88.78,245.74,0.6946,-1,-1,-1
219,20,900.86,140.34,69.01,186.46,0.4737,-1,-1,-1
219,6,217.40,511.87,58.45,203.50,0.5354,-1,-1,-1
219,13,510.46,331.56,66.90,220.07,0.6280,-1,-1,-1
219,31,121.92,663.07,90.97,258.56,0.7718,-1,-1,-1
219,37,56.86,623.44,82.10,228.34,0.5830,-1,-1,-1
219,29,598.33,341.28,59.82,199.54,0.4980,-1,-1,-1
220,1,428.18,196.55,72.41,198.59,0.3742,-1,-1,-1
220,2,96.82,549.69,76.00,134.54,0.3996,-1,-1,-1
220,3,941.40,905.97,67.35,174.05,0.7481,-1,-1,-1
220,4,1721.31,459.01,73.41,209.39,0.5642,-1,-1,-1
220,5,1354.60,571.10,82.65,218.29,0.5130,-1,-1,-1
220,21,398.52,572.48,88.67,246.88,0.7156,-1,-1,-1
220,20,899.52,140.82,71.56,187.43,0.5145,-1,-1,-1
220,6,215.15,508.30,58.66,202.28,0.5506,-1,-1,-1
220,13,510.50,333.96,65.65,218.43,0.6369,-1,-1,-1
220,31,123.58,665.29,94.34,253.09,0.7425,-1,-1,-1
220,37,59.01,629.37,85.58,223.01,0.6052,-1,-1,-1
220,29,598.15,342.29,58.80,200.43,0.5147,-1,-1,-1
221,1,428.85,195.32,71.77,199.09,0.3794,-1,-1,-1
221,2,92.04,550.59,81.95,136.09,0.4767,-1,-1,-1
221,3,938.44,905.01,68.83,175.04,0.7478,-1,-1,-1
221,4,1721.03,458.62,73.49,209.33,0.5864,-1,-1,-1
221,5,1354.49,571.39,82.88,218.11,0.5156,-1,-1,-1
221,21,399.26,569.67,86.73,248.01,0.6923,-1,-1,-1
221,20,900.73,141.08,70.59,188.01,0.5417,-1,-1,-1
221,6,213.25,504.95,59.83,201.53,0.5997,-1,-1,-1
221,13,510.49,336.19,66.39,218.68,0.6034,-1,-1,-1
221,31,126.69,667.14,96.62,252.22,0.7301,-1,-1,-1
221,37,62.44,633.92,87.60,219.91,0.6305,-1,-1,-1
221,29,597.77,344.08,58.25,200.54,0.5801,-1,-1,-1
222,1,429.27,194.03,71.45,199.73,0.3578,-1,-1,-1
222,2,92.86,551.08,81.64,150.01,0.3797,-1,-1,-1
222,3,935.98,904.94,71.28,175.20,0.7533,-1,-1,-1
222,4,1721.37,458.53,73.62,208.97,0.5638,-1,-1,-1
222,5,1354.53,571.57,83.77,219.54,0.4860,-1,-1,-1
222,21,399.20,566.10,85.31,249.94,0.7094,-1,-1,-1
222,20,901.49,140.65,69.13,187.25,0.4980,-1,-1,-1
222,6,209.64,503.50,63.71,200.87,0.5618,-1,-1,-1
222,13,511.17,336.89,65.44,218.97,0.5869,-1,-1,-1
222,31,129.86,668.87,104.47,251.83,0.7160,-1,-1,-1
222,37,65.74,632.75,92.33,223.96,0.5137,-1,-1,-1
222,29,596.72,345.54,58.82,199.95,0.5701,-1,-1,-1
223,1,431.00,193.76,70.23,201.21,0.3377,-1,-1,-1
223,2,93.88,552.11,81.17,143.57,0.4595,-1,-1,-1
223,3,934.75,904.68,72.21,175.45,0.7456,-1,-1,-1
223,4,1722.02,457.96,72.60,209.23,0.5424,-1,-1,-1
223,5,1354.63,571.67,84.54,220.89,0.4526,-1,-1,-1
223,21,399.08,564.24,84.24,246.80,0.7257,-1,-1,-1
223,20,900.80,140.58,69.00,185.93,0.4489,-1,-1,-1
223,6,208.65,502.46,64.89,200.31,0.5643,-1,-1,-1
223,13,511.17,337.56,66.13,218.68,0.5835,-1,-1,-1
223,31,132.00,670.56,110.79,255.94,0.6903,-1,-1,-1
223,37,68.93,634.23,90.93,224.77,0.5791,-1,-1,-1
223,29,595.70,346.57,59.16,199.16,0.5594,-1,-1,-1
224,1,432.33,193.37,69.91,202.00,0.3577,-1,-1,-1
224,2,95.35,552.59,79.99,142.85,0.3632,-1,-1,-1
224,3,934.47,904.34,71.76,175.71,0.7161,-1,-1,-1
224,4,1721.68,458.70,73.14,208.97,0.5487,-1,-1,-1
224,5,1354.67,571.62,87.42,226.57,0.4353,-1,-1,-1
224,21,398.73,561.01,82.79,241.66,0.7171,-1,-1,-1
224,20,902.08,138.14,70.32,186.33,0.4197,-1,-1,-1
224,6,211.13,500.84,60.60,201.39,0.5535,-1,-1,-1
224,13,511.51,338.24,67.24,218.37,0.5859,-1,-1,-1
224,31,134.23,674.43,116.51,258.67,0.7254,-1,-1,-1
224,37,72.94,635.40,86.51,222.95,0.5422,-1,-1,-1
224,29,594.88,347.00,59.55,198.63,0.5603,-1,-1,-1
225,1,431.21,192.11,71.24,203.79,0.3693,-1,-1,-1
225,2,96.77,553.15,78.45,147.24,0.3705,-1,-1,-1
225,3,934.21,903.43,71.68,176.55,0.7277,-1,-1,-1
225,4,1721.28,458.74,73.82,209.43,0.5840,-1,-1,-1
225,5,1354.84,572.10,89.00,230.46,0.4103,-1,-1,-1
225,21,397.96,558.02,81.20,238.02,0.7170,-1,-1,-1
225,20,903.37,137.27,71.25,185.72,0.3902,-1,-1,-1
225,6,211.62,499.48,59.63,200.96,0.6084,-1,-1,-1
225,13,511.84,338.82,68.71,217.80,0.5865,-1,-1,-1
225,31,136.45,677.39,118.22,262.78,0.7732,-1,-1,-1
225,37,78.99,638.40,80.38,225.60,0.5941,-1,-1,-1
225,29,594.20,348.13,59.41,196.86,0.5705,-1,-1,-1
225,35,1115.01,127.32,55.55,179.62,0.3688,-1,-1,-1
225,30,771.66,317.09,71.94,195.43,0.3959,-1,-1,-1
226,1,431.49,190.53,71.64,204.95,0.3925,-1,-1,-1
226,2,98.35,554.08,78.56,151.80,0.4247,-1,-1,-1
226,3,932.53,902.27,73.33,177.66,0.7226,-1,-1,-1
226,4,1721.23,458.30,74.17,210.27,0.5769,-1,-1,-1
226,5,1354.85,573.40,90.77,227.00,0.4488,-1,-1,-1
226,21,394.27,555.46,84.16,237.94,0.7250,-1,-1,-1
226,20,905.90,135.64,67.95,184.92,0.3656,-1,-1,-1
226,6,207.74,498.99,64.62,201.49,0.6060,-1,-1,-1
226,13,510.09,339.56,71.74,217.30,0.6155,-1,-1,-1
226,31,138.93,680.02,117.68,264.68,0.7539,-1,-1,-1
226,37,84.29,640.14,78.52,226.80,0.6079,-1,-1,-1
226,29,592.66,348.04,60.33,196.58,0.5807,-1,-1,-1
226,35,1113.47,126.80,55.50,176.54,0.3614,-1,-1,-1
226,30,775.43,316.56,68.80,197.34,0.3801,-1,-1,-1
227,1,432.12,188.72,71.91,207.19,0.4145,-1,-1,-1
227,2,99.81,554.43,78.94,155.29,0.4687,-1,-1,-1
227,3,932.08,901.87,73.14,178.06,0.7081,-1,-1,-1
227,4,1721.41,458.28,73.70,210.04,0.5957,-1,-1,-1
227,5,1354.89,573.88,90.37,226.22,0.4627,-1,-1,-1
227,21,391.92,553.04,85.24,238.73,0.7344,-1,-1,-1
227,20,908.60,133.95,64.56,186.61,0.3490,-1,-1,-1
227,6,207.40,497.92,65.62,203.21,0.6048,-1,-1,-1
227,13,509.54,342.31,72.97,213.91,0.6181,-1,-1,-1
227,31,142.95,682.46,115.44,268.13,0.7643,-1,-1,-1
227,37,91.34,639.48,76.37,227.95,0.5921,-1,-1,-1
227,29,590.57,347.91,62.15,197.35,0.5905,-1,-1,-1
227,35,1112.22,125.62,55.37,177.79,0.3726,-1,-1,-1
227,30,777.08,317.61,73.84,200.11,0.3027,-1,-1,-1
228,1,432.89,188.19,71.86,207.60,0.4362,-1,-1,-1
228,2,100.93,554.97,79.18,148.88,0.4599,-1,-1,-1
228,3,932.09,901.10,72.83,178.86,0.6954,-1,-1,-1
228,4,1721.49,459.17,73.75,208.65,0.5956,-1,-1,-1
228,5,1354.60,575.24,94.23,229.27,0.4474,-1,-1,-1
228,21,388.06,551.77,88.36,239.41,0.7352,-1,-1,-1
228,20,909.95,132.85,65.51,182.34,0.3559,-1,-1,-1
228,6,207.63,496.87,66.12,203.70,0.6215,-1,-1,-1
228,13,509.45,342.04,72.02,213.85,0.6387,-1,-1,-1
228,31,147.51,686.50,108.09,266.95,0.7345,-1,-1,-1
228,37,96.10,640.09,77.32,230.54,0.6010,-1,-1,-1
228,29,589.17,348.99,63.00,196.04,0.5721,-1,-1,-1
228,35,1109.34,125.23,56.77,179.17,0.3302,-1,-1,-1
228,30,777.96,318.67,74.26,203.59,0.3923,-1,-1,-1
229,1,433.82,187.79,70.80,208.60,0.4224,-1,-1,-1
229,2,101.93,555.95,80.02,143.04,0.4673,-1,-1,-1
229,3,931.51,900.36,73.14,179.66,0.7155,-1,-1,-1
229,4,1720.96,459.30,74.18,208.88,0.6028,-1,-1,-1
229,5,1354.41,575.96,93.11,223.78,0.4909,-1,-1,-1
229,21,384.89,549.60,91.12,241.70,0.7255,-1,-1,-1
229,20,912.36,131.97,65.67,178.54,0.3882,-1,-1,-1
229,6,206.81,495.82,66.85,204.92,0.5912,-1,-1,-1
229,13,509.17,343.65,72.66,212.50,0.6495,-1,-1,-1
229,31,149.35,689.73,103.28,265.91,0.7290,-1,-1,-1
229,37,102.52,642.75,75.81,226.40,0.5913,-1,-1,-1
229,29,588.39,349.77,63.23,195.08,0.5615,-1,-1,-1
229,35,1105.10,124.89,59.79,180.00,0.3414,-1,-1,-1
229,30,777.32,318.26,72.49,208.62,0.3436,-1,-1,-1
230,1,435.02,187.41,70.16,206.74,0.4565,-1,-1,-1
230,2,102.23,556.53,82.06,133.28,0.4543,-1,-1,-1
230,3,931.77,899.73,72.69,180.33,0.7126,-1,-1,-1
230,4,1720.94,459.51,74.21,208.51,0.5841,-1,-1,-1
230,5,1354.35,575.42,95.70,227.61,0.4598,-1,-1,-1
230,21,382.55,546.71,93.29,245.80,0.7325,-1,-1,-1
230,20,915.33,130.57,65.46,175.27,0.3404,-1,-1,-1
230,6,205.63,494.62,67.98,204.78,0.5886,-1,-1,-1
230,13,509.43,344.44,72.62,213.22,0.6390,-1,-1,-1
230,31,148.81,693.05,105.95,264.77,0.7489,-1,-1,-1
230,37,107.90,645.10,73.92,218.72,0.5594,-1,-1,-1
230,29,587.46,351.17,64.04,193.99,0.5281,-1,-1,-1
230,35,1097.23,125.55,66.87,179.36,0.3479,-1,-1,-1
230,30,779.18,318.95,72.98,211.21,0.3199,-1,-1,-1
231,1,435.94,186.86,70.48,204.85,0.4376,-1,-1,-1
231,2,102.36,556.79,82.67,128.87,0.4820,-1,-1,-1
231,3,931.29,899.29,73.18,180.68,0.7279,-1,-1,-1
231,4,1721.20,458.80,74.10,209.51,0.6109,-1,-1,-1
231,5,1354.68,577.28,95.99,224.60,0.4701,-1,-1,-1
231,21,380.43,545.12,94.92,247.76,0.7377,-1,-1,-1
231,20,917.42,129.54,66.78,177.19,0.3072,-1,-1,-1
231,6,209.15,493.30,65.65,204.50,0.5610,-1,-1,-1
231,13,508.48,345.41,73.50,213.03,0.6584,-1,-1,-1
231,31,152.56,695.34,102.89,263.28,0.7687,-1,-1,-1
231,37,112.92,644.63,71.58,170.48,0.4767,-1,-1,-1
231,29,586.41,350.65,65.60,193.66,0.5485,-1,-1,-1
231,35,1093.86,125.93,69.05,178.69,0.3567,-1,-1,-1
231,30,780.45,325.75,63.26,204.33,0.3281,-1,-1,-1
232,1,437.24,186.46,70.09,205.34,0.4461,-1,-1,-1
232,2,102.98,557.18,82.15,128.72,0.4507,-1,-1,-1
232,3,931.31,899.25,73.35,180.74,0.7215,-1,-1,-1
232,4,1721.71,458.07,73.50,210.21,0.6170,-1,-1,-1
232,5,1355.63,578.31,96.63,228.18,0.4679,-1,-1,-1
232,21,377.33,544.56,97.21,248.31,0.7132,-1,-1,-1
232,20,918.88,127.19,67.89,179.67,0.3077,-1,-1,-1
232,6,214.18,492.23,61.70,203.51,0.5231,-1,-1,-1
232,13,508.32,345.95,72.15,215.08,0.6662,-1,-1,-1
232,31,160.39,697.68,96.41,260.51,0.7634,-1,-1,-1
232,37,117.89,647.38,68.47,212.54,0.5335,-1,-1,-1
232,29,586.98,351.95,64.71,191.41,0.5231,-1,-1,-1
232,35,1093.62,125.76,67.49,178.27,0.4092,-1,-1,-1
233,1,438.80,184.78,69.48,207.11,0.4114,-1,-1,-1
233,2,104.00,557.85,82.13,131.59,0.4187,-1,-1,-1
233,3,932.15,898.96,72.27,181.03,0.7089,-1,-1,-1
233,4,1721.71,458.35,73.60,209.53,0.5951,-1,-1,-1
233,5,1355.70,577.79,98.46,233.51,0.4534,-1,-1,-1
233,21,375.41,544.20,97.91,247.14,0.6917,-1,-1,-1
233,6,212.78,490.68,64.56,203.59,0.5892,-1,-1,-1
233,13,507.91,346.86,71.84,218.18,0.6781,-1,-1,-1
233,31,165.71,699.87,92.82,258.00,0.7783,-1,-1,-1
233,37,119.28,648.50,67.26,221.74,0.5440,-1,-1,-1
233,29,587.13,353.53,64.22,190.99,0.5164,-1,-1,-1
233,35,1093.33,125.86,66.01,176.54,0.4655,-1,-1,-1
233,41,1174.32,124.22,59.70,162.59,0.3516,-1,-1,-1
234,1,440.23,183.54,69.62,208.29,0.4265,-1,-1,-1
234,2,107.26,558.64,77.12,197.97,0.3856,-1,-1,-1
234,3,934.19,899.72,69.56,180.19,0.6985,-1,-1,-1
234,4,1722.09,458.29,73.46,209.68,0.6140,-1,-1,-1
234,5,1355.05,576.31,101.00,238.09,0.5107,-1,-1,-1
234,21,373.99,542.64,98.39,245.21,0.7133,-1,-1,-1
234,6,214.59,488.58,63.64,200.35,0.5975,-1,-1,-1
234,13,507.44,347.72,70.95,220.30,0.6880,-1,-1,-1
234,31,168.31,701.11,91.81,257.08,0.7941,-1,-1,-1
234,37,118.27,650.29,69.47,223.81,0.4359,-1,-1,-1
234,29,587.10,354.41,64.08,193.09,0.5440,-1,-1,-1
234,35,1092.39,126.59,65.73,176.68,0.4582,-1,-1,-1
234,41,1172.26,124.04,60.79,161.23,0.3480,-1,-1,-1
234,20,921.29,123.83,68.21,181.16,0.3618,-1,-1,-1
235,1,442.06,182.39,69.01,207.63,0.4530,-1,-1,-1
235,2,106.65,559.30,79.67,165.47,0.4372,-1,-1,-1
235,3,934.74,900.33,67.86,179.64,0.6793,-1,-1,-1
235,4,1722.27,458.72,72.97,209.32,0.5925,-1,-1,-1
235,5,1355.99,576.48,102.73,238.37,0.4402,-1,-1,-1
235,21,373.09,541.51,97.30,245.29,0.7200,-1,-1,-1
235,6,216.10,486.17,62.19,198.47,0.5967,-1,-1,-1
235,13,506.75,350.05,70.43,220.85,0.6852,-1,-1,-1
235,31,172.35,702.58,88.14,254.46,0.7767,-1,-1,-1
235,37,119.79,652.88,69.03,221.68,0.5006,-1,-1,-1
235,29,587.70,356.42,63.29,192.60,0.5304,-1,-1,-1
235,35,1091.96,126.61,64.50,176.24,0.4523,-1,-1,-1
235,41,1170.29,123.09,61.65,162.06,0.3524,-1,-1,-1
235,20,922.65,122.98,67.20,184.93,0.3726,-1,-1,-1
235,30,781.63,337.59,64.59,199.60,0.3723,-1,-1,-1
236,1,443.71,182.34,68.19,204.10,0.4484,-1,-1,-1
236,2,106.81,560.11,81.80,151.18,0.5192,-1,-1,-1
236,3,935.53,900.38,66.58,179.64,0.6705,-1,-1,-1
236,4,1722.34,459.13,72.53,209.06,0.6041,-1,-1,-1
236,5,1357.53,576.64,103.30,238.74,0.4502,-1,-1,-1
236,21,372.89,540.78,96.00,244.25,0.7202,-1,-1,-1
236,6,216.45,483.97,62.82,197.04,0.5818,-1,-1,-1
236,13,506.36,352.72,69.32,219.06,0.6844,-1,-1,-1
236,31,175.96,703.13,85.88,253.90,0.7783,-1,-1,-1
236,37,122.71,656.59,69.12,220.27,0.5671,-1,-1,-1
236,29,587.55,358.52,61.95,188.86,0.5084,-1,-1,-1
236,35,1091.14,126.01,65.07,176.36,0.4149,-1,-1,-1
236,41,1167.85,122.95,62.20,161.07,0.3315,-1,-1,-1
236,20,923.40,121.96,68.01,186.65,0.3631,-1,-1,-1
236,30,782.46,339.54,63.00,197.77,0.4095,-1,-1,-1
237,1,443.46,181.52,69.20,201.52,0.3803,-1,-1,-1
237,2,107.13,560.42,82.06,146.66,0.5160,-1,-1,-1
237,3,936.14,900.51,65.25,179.66,0.6756,-1,-1,-1
237,4,1721.98,458.52,72.90,209.56,0.5917,-1,-1,-1
237,5,1360.41,577.49,102.75,238.91,0.4263,-1,-1,-1
237,21,373.51,538.11,93.87,244.90,0.7035,-1,-1,-1
237,6,217.36,482.55,62.73,196.44,0.5577,-1,-1,-1
237,13,504.45,355.44,69.85,217.42,0.6776,-1,-1,-1
237,31,178.38,703.93,85.30,251.78,0.7906,-1,-1,-1
237,37,126.41,655.54,68.87,222.02,0.6008,-1,-1,-1
237,29,587.22,360.75,61.65,188.81,0.5128,-1,-1,-1
237,35,1090.37,124.83,64.08,177.48,0.3747,-1,-1,-1
237,20,925.27,122.45,66.67,186.86,0.3100,-1,-1,-1
237,30,783.14,339.35,62.95,198.30,0.4106,-1,-1,-1
238,1,443.42,180.44,70.09,200.62,0.3879,-1,-1,-1
238,2,109.69,560.97,82.09,203.42,0.4703,-1,-1,-1
238,3,936.19,900.40,64.04,179.64,0.6801,-1,-1,-1
238,4,1721.59,459.51,73.01,208.34,0.6043,-1,-1,-1
238,5,1363.92,578.58,102.85,239.71,0.4166,-1,-1,-1
238,21,375.43,535.63,91.40,243.88,0.7075,-1,-1,-1
238,6,217.52,480.35,63.02,196.99,0.5441,-1,-1,-1
238,13,503.26,356.94,70.17,218.13,0.6982,-1,-1,-1
238,31,182.10,703.97,85.12,252.61,0.7751,-1,-1,-1
238,37,134.12,658.30,65.44,217.01,0.4653,-1,-1,-1
238,29,587.18,362.07,61.86,188.09,0.5444,-1,-1,-1
238,35,1090.01,124.41,60.12,180.26,0.4178,-1,-1,-1
238,20,926.14,120.48,67.48,188.11,0.3607,-1,-1,-1
238,30,784.04,340.04,63.57,198.11,0.4495,-1,-1,-1
239,1,443.91,179.10,71.09,200.38,0.4008,-1,-1,-1
239,2,110.77,561.61,81.91,227.68,0.4800,-1,-1,-1
239,3,936.39,900.16,62.81,179.84,0.7089,-1,-1,-1
239,4,1721.90,458.86,72.94,209.15,0.6240,-1,-1,-1
239,5,1360.06,577.32,108.92,240.59,0.4685,-1,-1,-1
239,21,378.99,531.59,87.29,240.74,0.7622,-1,-1,-1
239,6,218.19,479.51,62.96,197.48,0.5839,-1,-1,-1
239,13,501.79,357.95,70.67,216.69,0.6809,-1,-1,-1
239,31,185.40,705.57,85.46,251.42,0.7562,-1,-1,-1
239,37,138.35,657.78,65.94,218.57,0.5325,-1,-1,-1
239,29,587.45,362.58,62.61,187.73,0.5599,-1,-1,-1
239,35,1089.34,122.87,58.31,181.94,0.4246,-1,-1,-1
239,20,926.43,120.21,67.36,184.49,0.4367,-1,-1,-1
239,30,783.69,340.28,64.34,198.23,0.4084,-1,-1,-1
240,1,443.72,177.56,73.04,201.17,0.3619,-1,-1,-1
240,2,109.79,562.18,84.30,182.74,0.4946,-1,-1,-1
240,3,936.80,900.27,61.72,179.33,0.7054,-1,-1,-1
240,4,1721.37,459.11,74.00,208.97,0.5960,-1,-1,-1
240,5,1358.52,576.63,112.25,240.42,0.4574,-1,-1,-1
240,21,383.34,528.61,82.62,236.85,0.7467,-1,-1,-1
240,6,218.18,478.22,63.32,199.07,0.5943,-1,-1,-1
240,13,499.61,358.61,72.65,217.96,0.6509,-1,-1,-1
240,31,187.43,707.01,91.60,253.87,0.7576,-1,-1,-1
240,37,142.65,655.82,68.14,221.04,0.5604,-1,-1,-1
240,29,588.65,363.91,59.46,185.52,0.5469,-1,-1,-1
240,35,1088.18,122.25,57.45,180.92,0.3917,-1,-1,-1
240,20,925.76,118.88,66.66,185.19,0.4095,-1,-1,-1
240,30,783.95,340.63,65.31,197.52,0.4282,-1,-1,-1
241,1,444.57,177.90,73.97,200.71,0.3664,-1,-1,-1
241,2,110.59,562.63,83.65,161.91,0.5324,-1,-1,-1
241,3,936.55,900.13,61.08,179.59,0.7162,-1,-1,-1
241,4,1721.71,458.81,73.15,208.89,0.6290,-1,-1,-1
241,5,1357.09,573.57,118.04,241.97,0.5078,-1,-1,-1
241,21,386.71,525.88,79.35,234.38,0.7304,-1,-1,-1
241,6,218.15,476.49,63.65,201.41,0.6210,-1,-1,-1
241,13,497.86,358.99,73.45,218.84,0.6603,-1,-1,-1
241,31,189.63,709.15,97.31,256.25,0.7769,-1,-1,-1
241,37,148.59,653.16,67.23,168.03,0.4031,-1,-1,-1
241,29,588.92,365.47,59.09,183.02,0.5622,-1,-1,-1
241,35,1086.34,121.50,57.46,178.65,0.4318,-1,-1,-1
241,20,925.00,118.18,67.04,183.56,0.4465,-1,-1,-1
241,30,784.39,340.81,67.83,197.17,0.4428,-1,-1,-1
242,1,445.93,177.09,73.04,202.65,0.3642,-1,-1,-1
242,2,110.82,563.05,84.25,175.46,0.4398,-1,-1,-1
242,3,936.42,900.58,61.52,179.33,0.7259,-1,-1,-1
242,4,1721.68,459.26,72.77,208.50,0.6144,-1,-1,-1
242,5,1356.76,571.05,120.85,243.59,0.5357,-1,-1,-1
242,21,387.36,523.02,79.14,233.81,0.6991,-1,-1,-1
242,6,218.09,475.07,63.79,201.81,0.5969,-1,-1,-1
242,13,495.98,360.73,74.00,217.95,0.6504,-1,-1,-1
242,31,193.82,711.72,98.00,256.46,0.7483,-1,-1,-1
242,37,153.23,650.80,68.02,168.45,0.4305,-1,-1,-1
242,29,587.91,365.54,60.56,186.85,0.5493,-1,-1,-1
242,35,1084.11,119.28,58.76,178.92,0.4118,-1,-1,-1
242,20,929.14,120.07,62.98,181.30,0.4581,-1,-1,-1
242,30,785.17,342.31,68.13,196.61,0.4306,-1,-1,-1
243,1,447.66,176.30,71.45,204.10,0.3479,-1,-1,-1
243,2,112.33,561.46,82.99,214.15,0.5381,-1,-1,-1
243,3,936.00,900.45,61.24,179.55,0.7104,-1,-1,-1
243,4,1721.40,458.97,73.42,207.77,0.6317,-1,-1,-1
243,5,1356.85,568.80,120.45,245.94,0.5380,-1,-1,-1
243,21,388.72,520.21,77.87,235.24,0.6883,-1,-1,-1
243,6,217.78,474.34,64.41,202.43,0.6049,-1,-1,-1
243,13,494.29,361.02,73.71,218.37,0.6476,-1,-1,-1
243,31,197.43,716.38,99.39,255.90,0.6950,-1,-1,-1
243,37,156.27,651.06,71.87,163.41,0.4760,-1,-1,-1
243,29,587.34,365.69,61.65,192.19,0.5771,-1,-1,-1
243,35,1082.32,118.26,59.29,179.49,0.4664,-1,-1,-1
243,20,931.23,119.73,61.42,179.68,0.5040,-1,-1,-1
243,30,786.01,341.95,68.15,197.57,0.4228,-1,-1,-1
244,1,447.15,175.83,74.32,204.40,0.3518,-1,-1,-1
244,2,113.29,562.29,83.39,236.70,0.5662,-1,-1,-1
244,3,935.60,901.15,61.99,179.00,0.7835,-1,-1,-1
244,4,1721.18,458.88,73.42,207.76,0.6061,-1,-1,-1
244,5,1356.87,569.63,119.35,244.76,0.5077,-1,-1,-1
244,21,389.16,518.12,77.91,236.65,0.6919,-1,-1,-1
244,6,217.20,472.80,64.32,200.11,0.5755,-1,-1,-1
244,13,492.37,361.84,73.26,216.31,0.6436,-1,-1,-1
244,31,199.77,725.52,99.24,250.96,0.7041,-1,-1,-1
244,37,159.10,653.20,79.95,158.53,0.5560,-1,-1,-1
244,29,586.15,366.94,61.25,196.37,0.5805,-1,-1,-1
244,35,1080.61,117.91,59.96,179.72,0.4479,-1,-1,-1
244,20,932.65,118.32,60.30,179.22,0.4405,-1,-1,-1
244,30,788.61,342.73,64.85,196.77,0.3871,-1,-1,-1
244,44,786.93,152.12,68.49,170.17,0.3411,-1,-1,-1
245,1,447.63,175.69,74.33,203.91,0.3196,-1,-1,-1
245,2,115.72,564.92,82.32,246.01,0.6233,-1,-1,-1
245,3,935.14,902.31,63.00,177.77,0.7905,-1,-1,-1
245,4,1720.88,458.97,73.58,207.95,0.5892,-1,-1,-1
245,5,1359.18,569.86,116.96,244.65,0.4324,-1,-1,-1
245,21,389.16,517.68,78.79,237.44,0.6787,-1,-1,-1
245,6,217.03,471.38,64.30,200.91,0.5674,-1,-1,-1
245,13,491.60,362.10,72.85,218.46,0.6682,-1,-1,-1
245,31,199.24,729.14,99.88,250.66,0.7023,-1,-1,-1
245,37,163.63,654.93,79.46,152.26,0.5935,-1,-1,-1
245,29,585.96,369.05,60.32,198.70,0.5897,-1,-1,-1
245,35,1079.98,117.39,58.91,179.38,0.4497,-1,-1,-1
245,20,934.41,116.57,59.08,178.95,0.4541,-1,-1,-1
245,30,789.86,343.59,64.26,196.60,0.3798,-1,-1,-1
245,44,786.99,152.46,69.00,170.00,0.3184,-1,-1,-1
245,45,854.70,353.10,66.55,185.10,0.3902,-1,-1,-1
246,1,448.01,176.07,74.59,204.23,0.3246,-1,-1,-1
246,2,118.22,564.61,81.18,250.74,0.6373,-1,-1,-1
246,3,935.26,903.29,63.69,176.78,0.7800,-1,-1,-1
246,4,1720.89,458.53,73.93,209.39,0.6068,-1,-1,-1
246,5,1366.29,571.30,109.46,242.92,0.4673,-1,-1,-1
246,21,389.17,517.13,79.89,238.92,0.6971,-1,-1,-1
246,6,219.08,470.34,63.07,203.50,0.5838,-1,-1,-1
246,13,489.20,363.42,73.61,215.78,0.6925,-1,-1,-1
246,31,202.33,731.22,96.75,254.67,0.6849,-1,-1,-1
246,37,170.30,655.29,77.08,151.18,0.6018,-1,-1,-1
246,29,585.11,370.75,60.73,200.21,0.6292,-1,-1,-1
246,35,1079.32,117.54,58.93,178.70,0.4121,-1,-1,-1
246,20,936.16,115.76,57.44,179.39,0.4114,-1,-1,-1
246,30,791.05,344.97,63.64,195.92,0.3963,-1,-1,-1
246,44,784.85,152.68,71.63,170.18,0.3275,-1,-1,-1
246,45,859.79,352.17,64.16,187.17,0.3856,-1,-1,-1
247,1,448.15,175.59,76.16,204.68,0.3373,-1,-1,-1
247,2,119.70,563.91,83.25,254.60,0.6223,-1,-1,-1
247,3,935.69,903.76,63.60,176.26,0.7677,-1,-1,-1
247,4,1720.27,458.45,74.45,208.95,0.6209,-1,-1,-1
247,5,1369.92,568.69,107.20,247.21,0.5719,-1,-1,-1
247,21,389.46,516.82,80.47,240.20,0.7037,-1,-1,-1
247,6,219.35,468.97,62.63,205.32,0.5815,-1,-1,-1
247,13,487.66,364.44,73.88,215.10,0.7434,-1,-1,-1
247,31,204.54,733.29,96.11,256.07,0.6711,-1,-1,-1
247,37,175.21,656.44,79.94,145.74,0.4376,-1,-1,-1
247,29,584.46,372.32,61.57,203.40,0.6804,-1,-1,-1
247,35,1078.01,116.58,58.29,179.18,0.4382,-1,-1,-1
247,20,936.90,114.48,57.18,177.73,0.4336,-1,-1,-1
247,30,789.84,345.56,64.96,195.71,0.4094,-1,-1,-1
247,44,786.79,152.89,69.77,169.07,0.3060,-1,-1,-1
247,45,863.19,352.24,59.49,188.30,0.3747,-1,-1,-1
248,1,448.58,173.80,77.03,208.75,0.3513,-1,-1,-1
248,2,122.75,563.51,82.92,253.53,0.6796,-1,-1,-1
248,3,935.98,904.75,64.31,175.06,0.7521,-1,-1,-1
248,4,1719.36,459.23,75.23,208.47,0.6282,-1,-1,-1
248,5,1373.93,569.43,104.02,246.31,0.5477,-1,-1,-1
248,21,389.64,516.33,80.75,240.54,0.6928,-1,-1,-1
248,6,220.57,467.47,60.72,203.90,0.5748,-1,-1,-1
248,13,487.18,365.75,72.73,214.90,0.7417,-1,-1,-1
248,31,204.60,734.88,94.97,257.35,0.5897,-1,-1,-1
248,37,179.56,661.38,81.16,144.96,0.3692,-1,-1,-1
248,29,584.37,374.30,60.67,205.98,0.6461,-1,-1,-1
248,35,1077.07,116.27,57.56,180.47,0.4956,-1,-1,-1
248,20,938.43,113.56,56.76,176.22,0.4607,-1,-1,-1
248,30,791.21,345.79,65.20,198.80,0.4234,-1,-1,-1
248,45,863.50,352.81,62.90,190.09,0.4156,-1,-1,-1
249,1,449.19,172.16,77.26,210.35,0.3885,-1,-1,-1
249,2,125.17,564.09,81.35,254.29,0.6679,-1,-1,-1
249,3,936.22,905.32,65.21,174.67,0.7497,-1,-1,-1
249,4,1720.06,459.53,74.17,207.83,0.5910,-1,-1,-1
249,5,1380.12,569.94,96.35,247.34,0.5262,-1,-1,-1
249,21,388.81,515.73,82.50,240.38,0.6853,-1,-1,-1
249,6,220.80,466.78,59.66,197.39,0.5555,-1,-1,-1
249,13,486.51,367.20,72.30,215.67,0.7132,-1,-1,-1
249,31,206.18,740.51,90.81,252.95,0.4883,-1,-1,-1
249,37,181.84,665.24,86.20,208.12,0.4981,-1,-1,-1
249,29,583.71,377.79,60.08,205.41,0.6023,-1,-1,-1
249,35,1075.84,116.00,57.28,182.27,0.4615,-1,-1,-1
249,20,939.42,111.44,57.68,178.33,0.5151,-1,-1,-1
249,30,791.12,346.27,64.49,195.55,0.3833,-1,-1,-1
249,45,862.22,352.85,66.87,190.57,0.3774,-1,-1,-1
249,41,1148.85,111.25,56.54,166.58,0.3423,-1,-1,-1
250,1,449.65,170.49,76.86,211.31,0.3735,-1,-1,-1
250,2,127.84,565.63,81.13,251.54,0.6766,-1,-1,-1
250,3,936.38,905.77,66.35,174.27,0.7302,-1,-1,-1
250,4,1720.74,458.64,73.80,208.71,0.5973,-1,-1,-1
250,5,1385.03,569.73,90.55,246.85,0.5921,-1,-1,-1
250,21,388.70,515.52,83.78,239.34,0.6793,-1,-1,-1
250,6,221.89,465.04,59.31,195.87,0.5543,-1,-1,-1
250,13,486.30,368.91,72.24,217.83,0.6858,-1,-1,-1
250,31,210.38,745.66,89.98,246.42,0.4586,-1,-1,-1
250,37,183.83,668.69,89.42,175.28,0.4681,-1,-1,-1
250,29,582.60,380.74,60.32,203.67,0.6331,-1,-1,-1
250,35,1074.11,115.35,57.59,183.16,0.4139,-1,-1,-1
250,20,938.39,109.86,59.56,179.97,0.4961,-1,-1,-1
250,30,792.03,348.05,65.68,194.80,0.3414,-1,-1,-1
250,45,857.19,354.93,71.03,191.26,0.3943,-1,-1,-1
250,41,1147.52,110.67,56.73,166.36,0.3421,-1,-1,-1
251,1,450.02,168.71,75.23,211.58,0.3775,-1,-1,-1
251,2,130.88,565.69,80.94,252.55,0.7000,-1,-1,-1
251,3,937.55,907.37,66.42,172.85,0.7400,-1,-1,-1
251,4,1720.17,459.05,74.95,208.08,0.6042,-1,-1,-1
251,5,1387.68,568.94,88.92,247.34,0.6259,-1,-1,-1
251,21,388.24,513.23,84.83,239.69,0.6654,-1,-1,-1
251,6,221.99,462.11,59.37,196.72,0.5620,-1,-1,-1
251,13,488.52,369.52,69.70,223.73,0.6535,-1,-1,-1
251,31,211.58,745.78,89.25,247.52,0.5578,-1,-1,-1
251,37,185.75,673.29,91.18,151.58,0.5093,-1,-1,-1
251,29,581.65,383.06,60.31,203.61,0.6521,-1,-1,-1
251,35,1072.84,114.89,57.68,183.77,0.3954,-1,-1,-1
251,20,936.55,109.85,63.16,180.64,0.4688,-1,-1,-1
251,30,791.91,350.73,65.91,192.39,0.3647,-1,-1,-1
251,45,859.75,355.61,69.38,193.15,0.3471,-1,-1,-1
252,1,450.27,167.46,74.60,209.21,0.3792,-1,-1,-1
252,2,133.56,566.16,82.27,250.98,0.7027,-1,-1,-1
252,3,938.23,908.01,66.82,172.06,0.7127,-1,-1,-1
252,4,1720.41,459.51,74.38,207.44,0.5840,-1,-1,-1
252,5,1388.06,569.59,88.13,244.39,0.5677,-1,-1,-1
252,21,389.42,510.42,83.87,240.64,0.6639,-1,-1,-1
252,6,221.66,457.32,59.44,200.44,0.5736,-1,-1,-1
252,13,489.27,371.88,68.79,226.36,0.6547,-1,-1,-1
252,31,211.02,743.35,94.74,249.23,0.6631,-1,-1,-1
252,37,187.23,675.92,91.68,143.46,0.4683,-1,-1,-1
252,29,580.84,384.00,61.09,204.90,0.6667,-1,-1,-1
252,35,1071.95,114.35,57.73,184.14,0.3638,-1,-1,-1
252,20,936.66,107.52,64.20,182.11,0.4819,-1,-1,-1
252,45,862.67,358.75,63.70,190.62,0.3575,-1,-1,-1
253,1,451.81,166.64,72.32,208.32,0.3854,-1,-1,-1
253,2,135.92,566.06,83.72,249.15,0.6960,-1,-1,-1
253,3,938.55,908.26,67.95,171.74,0.7335,-1,-1,-1
253,4,1720.98,458.48,73.88,208.70,0.5705,-1,-1,-1
253,5,1388.95,570.21,87.58,246.10,0.6154,-1,-1,-1
253,21,389.38,507.62,83.57,240.06,0.6689,-1,-1,-1
253,6,221.47,456.56,61.08,199.09,0.6017,-1,-1,-1
253,13,489.05,374.05,69.19,226.28,0.6621,-1,-1,-1
253,31,215.79,740.16,92.70,250.85,0.7348,-1,-1,-1
253,37,193.26,677.43,84.64,137.59,0.4555,-1,-1,-1
253,29,579.29,384.13,61.81,207.29,0.6810,-1,-1,-1
253,35,1069.95,114.38,58.72,183.08,0.3580,-1,-1,-1
253,20,935.69,108.30,65.92,181.70,0.4965,-1,-1,-1
253,41,1144.84,108.35,56.05,170.18,0.3577,-1,-1,-1
254,1,452.57,165.97,71.13,205.50,0.3664,-1,-1,-1
254,2,137.58,565.93,84.89,247.01,0.6677,-1,-1,-1
254,3,939.43,909.33,68.25,170.67,0.7320,-1,-1,-1
254,4,1720.77,458.71,73.73,208.69,0.5815,-1,-1,-1
254,5,1390.03,570.08,87.04,245.94,0.6186,-1,-1,-1
254,21,390.23,504.98,81.36,238.76,0.6362,-1,-1,-1
254,6,221.20,455.73,61.85,198.80,0.5801,-1,-1,-1
254,13,488.81,374.22,69.04,229.47,0.6529,-1,-1,-1
254,31,220.83,738.33,89.40,253.18,0.7766,-1,-1,-1
254,37,194.94,678.39,83.37,136.75,0.4664,-1,-1,-1
254,29,577.95,385.82,62.46,207.54,0.6923,-1,-1,-1
254,35,1069.08,114.09,57.17,183.23,0.3857,-1,-1,-1
254,20,935.35,108.61,67.74,181.75,0.4886,-1,-1,-1
254,41,1144.04,108.02,55.04,169.61,0.3485,-1,-1,-1
254,30,794.88,350.97,68.17,193.35,0.3483,-1,-1,-1
254,45,866.18,361.47,60.28,190.47,0.3532,-1,-1,-1
255,1,455.07,165.27,66.74,202.20,0.3485,-1,-1,-1
255,2,139.84,564.32,84.84,246.10,0.6900,-1,-1,-1
255,3,939.48,909.55,69.77,169.72,0.7317,-1,-1,-1
255,4,1721.03,459.16,72.98,207.79,0.6054,-1,-1,-1
255,5,1390.93,569.56,86.69,248.17,0.6545,-1,-1,-1
255,21,391.38,502.27,80.69,234.35,0.6715,-1,-1,-1
255,6,221.16,455.05,62.73,198.04,0.6188,-1,-1,-1
255,13,488.53,374.81,69.31,230.51,0.6682,-1,-1,-1
255,31,222.10,736.46,91.06,259.05,0.7280,-1,-1,-1
255,37,198.56,680.01,82.49,136.11,0.4729,-1,-1,-1
255,29,577.00,386.18,62.48,208.01,0.7296,-1,-1,-1
255,35,1067.35,113.39,56.99,183.43,0.4076,-1,-1,-1
255,20,934.53,108.52,69.66,180.68,0.4828,-1,-1,-1
255,41,1142.44,107.11,55.20,171.04,0.3294,-1,-1,-1
255,30,797.27,351.14,69.12,198.91,0.3302,-1,-1,-1
255,45,866.00,360.60,67.69,193.04,0.3658,-1,-1,-1
256,1,455.03,164.51,66.92,199.60,0.3199,-1,-1,-1
256,2,141.05,564.62,85.38,244.98,0.6533,-1,-1,-1
256,3,939.39,909.96,71.18,169.82,0.7425,-1,-1,-1
256,4,1720.39,459.10,73.85,208.41,0.5660,-1,-1,-1
256,5,1392.37,568.89,87.10,246.84,0.6370,-1,-1,-1
256,21,391.75,499.02,79.71,231.79,0.6527,-1,-1,-1
256,6,221.08,454.60,62.84,196.83,0.5989,-1,-1,-1
256,13,489.38,375.64,68.17,230.37,0.6657,-1,-1,-1
256,31,226.88,736.75,88.86,265.05,0.7174,-1,-1,-1
256,37,202.52,678.97,87.19,143.77,0.5373,-1,-1,-1
256,29,576.08,387.12,62.51,207.73,0.7454,-1,-1,-1
256,35,1066.20,113.15,56.51,183.27,0.3978,-1,-1,-1
256,20,934.68,107.81,70.09,180.61,0.4858,-1,-1,-1
256,41,1140.49,106.26,55.80,171.46,0.3385,-1,-1,-1
256,45,868.94,362.32,65.77,192.40,0.3302,-1,-1,-1
257,1,455.52,163.37,66.77,197.23,0.3063,-1,-1,-1
257,2,141.43,564.57,88.28,244.64,0.6210,-1,-1,-1
257,3,939.20,910.97,73.05,168.78,0.7509,-1,-1,-1
257,4,1720.13,459.71,73.81,207.55,0.5789,-1,-1,-1
257,5,1394.23,567.81,86.50,245.34,0.6262,-1,-1,-1
257,21,392.15,495.10,79.90,231.99,0.6817,-1,-1,-1
257,6,220.60,453.95,64.25,197.51,0.5734,-1,-1,-1
257,13,488.33,378.13,69.32,228.43,0.6771,-1,-1,-1
257,31,232.77,743.25,86.22,266.96,0.7338,-1,-1,-1
257,37,204.52,679.05,88.40,150.17,0.5771,-1,-1,-1
257,29,575.19,387.54,62.44,206.67,0.7588,-1,-1,-1
257,35,1064.19,112.60,56.87,184.05,0.3663,-1,-1,-1
257,20,934.96,106.96,69.76,181.18,0.4313,-1,-1,-1
257,41,1138.67,105.83,57.23,170.61,0.3210,-1,-1,-1
257,45,870.19,363.70,59.82,187.86,0.3794,-1,-1,-1
258,1,455.78,163.14,67.51,196.21,0.3235,-1,-1,-1
258,2,142.66,564.72,90.20,246.68,0.5900,-1,-1,-1
258,3,938.96,912.55,74.08,166.61,0.7498,-1,-1,-1
258,4,1720.39,459.45,73.86,207.62,0.5669,-1,-1,-1
258,5,1395.70,566.87,85.88,242.08,0.6219,-1,-1,-1
258,21,390.81,492.84,80.47,233.06,0.6806,-1,-1,-1
258,6,221.06,453.15,64.41,197.53,0.5340,-1,-1,-1
258,13,488.90,377.78,68.46,228.95,0.6611,-1,-1,-1
258,31,234.06,747.78,86.40,269.46,0.7663,-1,-1,-1
258,37,210.63,680.18,84.28,154.66,0.5357,-1,-1,-1
258,29,574.93,388.23,61.85,205.25,0.7465,-1,-1,-1
258,35,1063.84,112.70,57.99,182.59,0.3173,-1,-1,-1
258,20,936.57,105.76,68.92,180.12,0.4246,-1,-1,-1
258,45,871.60,363.71,56.53,185.89,0.3488,-1,-1,-1
259,1,458.28,162.40,67.45,197.00,0.3507,-1,-1,-1
259,2,144.25,565.57,92.46,245.71,0.6283,-1,-1,-1
259,3,938.80,913.91,75.85,164.86,0.7305,-1,-1,-1
259,4,1720.04,459.36,74.61,208.29,0.5631,-1,-1,-1
259,5,1399.71,566.56,82.69,238.47,0.5865,-1,-1,-1
259,21,388.97,491.47,82.12,233.48,0.6567,-1,-1,-1
259,6,222.30,452.25,63.11,196.74,0.5074,-1,-1,-1
259,13,487.45,380.85,69.53,225.51,0.6670,-1,-1,-1
259,31,235.12,753.05,86.78,265.99,0.7464,-1,-1,-1
259,37,212.19,681.69,86.62,136.15,0.4737,-1,-1,-1
259,29,574.21,389.62,62.58,203.14,0.7487,-1,-1,-1
259,35,1062.63,112.16,58.22,181.83,0.3247,-1,-1,-1
259,20,938.79,103.79,66.28,179.40,0.4182,-1,-1,-1
259,45,872.44,367.00,52.76,181.58,0.3343,-1,-1,-1
259,30,803.24,353.26,71.26,202.11,0.4110,-1,-1,-1
260,1,458.18,162.21,68.72,197.51,0.3750,-1,-1,-1
260,2,149.65,565.07,89.64,246.39,0.6318,-1,-1,-1
260,3,939.30,914.81,77.89,162.83,0.7217,-1,-1,-1
260,4,1719.71,459.36,74.59,208.46,0.5879,-1,-1,-1
260,5,1402.85,565.91,79.84,239.28,0.5573,-1,-1,-1
260,21,385.09,490.22,85.79,234.80,0.6631,-1,-1,-1
260,6,222.45,451.37,63.06,195.18,0.5083,-1,-1,-1
260,13,489.12,380.76,68.30,226.00,0.6626,-1,-1,-1
260,31,237.40,756.90,85.76,266.91,0.7298,-1,-1,-1
260,37,215.73,682.67,86.52,127.17,0.5331,-1,-1,-1
260,29,573.59,390.89,62.31,200.65,0.7529,-1,-1,-1
260,35,1061.15,110.98,56.85,183.54,0.3457,-1,-1,-1
260,20,939.43,101.63,65.77,175.78,0.4327,-1,-1,-1
260,30,805.86,354.79,67.73,200.34,0.3902,-1,-1,-1
261,1,454.18,161.07,74.46,200.72,0.3851,-1,-1,-1
261,2,156.91,565.05,83.39,247.87,0.6509,-1,-1,-1
261,3,939.41,915.15,80.06,163.04,0.7260,-1,-1,-1
261,4,1720.36,459.54,73.94,208.72,0.5983,-1,-1,-1
261,5,1408.12,565.68,75.58,239.60,0.5527,-1,-1,-1
261,21,380.14,488.26,90.33,236.92,0.6510,-1,-1,-1
261,6,222.44,450.16,63.02,194.11,0.4815,-1,-1,-1
261,13,487.71,383.45,69.20,222.40,0.6898,-1,-1,-1
261,31,239.80,762.28,83.73,260.35,0.6983,-1,-1,-1
261,37,218.17,684.32,86.49,126.33,0.6275,-1,-1,-1
261,29,573.49,392.59,61.79,197.96,0.7489,-1,-1,-1
261,20,939.31,99.41,65.60,174.13,0.4453,-1,-1,-1
261,30,804.98,354.51,70.52,201.91,0.3709,-1,-1,-1
262,1,457.43,161.54,71.05,199.20,0.3845,-1,-1,-1
262,2,161.67,565.23,83.05,250.17,0.6473,-1,-1,-1
262,3,938.24,916.87,82.28,160.40,0.7269,-1,-1,-1
262,4,1720.27,459.91,74.15,208.38,0.5945,-1,-1,-1
262,5,1410.27,564.17,76.58,240.02,0.5657,-1,-1,-1
262,21,377.39,486.88,92.72,237.52,0.6311,-1,-1,-1
262,6,222.43,448.85,63.16,193.29,0.5126,-1,-1,-1
262,13,487.91,384.68,68.76,220.83,0.7157,-1,-1,-1
262,31,241.68,764.39,85.03,263.27,0.6922,-1,-1,-1
262,37,222.31,686.79,83.48,125.38,0.5634,-1,-1,-1
262,29,573.20,394.84,61.52,196.70,0.7372,-1,-1,-1
262,20,938.38,98.14,66.23,171.91,0.4972,-1,-1,-1
262,30,806.34,355.31,68.75,201.79,0.4087,-1,-1,-1
262,35,1058.39,108.47,57.12,184.04,0.3759,-1,-1,-1
263,1,455.83,160.43,70.66,201.38,0.3654,-1,-1,-1
263,2,165.83,565.38,80.40,251.38,0.6833,-1,-1,-1
263,3,937.05,918.15,84.60,158.73,0.7392,-1,-1,-1
263,4,1719.97,460.02,74.71,208.20,0.5727,-1,-1,-1
263,5,1411.19,564.85,76.20,237.49,0.5933,-1,-1,-1
263,21,375.94,485.51,93.45,238.51,0.6100,-1,-1,-1
263,6,223.53,446.62,62.47,191.57,0.5247,-1,-1,-1
263,13,487.64,385.22,68.86,220.06,0.6995,-1,-1,-1
263,31,243.30,767.91,85.58,262.97,0.6713,-1,-1,-1
263,37,224.77,688.64,83.83,124.27,0.4594,-1,-1,-1
263,29,572.51,396.50,62.17,198.14,0.7084,-1,-1,-1
263,20,938.71,96.34,65.70,174.03,0.4814,-1,-1,-1
263,30,805.02,355.47,72.60,204.63,0.4034,-1,-1,-1
263,35,1056.83,107.16,57.73,184.39,0.3885,-1,-1,-1
264,1,458.35,160.37,67.74,200.19,0.3312,-1,-1,-1
264,2,169.42,564.74,78.43,252.77,0.6903,-1,-1,-1
264,3,937.14,919.52,85.11,156.67,0.7567,-1,-1,-1
264,4,1720.51,459.83,74.30,208.48,0.5835,-1,-1,-1
264,5,1411.47,565.11,78.77,237.00,0.6156,-1,-1,-1
264,21,374.45,484.76,94.19,238.45,0.6064,-1,-1,-1
264,6,225.30,447.16,61.32,188.16,0.5598,-1,-1,-1
264,13,486.55,385.52,69.96,218.59,0.6892,-1,-1,-1
264,31,245.86,771.56,86.31,261.32,0.7472,-1,-1,-1
264,37,231.86,691.62,78.09,120.57,0.6105,-1,-1,-1
264,29,571.11,397.50,62.51,199.52,0.6841,-1,-1,-1
264,20,938.08,94.51,66.34,176.58,0.4408,-1,-1,-1
264,30,803.49,357.57,70.75,204.84,0.3898,-1,-1,-1
264,35,1054.87,106.91,57.67,179.27,0.3527,-1,-1,-1
265,1,459.71,161.06,64.95,199.47,0.3728,-1,-1,-1
265,2,173.07,565.43,76.25,254.24,0.6907,-1,-1,-1
265,3,937.99,920.12,85.33,156.24,0.7554,-1,-1,-1
265,4,1720.63,460.04,74.07,208.33,0.6007,-1,-1,-1
265,5,1411.76,565.47,79.05,239.02,0.5871,-1,-1,-1
265,21,373.50,484.07,94.50,238.54,0.6553,-1,-1,-1
265,6,226.66,444.73,60.82,188.44,0.5294,-1,-1,-1
265,13,486.09,385.78,69.73,218.35,0.6718,-1,-1,-1
265,31,247.29,772.53,86.12,261.38,0.7680,-1,-1,-1
265,37,238.07,694.78,72.44,119.78,0.5715,-1,-1,-1
265,29,570.11,399.02,63.07,198.99,0.7247,-1,-1,-1
265,20,938.98,93.17,64.95,178.85,0.4708,-1,-1,-1
265,30,803.04,358.38,72.88,207.41,0.3663,-1,-1,-1
265,35,1053.96,106.20,56.77,176.67,0.3830,-1,-1,-1
266,1,460.72,160.30,64.10,201.04,0.3284,-1,-1,-1
266,2,176.16,566.13,77.12,255.89,0.6934,-1,-1,-1
266,3,938.12,920.60,86.09,155.84,0.7624,-1,-1,-1
266,4,1720.47,460.32,74.12,208.13,0.5899,-1,-1,-1
266,5,1412.08,565.50,79.40,242.91,0.5707,-1,-1,-1
266,21,373.41,483.58,94.44,237.68,0.6407,-1,-1,-1
266,6,226.03,444.05,61.55,184.30,0.4924,-1,-1,-1
266,13,484.98,385.52,69.41,219.83,0.6286,-1,-1,-1
266,31,249.96,774.52,90.33,259.47,0.7715,-1,-1,-1
266,37,245.54,698.20,66.75,117.84,0.5293,-1,-1,-1
266,29,568.37,400.89,64.14,201.50,0.6708,-1,-1,-1
266,20,939.60,92.46,64.95,178.91,0.4589,-1,-1,-1
266,30,802.26,359.65,76.43,209.26,0.3991,-1,-1,-1
266,35,1053.31,105.20,56.52,177.65,0.4406,-1,-1,-1
266,41,1126.33,96.54,55.20,165.66,0.3526,-1,-1,-1
267,1,461.50,159.64,64.16,201.22,0.3720,-1,-1,-1
267,2,178.94,567.00,77.43,259.56,0.6873,-1,-1,-1
267,3,938.85,920.55,85.89,156.13,0.7636,-1,-1,-1
267,4,1720.27,460.11,74.84,208.18,0.5666,-1,-1,-1
267,5,1412.57,565.30,78.86,244.31,0.5651,-1,-1,-1
267,21,373.10,481.36,93.78,238.24,0.6064,-1,-1,-1
267,6,224.56,441.56,63.41,184.85,0.4865,-1,-1,-1
267,13,482.33,386.00,70.31,221.30,0.6257,-1,-1,-1
267,31,249.61,773.48,92.96,261.00,0.7581,-1,-1,-1
267,37,249.23,701.36,66.39,114.79,0.5142,-1,-1,-1
267,29,567.15,402.26,64.74,204.13,0.6510,-1,-1,-1
267,20,939.87,91.57,65.25,179.70,0.4571,-1,-1,-1
267,30,802.46,361.52,74.09,211.47,0.3821,-1,-1,-1
267,35,1051.33,104.32,57.83,178.65,0.4609,-1,-1,-1
267,41,1124.33,96.08,56.57,166.75,0.3902,-1,-1,-1
268,1,462.00,157.63,64.73,202.84,0.3731,-1,-1,-1
268,2,182.08,568.53,76.32,259.33,0.7073,-1,-1,-1
268,3,940.59,920.40,84.43,156.50,0.7583,-1,-1,-1
268,4,1720.39,460.09,74.17,208.15,0.5799,-1,-1,-1
268,5,1413.08,564.77,78.24,245.08,0.5938,-1,-1,-1
268,21,373.18,479.54,92.18,238.81,0.6349,-1,-1,-1
268,6,224.08,439.75,63.85,186.23,0.5369,-1,-1,-1
268,13,479.82,387.92,72.07,222.86,0.6267,-1,-1,-1
268,31,251.34,771.11,90.10,263.44,0.7429,-1,-1,-1
268,37,253.68,704.04,65.39,112.68,0.5485,-1,-1,-1
268,29,565.85,403.30,65.84,205.60,0.6221,-1,-1,-1
268,20,941.66,91.84,64.97,179.06,0.4517,-1,-1,-1
268,30,803.48,362.57,72.06,214.59,0.3771,-1,-1,-1
268,35,1049.90,104.69,58.75,178.00,0.4540,-1,-1,-1
268,41,1122.71,96.19,57.26,167.30,0.4121,-1,-1,-1
269,1,462.11,158.66,65.25,199.87,0.4035,-1,-1,-1
269,2,184.07,570.92,78.54,254.98,0.7132,-1,-1,-1
269,3,942.76,920.56,83.19,156.69,0.7533,-1,-1,-1
269,4,1720.65,460.47,73.96,207.21,0.5951,-1,-1,-1
269,5,1414.02,566.00,78.47,244.15,0.5817,-1,-1,-1
269,21,374.04,477.87,90.90,239.18,0.6510,-1,-1,-1
269,6,224.58,437.72,64.03,188.72,0.5009,-1,-1,-1
269,13,476.77,389.53,74.36,222.11,0.6336,-1,-1,-1
269,31,252.42,773.57,90.26,261.17,0.7193,-1,-1,-1
269,37,257.15,705.93,66.18,112.68,0.5752,-1,-1,-1
269,29,565.36,401.40,66.85,208.43,0.6021,-1,-1,-1
269,20,942.40,91.85,64.72,178.61,0.4962,-1,-1,-1
269,30,805.55,365.47,66.84,213.16,0.4108,-1,-1,-1
269,35,1048.58,104.56,59.04,176.29,0.4450,-1,-1,-1
269,41,1121.47,95.84,57.61,167.54,0.3738,-1,-1,-1
270,1,462.64,155.53,62.89,201.67,0.3787,-1,-1,-1
270,2,185.71,572.14,81.59,249.56,0.6871,-1,-1,-1
270,3,944.12,920.85,82.23,157.16,0.7538,-1,-1,-1
270,4,1720.63,460.97,73.94,206.68,0.5596,-1,-1,-1
270,5,1416.16,569.04,79.70,241.52,0.5699,-1,-1,-1
270,21,374.94,475.62,89.44,236.70,0.6327,-1,-1,-1
270,6,225.26,436.48,63.40,190.06,0.4791,-1,-1,-1
270,13,475.07,391.92,75.15,221.56,0.6353,-1,-1,-1
270,31,256.14,770.78,87.60,263.16,0.7717,-1,-1,-1
270,37,259.85,706.75,68.43,109.24,0.5492,-1,-1,-1
270,29,564.42,401.72,68.03,211.42,0.6105,-1,-1,-1
270,20,941.94,91.58,66.30,178.68,0.4809,-1,-1,-1
270,30,806.14,367.37,65.26,211.90,0.3770,-1,-1,-1
270,35,1047.00,104.17,59.14,176.67,0.4332,-1,-1,-1
270,41,1120.37,95.84,57.66,167.81,0.3589,-1,-1,-1
271,1,462.91,155.78,63.67,201.03,0.3588,-1,-1,-1
271,2,187.33,573.98,84.12,246.70,0.6547,-1,-1,-1
271,3,945.37,921.48,81.48,156.66,0.7319,-1,-1,-1
271,4,1720.03,460.45,74.74,207.92,0.5710,-1,-1,-1
271,5,1419.34,572.46,79.66,239.26,0.5320,-1,-1,-1
271,21,377.95,472.52,86.09,231.32,0.6257,-1,-1,-1
271,6,226.33,435.35,62.05,187.11,0.4749,-1,-1,-1
271,13,473.65,393.56,75.90,220.14,0.6234,-1,-1,-1
271,31,258.89,771.91,86.01,261.74,0.7423,-1,-1,-1
271,37,262.47,707.99,70.75,112.37,0.4877,-1,-1,-1
271,29,564.59,402.43,66.96,210.04,0.6058,-1,-1,-1
271,20,942.23,90.94,66.50,177.90,0.5078,-1,-1,-1
271,30,810.07,369.94,61.72,213.10,0.4078,-1,-1,-1
271,35,1045.13,103.76,59.73,177.94,0.4225,-1,-1,-1
271,41,1118.31,95.46,58.19,167.62,0.3163,-1,-1,-1
272,1,463.22,154.40,65.20,201.15,0.3685,-1,-1,-1
272,2,189.07,574.44,86.32,246.28,0.6721,-1,-1,-1
272,3,945.92,921.79,81.13,156.43,0.7196,-1,-1,-1
272,4,1720.03,460.31,74.48,207.31,0.5510,-1,-1,-1
272,5,1421.77,574.71,79.87,240.47,0.5202,-1,-1,-1
272,21,383.66,469.01,81.74,227.62,0.5986,-1,-1,-1
272,6,227.75,433.71,60.43,186.76,0.4508,-1,-1,-1
272,13,472.19,395.12,76.39,219.59,0.5954,-1,-1,-1
272,31,259.81,778.75,87.65,258.86,0.7314,-1,-1,-1
272,37,267.48,708.43,71.51,116.65,0.5237,-1,-1,-1
272,29,564.29,402.92,66.37,212.38,0.5543,-1,-1,-1
272,20,941.78,90.38,67.97,178.43,0.4844,-1,-1,-1
272,30,810.41,371.66,61.43,214.45,0.3818,-1,-1,-1
272,35,1042.56,103.51,60.65,178.60,0.3876,-1,-1,-1
272,41,1116.49,96.12,56.47,166.07,0.3192,-1,-1,-1
272,45,877.55,380.04,60.19,185.96,0.3475,-1,-1,-1
273,1,463.63,152.94,64.55,199.98,0.4018,-1,-1,-1
273,2,190.69,575.39,89.42,245.82,0.6831,-1,-1,-1
273,3,945.87,922.14,81.47,156.27,0.7230,-1,-1,-1
273,4,1719.99,460.48,74.11,207.32,0.5611,-1,-1,-1
273,5,1423.76,579.12,78.34,237.03,0.4939,-1,-1,-1
273,21,387.11,465.68,78.57,226.30,0.5863,-1,-1,-1
273,6,229.00,432.76,59.04,184.53,0.4703,-1,-1,-1
273,13,471.19,396.45,75.57,218.79,0.6026,-1,-1,-1
273,31,258.75,781.36,91.30,261.08,0.7240,-1,-1,-1
273,37,272.67,708.76,73.12,123.82,0.5733,-1,-1,-1
273,29,562.65,404.20,67.11,212.57,0.5500,-1,-1,-1
273,20,942.11,89.35,66.84,178.72,0.4868,-1,-1,-1
273,30,809.38,373.10,62.99,211.90,0.3547,-1,-1,-1
273,35,1039.95,102.71,62.41,178.14,0.3629,-1,-1,-1
273,41,1114.12,95.30,61.21,166.64,0.3025,-1,-1,-1
273,45,880.92,379.45,57.61,189.37,0.3398,-1,-1,-1
274,1,463.43,152.09,63.80,196.78,0.4003,-1,-1,-1
274,2,192.92,576.31,90.98,246.95,0.6954,-1,-1,-1
274,3,945.98,922.33,81.35,156.37,0.7052,-1,-1,-1
274,4,1720.39,460.36,73.73,207.52,0.5941,-1,-1,-1
274,5,1425.22,579.37,78.47,239.15,0.5281,-1,-1,-1
274,21,387.50,462.26,78.44,227.56,0.6227,-1,-1,-1
274,6,229.03,431.68,58.67,183.34,0.4639,-1,-1,-1
274,13,470.44,397.43,74.68,218.68,0.6236,-1,-1,-1
274,31,261.60,785.36,93.26,262.15,0.7130,-1,-1,-1
274,37,276.41,708.93,74.80,136.00,0.6443,-1,-1,-1
274,29,560.62,404.98,67.06,211.87,0.5339,-1,-1,-1
274,20,942.46,88.25,65.84,179.54,0.5138,-1,-1,-1
274,30,807.48,373.78,63.11,212.30,0.3452,-1,-1,-1
274,35,1036.06,102.19,66.42,178.42,0.3898,-1,-1,-1
274,41,1112.62,94.69,63.28,166.04,0.3419,-1,-1,-1
274,45,883.41,381.75,55.79,189.03,0.3506,-1,-1,-1
275,1,463.41,151.06,63.89,194.83,0.4032,-1,-1,-1
275,2,194.67,577.88,93.81,249.34,0.6725,-1,-1,-1
275,3,945.10,922.38,82.56,156.46,0.7234,-1,-1,-1
275,4,1720.46,460.16,73.61,207.57,0.5895,-1,-1,-1
275,5,1427.90,580.09,77.59,239.61,0.5103,-1,-1,-1
275,21,387.12,461.15,78.97,226.67,0.6139,-1,-1,-1
275,6,228.59,430.47,59.76,188.06,0.3371,-1,-1,-1
275,13,469.85,397.75,73.46,216.99,0.6620,-1,-1,-1
275,31,265.77,783.35,92.50,266.98,0.7037,-1,-1,-1
275,37,277.79,711.31,80.95,140.16,0.4186,-1,-1,-1
275,29,559.48,405.77,66.58,209.50,0.5952,-1,-1,-1
275,20,942.42,86.25,65.53,180.91,0.4998,-1,-1,-1
275,30,810.83,374.49,61.36,211.04,0.3944,-1,-1,-1
275,35,1032.67,102.38,69.05,178.95,0.3354,-1,-1,-1
275,41,1111.03,94.35,64.18,168.04,0.3063,-1,-1,-1
275,45,885.56,380.90,54.93,191.27,0.3567,-1,-1,-1
276,1,462.79,149.86,65.31,194.25,0.4030,-1,-1,-1
276,2,195.85,577.97,94.73,249.16,0.6740,-1,-1,-1
276,3,944.26,922.85,83.58,156.11,0.7484,-1,-1,-1
276,4,1719.79,460.42,74.25,206.98,0.5906,-1,-1,-1
276,5,1431.26,579.51,75.66,241.48,0.5310,-1,-1,-1
276,21,387.59,459.75,78.55,226.92,0.6325,-1,-1,-1
276,6,228.30,428.67,59.70,191.37,0.3359,-1,-1,-1
276,13,468.46,398.81,73.38,216.75,0.6650,-1,-1,-1
276,31,270.24,783.67,91.72,270.88,0.6299,-1,-1,-1
276,37,280.15,714.59,84.52,141.84,0.3168,-1,-1,-1
276,29,557.87,407.19,67.20,206.99,0.6338,-1,-1,-1
276,20,943.20,84.63,63.73,180.69,0.4536,-1,-1,-1
276,30,809.68,374.51,63.26,211.02,0.4044,-1,-1,-1
276,35,1031.22,102.53,68.99,179.64,0.3314,-1,-1,-1
276,45,886.23,382.05,56.06,191.06,0.3094,-1,-1,-1
277,1,463.26,147.70,65.88,195.29,0.3743,-1,-1,-1
277,2,196.88,577.36,91.93,249.67,0.6507,-1,-1,-1
277,3,943.84,923.48,84.19,155.10,0.7527,-1,-1,-1
277,4,1719.26,459.93,74.84,208.16,0.5905,-1,-1,-1
277,5,1434.24,580.02,74.26,242.51,0.4950,-1,-1,-1
277,21,388.51,458.91,78.44,227.61,0.6088,-1,-1,-1
277,6,228.80,426.66,58.69,186.56,0.3895,-1,-1,-1
277,13,466.86,400.80,72.59,216.35,0.6852,-1,-1,-1
277,31,272.75,784.11,89.12,276.31,0.6519,-1,-1,-1
277,37,282.54,718.05,88.75,142.91,0.5264,-1,-1,-1
277,29,557.12,409.41,66.57,204.55,0.6591,-1,-1,-1
277,20,943.83,83.81,60.59,176.37,0.4626,-1,-1,-1
277,30,809.50,375.23,64.51,210.34,0.3811,-1,-1,-1
277,35,1030.11,102.70,69.00,179.64,0.3398,-1,-1,-1
277,45,885.02,386.37,61.38,185.21,0.3402,-1,-1,-1
278,1,464.00,146.76,64.95,195.92,0.3478,-1,-1,-1
278,2,198.19,576.49,87.54,250.90,0.6512,-1,-1,-1
278,3,943.60,923.74,84.46,154.29,0.7646,-1,-1,-1
278,4,1719.31,459.57,75.17,209.00,0.5593,-1,-1,-1
278,5,1436.15,582.11,74.20,242.28,0.4393,-1,-1,-1
278,21,388.76,458.67,79.23,226.86,0.5992,-1,-1,-1
278,6,228.69,424.73,58.85,180.02,0.4276,-1,-1,-1
278,13,465.82,401.43,71.01,216.76,0.6676,-1,-1,-1
278,31,275.02,788.32,84.24,274.74,0.6252,-1,-1,-1
278,37,284.29,721.12,95.68,144.34,0.6426,-1,-1,-1
278,29,555.49,411.06,67.11,204.46,0.6520,-1,-1,-1
278,20,942.80,82.02,61.96,176.24,0.4516,-1,-1,-1
278,30,812.40,376.45,62.67,208.94,0.3481,-1,-1,-1
278,35,1030.84,102.02,65.16,178.41,0.3738,-1,-1,-1
278,45,884.76,388.05,63.21,184.02,0.3889,-1,-1,-1
279,1,463.95,146.52,64.94,196.52,0.3521,-1,-1,-1
279,2,201.50,577.19,80.71,250.69,0.5896,-1,-1,-1
279,3,942.98,924.03,85.06,154.03,0.7570,-1,-1,-1
279,4,1720.39,459.42,73.94,209.35,0.5667,-1,-1,-1
279,21,388.12,458.14,80.89,228.35,0.5898,-1,-1,-1
279,6,229.16,423.12,58.73,176.88,0.4414,-1,-1,-1
279,13,465.30,403.69,69.72,213.39,0.6848,-1,-1,-1
279,31,276.83,792.73,83.45,277.89,0.6414,-1,-1,-1
279,37,286.49,725.16,102.32,143.24,0.6490,-1,-1,-1
279,29,554.60,412.75,66.82,204.27,0.6604,-1,-1,-1
279,20,942.31,79.45,61.22,177.51,0.4324,-1,-1,-1
279,30,815.61,378.18,59.79,207.68,0.3967,-1,-1,-1
279,35,1030.57,101.58,63.25,177.22,0.3994,-1,-1,-1
279,45,884.64,390.12,62.54,185.47,0.3319,-1,-1,-1
279,46,747.25,333.53,55.35,187.70,0.4048,-1,-1,-1
280,1,463.58,145.01,66.18,198.73,0.3234,-1,-1,-1
280,2,207.63,581.58,70.01,245.30,0.5344,-1,-1,-1
280,3,942.20,924.53,86.22,153.35,0.7599,-1,-1,-1
280,4,1720.66,459.13,73.29,209.50,0.5722,-1,-1,-1
280,21,388.55,457.46,80.67,230.00,0.6086,-1,-1,-1
280,6,229.38,421.29,58.59,178.19,0.4718,-1,-1,-1
280,13,465.42,405.12,67.63,212.86,0.7120,-1,-1,-1
280,31,277.61,796.52,83.14,278.73,0.6422,-1,-1,-1
280,37,289.43,726.98,106.56,143.58,0.6615,-1,-1,-1
280,29,553.93,414.96,66.48,206.18,0.6500,-1,-1,-1
280,20,941.99,78.49,61.15,178.01,0.4328,-1,-1,-1
280,30,817.67,379.67,57.68,205.52,0.3634,-1,-1,-1
280,35,1028.17,100.49,67.69,179.51,0.4261,-1,-1,-1
280,45,883.71,391.82,63.69,187.97,0.3277,-1,-1,-1
280,46,748.47,337.73,59.66,187.56,0.4455,-1,-1,-1
281,1,463.66,143.97,66.72,199.80,0.3407,-1,-1,-1
281,2,209.33,581.26,70.10,248.76,0.5730,-1,-1,-1
281,3,941.53,924.06,86.69,154.07,0.7632,-1,-1,-1
281,4,1720.07,459.61,74.00,209.09,0.5691,-1,-1,-1
281,21,390.10,456.68,78.71,230.00,0.6385,-1,-1,-1
281,6,228.87,419.26,60.36,183.96,0.4025,-1,-1,-1
281,13,464.95,405.69,66.62,212.89,0.6512,-1,-1,-1
281,31,279.91,798.48,83.40,278.22,0.6532,-1,-1,-1
281,37,293.05,729.82,107.37,142.31,0.6484,-1,-1,-1
281,29,553.40,417.44,65.53,206.55,0.6400,-1,-1,-1
281,20,941.56,77.44,60.67,178.27,0.4340,-1,-1,-1
281,30,818.87,380.62,57.18,201.39,0.3211,-1,-1,-1
281,35,1027.64,100.50,64.26,176.80,0.4628,-1,-1,-1
281,45,885.73,394.62,63.50,185.86,0.3181,-1,-1,-1
281,46,752.02,340.56,57.81,182.93,0.3421,-1,-1,-1
281,5,1439.01,586.42,75.33,240.10,0.4650,-1,-1,-1
282,1,463.83,143.15,67.39,200.66,0.3178,-1,-1,-1
282,2,215.07,584.25,65.07,245.07,0.6071,-1,-1,-1
282,3,940.86,924.07,87.27,153.80,0.7612,-1,-1,-1
282,4,1719.88,460.23,73.77,209.11,0.6168,-1,-1,-1
282,21,390.50,455.40,76.93,229.09,0.6571,-1,-1,-1
282,6,228.47,416.68,61.34,188.71,0.4559,-1,-1,-1
282,13,465.18,406.35,64.90,211.44,0.6620,-1,-1,-1
282,31,281.80,800.35,83.70,277.20,0.7255,-1,-1,-1
282,37,297.76,733.22,107.64,144.58,0.6510,-1,-1,-1
282,29,552.44,419.19,64.87,205.05,0.6606,-1,-1,-1
282,20,940.58,77.21,61.25,177.91,0.4612,-1,-1,-1
282,30,819.98,382.22,57.49,189.86,0.3030,-1,-1,-1
282,35,1025.97,99.79,63.15,175.38,0.4269,-1,-1,-1
282,46,755.48,342.14,57.25,178.36,0.4132,-1,-1,-1
282,5,1439.32,585.76,76.02,240.46,0.4946,-1,-1,-1
282,41,1101.68,92.29,56.75,161.67,0.3526,-1,-1,-1
283,1,464.01,143.77,67.84,199.95,0.3090,-1,-1,-1
283,2,218.84,584.50,64.17,245.09,0.5963,-1,-1,-1
283,3,940.73,923.96,87.61,153.78,0.7738,-1,-1,-1
283,4,1720.45,459.72,73.51,209.41,0.6041,-1,-1,-1
283,21,389.45,452.23,77.88,230.91,0.6525,-1,-1,-1
283,6,228.54,415.02,61.74,185.21,0.4088,-1,-1,-1
283,13,465.47,407.58,64.39,212.07,0.6540,-1,-1,-1
283,31,283.25,800.38,84.56,277.54,0.7057,-1,-1,-1
283,37,302.38,736.35,106.81,140.24,0.5674,-1,-1,-1
283,29,552.61,421.02,62.63,205.67,0.6496,-1,-1,-1
283,20,940.61,78.44,59.25,173.08,0.4838,-1,-1,-1
283,30,820.04,383.14,58.25,194.49,0.3062,-1,-1,-1
283,35,1023.72,98.80,63.12,175.24,0.4518,-1,-1,-1
283,46,759.24,344.01,57.08,175.35,0.3830,-1,-1,-1
283,5,1440.16,584.45,76.67,241.75,0.4685,-1,-1,-1
283,41,1100.43,92.10,57.02,162.02,0.3741,-1,-1,-1
284,1,463.27,143.06,67.73,200.12,0.3431,-1,-1,-1
284,2,222.97,581.24,63.44,252.04,0.5659,-1,-1,-1
284,3,939.30,923.29,88.99,154.57,0.7676,-1,-1,-1
284,4,1720.29,460.05,73.88,209.05,0.5969,-1,-1,-1
284,21,391.15,449.76,75.70,232.03,0.6483,-1,-1,-1
284,6,228.76,412.81,60.60,179.20,0.3737,-1,-1,-1
284,13,464.63,409.16,65.93,214.87,0.6215,-1,-1,-1
284,31,283.55,801.33,86.07,277.13,0.7167,-1,-1,-1
284,37,307.03,738.71,104.37,138.47,0.5649,-1,-1,-1
284,29,552.06,423.23,62.94,208.55,0.6629,-1,-1,-1
284,20,940.73,78.59,58.96,172.09,0.4619,-1,-1,-1
284,35,1021.44,97.42,63.19,176.99,0.4284,-1,-1,-1
284,46,763.07,345.87,57.38,174.28,0.3533,-1,-1,-1
284,5,1440.88,582.34,77.28,244.03,0.4534,-1,-1,-1
284,41,1098.76,92.15,56.96,162.81,0.3392,-1,-1,-1
285,1,463.16,142.87,66.12,200.10,0.3239,-1,-1,-1
285,2,226.93,579.92,63.19,254.19,0.5491,-1,-1,-1
285,3,938.24,922.60,89.54,154.95,0.7723,-1,-1,-1
285,4,1720.43,460.29,74.09,208.45,0.5914,-1,-1,-1
285,21,391.94,448.13,74.35,232.11,0.6452,-1,-1,-1
285,6,227.82,412.46,62.41,183.72,0.3838,-1,-1,-1
285,13,464.45,409.99,66.19,217.33,0.6051,-1,-1,-1
285,31,284.21,802.28,87.34,276.28,0.6994,-1,-1,-1
285,37,308.16,740.83,104.71,138.12,0.5574,-1,-1,-1
285,29,551.24,424.16,61.64,210.65,0.6517,-1,-1,-1
285,20,940.55,78.83,60.15,173.47,0.4665,-1,-1,-1
285,35,1019.70,97.05,65.52,176.54,0.4519,-1,-1,-1
285,46,766.05,349.50,59.12,183.61,0.3533,-1,-1,-1
285,5,1443.81,580.31,78.48,245.64,0.5650,-1,-1,-1
285,41,1096.42,91.29,56.89,162.51,0.3303,-1,-1,-1
286,1,463.15,143.82,63.83,198.16,0.3005,-1,-1,-1
286,2,231.06,578.48,62.91,256.21,0.5470,-1,-1,-1
286,3,939.20,922.17,87.60,155.49,0.7622,-1,-1,-1
286,4,1720.85,460.08,73.26,208.51,0.6184,-1,-1,-1
286,21,392.25,445.92,73.52,231.35,0.6347,-1,-1,-1
286,6,228.71,411.24,62.34,195.94,0.3329,-1,-1,-1
286,13,464.03,411.06,66.42,222.02,0.6053,-1,-1,-1
286,31,284.57,804.14,90.33,273.80,0.7233,-1,-1,-1
286,37,308.73,742.78,104.40,137.76,0.5544,-1,-1,-1
286,29,549.03,425.32,62.75,211.49,0.6244,-1,-1,-1
286,20,940.44,78.54,60.58,174.42,0.4634,-1,-1,-1
286,35,1018.36,97.01,61.45,177.92,0.4906,-1,-1,-1
286,5,1446.44,580.00,78.79,247.30,0.4795,-1,-1,-1
286,41,1095.17,90.13,53.93,164.71,0.3440,-1,-1,-1
286,45,893.51,398.73,65.65,195.69,0.3613,-1,-1,-1
286,30,825.19,386.09,57.28,203.10,0.3702,-1,-1,-1
287,1,462.10,143.60,64.31,198.15,0.3315,-1,-1,-1
287,2,233.42,579.74,63.45,255.32,0.5447,-1,-1,-1
287,3,939.37,922.23,86.68,155.69,0.7800,-1,-1,-1
287,4,1720.66,459.78,73.26,208.93,0.6068,-1,-1,-1
287,21,392.43,444.09,73.57,226.00,0.6042,-1,-1,-1
287,6,229.36,411.42,62.67,207.65,0.3092,-1,-1,-1
287,13,463.93,412.33,65.91,224.06,0.5960,-1,-1,-1
287,31,285.60,808.05,92.83,268.95,0.7517,-1,-1,-1
287,37,310.38,742.86,103.06,139.04,0.5582,-1,-1,-1
287,29,545.72,426.11,64.72,211.34,0.6319,-1,-1,-1
287,20,940.06,78.07,61.12,176.15,0.4507,-1,-1,-1
287,35,1017.62,96.81,60.31,178.02,0.4811,-1,-1,-1
287,5,1449.28,579.79,79.63,247.33,0.5470,-1,-1,-1
287,41,1093.10,90.45,55.14,164.38,0.3661,-1,-1,-1
287,45,893.67,399.47,64.09,195.99,0.3728,-1,-1,-1
287,30,823.55,390.49,67.24,204.54,0.3712,-1,-1,-1
288,1,462.43,143.89,65.78,197.28,0.3234,-1,-1,-1
288,2,234.24,579.44,65.72,255.67,0.5792,-1,-1,-1
288,3,940.08,921.84,84.88,155.92,0.7600,-1,-1,-1
288,4,1720.64,460.03,73.06,208.60,0.6026,-1,-1,-1
288,21,393.15,441.58,72.54,222.80,0.6231,-1,-1,-1
288,6,230.12,410.54,62.71,203.33,0.3249,-1,-1,-1
288,13,462.25,409.60,66.18,227.50,0.5782,-1,-1,-1
288,31,286.50,811.42,94.34,267.36,0.7661,-1,-1,-1
288,37,310.88,743.38,99.11,138.82,0.5782,-1,-1,-1
288,29,542.98,426.64,66.35,210.80,0.6145,-1,-1,-1
288,20,939.00,75.42,59.56,176.20,0.5023,-1,-1,-1
288,35,1017.19,96.01,59.75,176.93,0.5123,-1,-1,-1
288,5,1450.84,582.47,80.93,242.17,0.5275,-1,-1,-1
288,41,1091.70,90.19,55.94,164.49,0.4101,-1,-1,-1
288,45,894.15,400.28,63.86,196.00,0.3706,-1,-1,-1
288,30,824.35,393.54,70.72,203.79,0.4151,-1,-1,-1
289,1,462.71,143.52,64.82,197.89,0.3106,-1,-1,-1
289,2,235.52,580.06,67.82,254.26,0.5509,-1,-1,-1
289,3,940.75,921.28,82.19,156.31,0.7492,-1,-1,-1
289,4,1720.09,459.32,73.88,210.18,0.5915,-1,-1,-1
289,21,393.43,439.33,72.38,221.38,0.6236,-1,-1,-1
289,6,231.56,409.18,61.42,191.02,0.4105,-1,-1,-1
289,13,461.77,411.36,65.43,227.88,0.6396,-1,-1,-1
289,31,288.71,812.63,95.46,266.81,0.7543,-1,-1,-1
289,37,310.69,743.62,98.43,142.06,0.5943,-1,-1,-1
289,29,540.77,427.35,67.64,210.39,0.6193,-1,-1,-1
289,20,938.34,73.91,58.17,175.58,0.5159,-1,-1,-1
289,35,1016.14,94.98,61.43,177.44,0.4767,-1,-1,-1
289,5,1452.10,582.19,82.77,240.43,0.4919,-1,-1,-1
289,41,1091.08,90.87,56.01,164.07,0.3941,-1,-1,-1
289,45,895.76,400.63,64.50,195.10,0.3241,-1,-1,-1
289,30,825.40,394.46,71.06,203.50,0.3776,-1,-1,-1
290,2,236.92,581.32,67.59,253.39,0.5761,-1,-1,-1
290,3,941.43,920.45,79.52,156.66,0.7535,-1,-1,-1
290,4,1720.20,459.41,73.94,209.62,0.5992,-1,-1,-1
290,21,390.46,437.34,75.32,223.66,0.6009,-1,-1,-1
290,6,233.33,408.57,59.94,184.84,0.4551,-1,-1,-1
290,13,460.40,411.77,66.09,230.51,0.6796,-1,-1,-1
290,31,290.45,815.62,96.84,264.69,0.7199,-1,-1,-1
290,37,312.50,744.45,93.59,144.06,0.6312,-1,-1,-1
290,29,539.30,427.56,68.11,210.05,0.6300,-1,-1,-1
290,20,938.13,72.46,56.58,175.60,0.5210,-1,-1,-1
290,35,1015.26,93.96,61.32,177.80,0.4978,-1,-1,-1
290,5,1452.66,587.69,85.66,231.90,0.4023,-1,-1,-1
290,41,1089.06,90.47,57.10,164.56,0.4081,-1,-1,-1
290,45,897.19,401.93,63.61,194.40,0.3320,-1,-1,-1
290,30,825.67,395.13,74.09,203.91,0.4387,-1,-1,-1
290,46,786.73,353.64,53.14,189.11,0.3684,-1,-1,-1
291,2,238.93,581.06,67.71,254.04,0.5583,-1,-1,-1
291,3,941.86,919.89,77.89,156.92,0.7535,-1,-1,-1
291,4,1721.10,459.73,73.41,209.06,0.5849,-1,-1,-1
291,21,386.67,435.41,79.34,226.07,0.5969,-1,-1,-1
291,6,233.29,408.05,60.60,182.73,0.4341,-1,-1,-1
291,13,460.18,412.67,66.29,231.08,0.6569,-1,-1,-1
291,31,292.71,819.70,96.30,260.86,0.7040,-1,-1,-1
291,37,313.31,746.17,91.13,144.07,0.6181,-1,-1,-1
291,29,536.99,428.16,68.82,209.57,0.6354,-1,-1,-1
291,20,938.00,71.07,56.02,177.68,0.5073,-1,-1,-1
291,35,1014.57,93.05,61.13,177.82,0.4531,-1,-1,-1
291,5,1453.51,592.74,86.99,223.61,0.3740,-1,-1,-1
291,41,1087.18,89.39,57.05,165.37,0.3653,-1,-1,-1
291,45,897.02,402.55,63.27,193.44,0.3259,-1,-1,-1
291,30,829.04,397.88,70.08,203.68,0.3208,-1,-1,-1
291,46,790.21,353.91,55.55,193.31,0.4370,-1,-1,-1
292,2,240.99,581.24,71.37,253.36,0.5465,-1,-1,-1
292,3,942.10,919.69,76.19,157.37,0.7396,-1,-1,-1
292,4,1720.29,460.40,74.22,208.64,0.5782,-1,-1,-1
292,21,384.61,434.78,80.82,227.27,0.5705,-1,-1,-1
292,6,232.84,407.35,60.60,183.50,0.4539,-1,-1,-1
292,13,460.22,414.06,66.25,230.70,0.5968,-1,-1,-1
292,31,295.01,825.93,98.90,253.60,0.6388,-1,-1,-1
292,37,315.64,748.85,87.76,142.25,0.5284,-1,-1,-1
292,29,536.90,429.66,68.67,208.03,0.6525,-1,-1,-1
292,20,937.82,69.90,56.29,175.98,0.5262,-1,-1,-1
292,35,1013.68,92.69,61.29,177.56,0.4208,-1,-1,-1
292,5,1460.83,598.05,82.16,222.61,0.4207,-1,-1,-1
292,41,1085.50,88.88,57.56,164.68,0.3721,-1,-1,-1
292,45,897.73,407.00,60.83,187.83,0.3526,-1,-1,-1
292,30,831.33,398.49,66.43,206.07,0.4409,-1,-1,-1
292,46,791.49,352.27,57.05,201.06,0.3079,-1,-1,-1
293,2,242.69,581.80,78.78,253.68,0.5522,-1,-1,-1
293,3,942.50,918.76,72.58,158.77,0.7357,-1,-1,-1
293,4,1720.71,460.71,73.61,208.04,0.5612,-1,-1,-1
293,21,382.28,433.14,82.64,228.37,0.5399,-1,-1,-1
293,6,232.33,406.08,60.82,183.66,0.5320,-1,-1,-1
293,13,459.94,415.03,67.27,228.44,0.5789,-1,-1,-1
293,31,296.27,831.12,95.26,247.34,0.6655,-1,-1,-1
293,37,316.12,751.52,86.48,138.31,0.4064,-1,-1,-1
293,29,535.51,431.99,69.00,206.83,0.6788,-1,-1,-1
293,20,938.05,68.68,56.02,173.37,0.4574,-1,-1,-1
293,35,1012.62,92.03,61.64,178.50,0.3502,-1,-1,-1
293,5,1463.05,598.55,84.19,224.76,0.4391,-1,-1,-1
293,41,1084.44,88.20,56.94,164.73,0.3250,-1,-1,-1
293,45,897.23,411.41,61.73,183.73,0.3423,-1,-1,-1
293,30,832.35,398.85,65.37,206.12,0.3864,-1,-1,-1
294,2,243.63,582.59,84.90,253.53,0.6085,-1,-1,-1
294,3,942.60,918.03,68.78,159.95,0.7533,-1,-1,-1
294,4,1720.36,459.85,74.24,209.45,0.5845,-1,-1,-1
294,21,379.90,432.67,84.16,229.65,0.5556,-1,-1,-1
294,6,232.28,404.86,60.93,181.30,0.5104,-1,-1,-1
294,13,459.18,415.67,68.56,227.36,0.6217,-1,-1,-1
294,31,298.07,836.10,92.94,242.52,0.7191,-1,-1,-1
294,37,323.63,755.01,78.88,136.62,0.4974,-1,-1,-1
294,29,535.06,434.18,69.20,208.51,0.6737,-1,-1,-1
294,20,938.43,67.43,54.68,171.49,0.4327,-1,-1,-1
294,35,1011.79,91.47,59.97,177.76,0.3570,-1,-1,-1
294,5,1458.94,595.69,91.29,228.54,0.5253,-1,-1,-1
294,41,1082.97,87.80,57.49,164.52,0.4089,-1,-1,-1
294,45,897.20,413.42,62.06,182.03,0.3590,-1,-1,-1
294,30,833.92,400.57,63.93,205.00,0.3705,-1,-1,-1
294,47,324.40,753.22,84.18,261.07,0.3935,-1,-1,-1
295,2,244.06,582.88,90.15,252.69,0.6484,-1,-1,-1
295,3,941.83,916.85,66.64,161.60,0.7396,-1,-1,-1
295,4,1719.97,460.15,74.52,209.34,0.5886,-1,-1,-1
295,21,377.09,432.75,86.69,230.49,0.5365,-1,-1,-1
295,6,231.85,402.13,60.73,183.06,0.4393,-1,-1,-1
295,13,459.25,416.16,68.47,225.53,0.6009,-1,-1,-1
295,31,300.37,839.78,90.84,239.54,0.7003,-1,-1,-1
295,37,327.91,758.98,75.96,137.80,0.5066,-1,-1,-1
295,29,534.05,436.06,68.97,209.90,0.6699,-1,-1,-1
295,20,937.87,66.86,54.38,172.47,0.4049,-1,-1,-1
295,35,1010.97,91.46,58.76,178.39,0.3921,-1,-1,-1
295,5,1458.58,595.91,93.39,228.17,0.4853,-1,-1,-1
295,41,1081.61,86.88,56.90,165.60,0.4010,-1,-1,-1
295,45,896.98,412.51,62.15,184.38,0.3723,-1,-1,-1
295,30,833.90,401.64,64.00,203.86,0.3745,-1,-1,-1
295,47,327.43,756.88,84.38,255.52,0.4057,-1,-1,-1
296,2,244.47,583.31,91.41,251.92,0.6710,-1,-1,-1
296,3,941.44,915.87,63.87,162.50,0.7561,-1,-1,-1
296,4,1720.15,460.03,73.98,209.22,0.5955,-1,-1,-1
296,21,376.29,431.18,86.34,232.14,0.5342,-1,-1,-1
296,6,231.78,400.65,61.85,181.92,0.5077,-1,-1,-1
296,13,458.28,418.38,70.38,223.80,0.6248,-1,-1,-1
296,31,301.98,842.83,90.98,236.53,0.7255,-1,-1,-1
296,37,329.57,761.62,76.81,138.71,0.4921,-1,-1,-1
296,29,534.32,438.45,67.96,206.96,0.6740,-1,-1,-1
296,20,937.61,65.88,54.00,172.19,0.4515,-1,-1,-1
296,35,1010.17,90.85,57.67,179.13,0.4056,-1,-1,-1
296,5,1459.90,598.06,95.53,226.93,0.4934,-1,-1,-1
296,41,1080.26,86.44,56.73,165.39,0.4088,-1,-1,-1
296,45,896.76,412.40,62.54,189.24,0.4579,-1,-1,-1
296,30,833.40,401.89,63.64,203.91,0.4096,-1,-1,-1
296,47,329.01,761.21,79.45,163.34,0.4921,-1,-1,-1
297,2,245.49,584.76,91.68,250.82,0.6618,-1,-1,-1
297,3,941.29,915.09,62.32,163.86,0.7559,-1,-1,-1
297,4,1719.79,460.32,73.84,208.98,0.5756,-1,-1,-1
297,21,376.32,429.91,85.44,233.19,0.5012,-1,-1,-1
297,6,232.89,399.80,61.37,182.67,0.5714,-1,-1,-1
297,13,457.55,419.48,69.59,222.32,0.6301,-1,-1,-1
297,31,303.39,843.82,91.32,235.94,0.7409,-1,-1,-1
297,37,331.83,764.92,76.68,139.49,0.5168,-1,-1,-1
297,29,534.41,440.77,66.07,205.88,0.6665,-1,-1,-1
297,20,936.98,64.82,54.16,173.45,0.4155,-1,-1,-1
297,35,1009.22,90.36,57.55,179.69,0.3721,-1,-1,-1
297,5,1461.10,597.14,99.41,228.87,0.5440,-1,-1,-1
297,41,1079.01,86.83,56.71,164.36,0.3425,-1,-1,-1
297,45,895.74,413.03,63.81,193.80,0.4661,-1,-1,-1
297,30,833.58,401.33,63.02,207.01,0.3726,-1,-1,-1
297,47,331.39,765.35,77.40,138.54,0.5168,-1,-1,-1
298,2,246.32,585.00,91.35,250.06,0.6280,-1,-1,-1
298,3,940.90,914.61,62.33,164.96,0.7687,-1,-1,-1
298,4,1720.69,460.75,73.40,208.29,0.5996,-1,-1,-1
298,21,375.97,429.50,85.15,230.60,0.5243,-1,-1,-1
298,6,234.00,398.66,61.22,184.13,0.5572,-1,-1,-1
298,13,456.92,420.14,69.17,221.69,0.6303,-1,-1,-1
298,31,304.78,845.42,92.52,234.78,0.7523,-1,-1,-1
298,37,334.12,767.56,77.86,142.91,0.5770,-1,-1,-1
298,29,534.51,442.88,65.27,202.86,0.6479,-1,-1,-1
298,20,936.58,64.15,55.10,172.35,0.4242,-1,-1,-1
298,35,1009.65,91.67,57.42,175.62,0.3666,-1,-1,-1
298,5,1462.68,598.55,102.72,229.21,0.5540,-1,-1,-1
298,41,1077.57,86.08,57.36,165.12,0.3685,-1,-1,-1
298,45,895.23,414.46,64.77,196.67,0.4875,-1,-1,-1
298,30,831.80,400.83,65.41,209.57,0.3240,-1,-1,-1
298,47,333.76,767.75,78.14,138.87,0.5770,-1,-1,-1
299,2,248.65,584.07,89.50,250.37,0.6829,-1,-1,-1
299,3,940.26,913.74,61.51,165.50,0.7748,-1,-1,-1
299,4,1720.59,461.35,73.39,207.70,0.5952,-1,-1,-1
299,21,377.01,428.31,83.49,228.82,0.5592,-1,-1,-1
299,6,233.83,397.56,61.58,183.96,0.5951,-1,-1,-1
299,13,456.66,421.08,68.66,223.18,0.6464,-1,-1,-1
299,31,305.77,846.56,93.22,233.67,0.7641,-1,-1,-1
299,37,338.60,770.46,77.41,144.24,0.6277,-1,-1,-1
299,29,534.92,444.40,64.24,203.17,0.6516,-1,-1,-1
299,20,936.43,63.67,55.97,171.32,0.4305,-1,-1,-1
299,35,1009.34,89.19,57.01,181.27,0.3995,-1,-1,-1
299,5,1463.06,594.38,104.41,234.50,0.5895,-1,-1,-1
299,41,1075.03,84.29,57.42,168.54,0.3209,-1,-1,-1
299,45,895.03,415.64,64.78,197.18,0.5023,-1,-1,-1
299,47,338.45,770.73,77.46,138.85,0.6277,-1,-1,-1
300,2,250.06,583.62,89.86,249.71,0.6895,-1,-1,-1
300,3,940.20,913.81,60.29,165.28,0.7696,-1,-1,-1
300,4,1721.48,460.90,72.47,208.22,0.5807,-1,-1,-1
300,21,379.03,426.10,81.23,225.22,0.5439,-1,-1,-1
300,6,234.04,397.28,60.71,183.93,0.5750,-1,-1,-1
300,13,456.31,423.13,68.51,223.82,0.6617,-1,-1,-1
300,31,307.13,847.31,94.24,232.89,0.7498,-1,-1,-1
300,37,343.54,772.65,75.89,146.04,0.6383,-1,-1,-1
300,29,534.67,445.74,64.19,204.05,0.6557,-1,-1,-1
300,20,935.78,63.03,56.49,172.54,0.4551,-1,-1,-1
300,35,1008.62,86.98,56.58,184.27,0.4005,-1,-1,-1
300,5,1464.26,591.28,105.02,238.27,0.5963,-1,-1,-1
300,45,895.65,416.56,63.57,198.00,0.4480,-1,-1,-1
300,47,343.53,772.82,75.82,141.21,0.6383,-1,-1,-1
301,2,251.64,582.07,89.96,250.42,0.6660,-1,-1,-1
301,3,941.25,913.98,57.98,165.32,0.7693,-1,-1,-1
301,4,1721.32,460.93,72.53,207.94,0.5919,-1,-1,-1
301,21,381.59,423.15,78.20,224.56,0.5512,-1,-1,-1
301,6,234.42,396.78,59.78,184.29,0.5645,-1,-1,-1
301,13,456.25,426.58,68.16,222.22,0.6715,-1,-1,-1
301,31,307.81,848.09,95.23,232.17,0.7489,-1,-1,-1
301,37,346.79,774.75,76.58,144.27,0.5974,-1,-1,-1
301,29,534.84,446.45,63.86,205.87,0.6671,-1,-1,-1
301,20,934.99,62.80,57.07,173.68,0.4821,-1,-1,-1
301,35,1008.09,85.44,57.04,184.67,0.4183,-1,-1,-1
301,5,1465.78,588.37,105.00,242.67,0.6005,-1,-1,-1
301,45,895.75,417.24,62.96,197.09,0.4670,-1,-1,-1
301,47,346.78,774.84,76.57,139.81,0.5974,-1,-1,-1
302,2,253.96,580.88,89.62,251.65,0.6766,-1,-1,-1
302,3,941.62,912.62,56.47,167.13,0.7518,-1,-1,-1
302,4,1721.57,460.21,72.35,209.15,0.5722,-1,-1,-1
302,21,385.11,421.95,74.06,220.16,0.5318,-1,-1,-1
302,6,233.84,396.30,59.72,185.11,0.5497,-1,-1,-1
302,13,456.16,428.82,67.89,221.85,0.6197,-1,-1,-1
302,31,309.32,848.18,97.14,231.99,0.7381,-1,-1,-1
302,37,348.93,776.00,79.96,147.09,0.6332,-1,-1,-1
302,29,534.81,447.11,63.68,205.06,0.6401,-1,-1,-1
302,20,934.40,62.14,57.15,174.00,0.4793,-1,-1,-1
302,35,1006.64,85.05,58.19,180.74,0.4283,-1,-1,-1
302,5,1468.38,589.27,103.00,241.91,0.5663,-1,-1,-1
302,45,895.45,418.80,62.79,198.35,0.5523,-1,-1,-1
302,47,348.89,776.00,80.04,143.59,0.6332,-1,-1,-1
302,30,831.34,407.18,72.23,213.26,0.4361,-1,-1,-1
303,2,257.54,579.73,88.94,253.14,0.6385,-1,-1,-1
303,3,940.86,912.70,56.15,167.27,0.7241,-1,-1,-1
303,4,1721.43,460.11,72.42,209.36,0.5830,-1,-1,-1
303,21,387.15,416.93,71.18,218.43,0.5974,-1,-1,-1
303,6,233.88,395.31,59.27,186.64,0.5517,-1,-1,-1
303,13,456.10,430.49,66.50,221.44,0.6295,-1,-1,-1
303,31,311.30,848.67,97.77,231.51,0.7381,-1,-1,-1
303,37,351.01,776.98,84.50,149.54,0.6873,-1,-1,-1
303,29,534.63,447.66,64.23,207.59,0.6541,-1,-1,-1
303,20,933.89,62.39,57.18,170.84,0.4930,-1,-1,-1
303,35,1006.11,85.09,58.43,176.23,0.4683,-1,-1,-1
303,5,1471.47,586.55,101.81,244.83,0.4843,-1,-1,-1
303,45,895.52,420.95,61.42,196.12,0.5198,-1,-1,-1
303,47,350.96,776.93,84.66,146.58,0.6873,-1,-1,-1
303,30,834.95,409.25,67.39,214.78,0.4760,-1,-1,-1
303,41,1070.58,80.91,55.93,170.77,0.3438,-1,-1,-1
304,2,263.28,579.80,86.11,251.85,0.6160,-1,-1,-1
304,3,939.67,911.96,57.45,168.06,0.7402,-1,-1,-1
304,4,1721.56,460.00,72.50,210.08,0.5905,-1,-1,-1
304,21,388.44,412.81,69.62,220.37,0.5725,-1,-1,-1
304,6,234.63,393.95,58.96,188.06,0.5433,-1,-1,-1
304,13,455.46,432.28,65.60,220.14,0.6324,-1,-1,-1
304,31,312.65,849.82,98.49,230.30,0.7474,-1,-1,-1
304,37,354.45,777.96,87.03,152.06,0.6167,-1,-1,-1
304,29,534.30,448.32,64.79,207.23,0.6425,-1,-1,-1
304,20,934.80,62.16,55.81,173.06,0.5339,-1,-1,-1
304,35,1005.98,84.98,57.98,175.03,0.4763,-1,-1,-1
304,5,1474.01,582.79,100.82,249.15,0.5025,-1,-1,-1
304,45,897.34,421.21,58.80,196.21,0.4861,-1,-1,-1
304,47,354.41,777.89,87.20,149.53,0.6167,-1,-1,-1
304,30,832.02,405.88,76.38,217.03,0.4786,-1,-1,-1
304,41,1068.78,80.98,56.37,169.76,0.3091,-1,-1,-1
305,2,271.98,580.90,80.40,249.53,0.5991,-1,-1,-1
305,3,937.83,910.36,59.41,169.74,0.7406,-1,-1,-1
305,4,1721.07,460.27,72.54,209.58,0.5762,-1,-1,-1
305,21,389.48,409.51,68.95,222.28,0.5620,-1,-1,-1
305,6,233.93,391.45,58.97,191.24,0.5357,-1,-1,-1
305,13,454.58,434.82,65.36,219.31,0.6627,-1,-1,-1
305,31,315.49,851.63,97.85,228.57,0.7613,-1,-1,-1
305,37,355.74,779.19,91.68,156.58,0.6138,-1,-1,-1
305,29,534.09,448.94,65.12,207.97,0.6385,-1,-1,-1
305,20,934.74,61.96,55.49,173.25,0.4927,-1,-1,-1
305,35,1005.37,85.18,58.84,172.13,0.4897,-1,-1,-1
305,5,1475.94,585.87,99.81,247.20,0.4534,-1,-1,-1
305,45,899.09,420.55,56.43,196.34,0.4624,-1,-1,-1
305,47,355.70,779.11,91.87,154.46,0.6138,-1,-1,-1
305,30,834.63,405.08,74.97,221.23,0.5170,-1,-1,-1
306,2,283.11,581.60,73.58,248.04,0.5436,-1,-1,-1
306,3,935.99,909.37,62.59,170.71,0.7182,-1,-1,-1
306,4,1721.06,460.60,72.62,209.14,0.5687,-1,-1,-1
306,21,389.76,407.72,68.37,222.44,0.5313,-1,-1,-1
306,6,232.82,389.59,60.00,193.48,0.5649,-1,-1,-1
306,13,453.50,436.39,64.72,219.16,0.6821,-1,-1,-1
306,31,318.73,857.09,94.03,223.06,0.7690,-1,-1,-1
306,37,357.52,780.56,94.42,154.15,0.6553,-1,-1,-1
306,29,533.28,449.42,65.50,205.14,0.6218,-1,-1,-1
306,20,934.59,59.99,56.88,174.84,0.4716,-1,-1,-1
306,35,1004.17,84.77,60.13,170.50,0.5223,-1,-1,-1
306,5,1479.43,587.88,98.73,246.23,0.5165,-1,-1,-1
306,45,898.45,422.60,57.11,193.30,0.4342,-1,-1,-1
306,47,357.47,780.49,94.60,152.16,0.6553,-1,-1,-1
306,30,833.40,404.53,77.15,220.88,0.5006,-1,-1,-1
307,2,293.70,581.00,70.49,246.03,0.5695,-1,-1,-1
307,3,934.50,908.21,65.03,171.72,0.7119,-1,-1,-1
307,4,1720.98,459.88,72.89,209.82,0.5595,-1,-1,-1
307,21,391.08,407.10,67.71,222.30,0.5570,-1,-1,-1
307,6,232.63,387.77,59.75,193.46,0.5266,-1,-1,-1
307,13,451.62,438.45,65.15,217.83,0.6757,-1,-1,-1
307,31,320.00,861.08,94.41,218.99,0.7755,-1,-1,-1
307,37,359.16,781.90,98.44,155.13,0.6473,-1,-1,-1
307,29,532.47,449.75,65.52,205.29,0.6415,-1,-1,-1
307,20,934.63,59.37,56.80,174.31,0.4958,-1,-1,-1
307,35,1003.47,83.57,60.04,169.86,0.5635,-1,-1,-1
307,5,1482.28,588.59,97.02,245.80,0.5470,-1,-1,-1
307,45,898.70,425.01,56.86,191.06,0.3656,-1,-1,-1
307,47,359.11,781.84,98.62,153.43,0.6473,-1,-1,-1
307,30,833.83,406.41,77.33,218.69,0.3527,-1,-1,-1
307,44,794.70,104.04,73.88,218.54,0.3702,-1,-1,-1
308,2,302.56,580.55,69.96,244.57,0.6439,-1,-1,-1
308,3,932.48,907.94,67.89,172.15,0.7209,-1,-1,-1
308,4,1721.19,459.33,72.67,210.28,0.5808,-1,-1,-1
308,21,391.01,406.15,69.04,223.59,0.5705,-1,-1,-1
308,6,230.75,386.09,61.50,191.81,0.5575,-1,-1,-1
308,13,450.16,440.54,64.54,215.98,0.6790,-1,-1,-1
308,31,321.92,866.31,94.97,213.85,0.7753,-1,-1,-1
308,37,361.00,784.60,102.46,155.99,0.6934,-1,-1,-1
308,29,530.51,451.39,67.10,204.48,0.6571,-1,-1,-1
308,20,935.14,56.84,55.98,170.86,0.5064,-1,-1,-1
308,35,1002.38,82.91,60.85,171.39,0.6041,-1,-1,-1
308,5,1484.18,591.92,95.83,242.92,0.6302,-1,-1,-1
308,45,896.14,427.52,57.33,188.54,0.3305,-1,-1,-1
308,47,360.95,784.56,102.63,154.50,0.6934,-1,-1,-1
308,30,833.76,411.69,78.39,214.16,0.3539,-1,-1,-1
308,44,794.06,103.81,73.61,218.93,0.3291,-1,-1,-1
309,2,308.22,579.95,74.22,246.90,0.6485,-1,-1,-1
309,3,930.62,907.30,70.25,172.73,0.7368,-1,-1,-1
309,4,1720.89,458.70,72.69,211.22,0.5735,-1,-1,-1
309,21,390.75,406.36,70.30,222.48,0.5209,-1,-1,-1
309,6,230.42,383.97,61.88,190.04,0.5283,-1,-1,-1
309,13,448.29,441.96,64.52,216.14,0.6596,-1,-1,-1
309,31,324.14,871.11,93.92,209.00,0.7802,-1,-1,-1
309,37,364.31,789.17,105.14,153.57,0.6760,-1,-1,-1
309,29,529.12,454.28,67.80,206.72,0.6705,-1,-1,-1
309,20,935.24,53.82,54.87,170.29,0.4842,-1,-1,-1
309,35,1002.09,81.67,61.09,174.33,0.6234,-1,-1,-1
309,5,1486.12,590.21,95.52,244.60,0.5929,-1,-1,-1
309,47,364.26,789.16,105.30,152.20,0.6760,-1,-1,-1
309,30,836.19,416.06,72.22,212.20,0.3831,-1,-1,-1
309,44,793.69,103.78,73.56,219.21,0.3716,-1,-1,-1
310,2,312.50,579.55,77.51,248.73,0.6942,-1,-1,-1
310,3,928.68,907.51,72.98,172.54,0.7483,-1,-1,-1
310,4,1720.82,458.43,72.50,210.89,0.5750,-1,-1,-1
310,21,391.80,405.69,69.07,225.24,0.5017,-1,-1,-1
310,6,230.92,381.12,59.91,187.31,0.5567,-1,-1,-1
310,13,447.57,439.97,63.61,220.61,0.6519,-1,-1,-1
310,31,326.88,873.66,93.52,206.42,0.7566,-1,-1,-1
310,37,366.50,793.58,106.55,151.14,0.6772,-1,-1,-1
310,29,528.10,455.97,67.96,209.36,0.6984,-1,-1,-1
310,20,934.64,51.21,55.41,170.89,0.5422,-1,-1,-1
310,35,1001.17,80.32,61.83,175.68,0.6478,-1,-1,-1
310,5,1487.59,588.73,95.97,245.19,0.5556,-1,-1,-1
310,47,366.46,793.60,106.70,149.94,0.6772,-1,-1,-1
310,44,793.94,103.83,72.46,219.49,0.3229,-1,-1,-1
311,2,316.09,579.61,81.00,247.83,0.7417,-1,-1,-1
311,3,927.64,907.06,74.40,172.97,0.7625,-1,-1,-1
311,4,1720.79,458.30,72.66,210.77,0.5783,-1,-1,-1
311,21,391.81,406.62,69.64,224.05,0.4722,-1,-1,-1
311,6,231.67,379.05,58.16,186.70,0.5299,-1,-1,-1
311,13,445.95,440.17,64.02,221.71,0.6842,-1,-1,-1
311,31,329.68,876.34,94.67,203.68,0.7339,-1,-1,-1
311,37,368.24,797.96,108.12,148.06,0.6622,-1,-1,-1
311,29,527.54,457.39,67.41,211.74,0.6759,-1,-1,-1
311,20,934.02,49.52,55.71,171.26,0.5087,-1,-1,-1
311,35,1000.44,79.80,62.36,175.35,0.6266,-1,-1,-1
311,5,1488.63,589.16,100.39,244.53,0.5832,-1,-1,-1
311,47,368.21,797.98,108.25,146.99,0.6622,-1,-1,-1
311,44,794.33,103.19,71.40,220.12,0.3388,-1,-1,-1
312,2,318.50,581.03,87.03,245.00,0.7537,-1,-1,-1
312,3,927.40,906.16,74.95,173.91,0.7517,-1,-1,-1
312,4,1721.22,458.66,72.47,209.97,0.5817,-1,-1,-1
312,21,392.35,407.26,69.07,221.95,0.4320,-1,-1,-1
312,6,231.37,376.54,58.18,187.70,0.5372,-1,-1,-1
312,13,444.46,441.94,64.32,221.62,0.6668,-1,-1,-1
312,31,332.78,879.25,96.27,200.86,0.7442,-1,-1,-1
312,37,368.45,801.35,108.97,148.19,0.6513,-1,-1,-1
312,29,527.14,460.39,67.18,214.84,0.6739,-1,-1,-1
312,20,933.76,48.70,56.29,171.92,0.5143,-1,-1,-1
312,35,1000.08,79.86,63.11,174.72,0.6073,-1,-1,-1
312,5,1489.83,591.96,101.50,240.78,0.6264,-1,-1,-1
312,47,368.42,801.36,109.08,147.28,0.6513,-1,-1,-1
312,44,793.08,103.39,70.59,219.56,0.3413,-1,-1,-1
313,2,319.03,583.35,93.64,241.93,0.7642,-1,-1,-1
313,3,927.02,905.52,75.68,174.55,0.7549,-1,-1,-1
313,4,1721.94,458.03,72.03,210.33,0.5767,-1,-1,-1
313,21,393.09,406.08,68.37,223.66,0.4085,-1,-1,-1
313,6,231.11,374.70,58.17,188.85,0.5227,-1,-1,-1
313,13,442.38,446.13,64.80,221.88,0.6858,-1,-1,-1
313,31,336.16,882.59,98.54,197.48,0.7359,-1,-1,-1
313,37,369.05,804.81,109.34,147.25,0.6929,-1,-1,-1
313,29,527.19,463.07,66.54,214.96,0.6592,-1,-1,-1
313,20,933.63,47.89,55.96,172.55,0.5205,-1,-1,-1
313,35,1000.18,80.20,62.62,173.51,0.5993,-1,-1,-1
313,5,1491.50,596.60,103.10,236.25,0.6175,-1,-1,-1
313,47,369.02,804.81,109.45,146.44,0.6929,-1,-1,-1
314,2,319.05,584.55,98.19,240.56,0.7642,-1,-1,-1
314,3,927.03,905.17,76.63,174.89,0.7554,-1,-1,-1
314,4,1722.60,457.91,71.35,210.97,0.5739,-1,-1,-1
314,21,393.36,404.39,66.57,224.05,0.3840,-1,-1,-1
314,6,230.58,373.81,58.68,189.30,0.5528,-1,-1,-1
314,13,440.69,447.42,65.46,221.89,0.6997,-1,-1,-1
314,31,340.15,886.39,97.23,193.65,0.7245,-1,-1,-1
314,37,369.97,808.14,110.63,147.78,0.6970,-1,-1,-1
314,29,526.97,464.72,66.06,215.60,0.6575,-1,-1,-1
314,20,932.62,47.11,57.00,172.89,0.5235,-1,-1,-1
314,35,1000.07,79.91,60.39,173.15,0.5512,-1,-1,-1
314,5,1494.24,599.07,102.18,234.21,0.5484,-1,-1,-1
314,47,369.94,808.14,110.72,147.09,0.6970,-1,-1,-1
315,2,318.73,585.25,105.27,240.28,0.7693,-1,-1,-1
315,3,926.15,904.92,77.48,175.18,0.7592,-1,-1,-1
315,4,1722.50,457.77,71.35,211.42,0.5547,-1,-1,-1
315,6,229.98,373.41,60.34,189.42,0.5637,-1,-1,-1
315,13,438.36,448.18,67.07,221.87,0.7304,-1,-1,-1
315,31,342.87,889.32,97.16,190.74,0.7273,-1,-1,-1
315,37,371.20,809.15,110.31,148.28,0.6414,-1,-1,-1
315,29,527.21,466.47,63.63,216.08,0.6693,-1,-1,-1
315,20,932.04,46.51,57.26,173.31,0.5311,-1,-1,-1
315,35,999.54,79.55,58.92,173.73,0.5357,-1,-1,-1
315,5,1497.45,601.65,98.37,231.88,0.5579,-1,-1,-1
315,47,371.17,809.15,110.39,147.66,0.6414,-1,-1,-1
316,2,319.23,585.44,110.68,239.65,0.7697,-1,-1,-1
316,3,926.09,905.12,77.55,174.95,0.7542,-1,-1,-1
316,4,1722.00,458.17,72.04,211.76,0.5329,-1,-1,-1
316,6,230.06,372.73,61.51,189.16,0.5838,-1,-1,-1
316,13,436.40,449.39,68.18,222.40,0.7150,-1,-1,-1
316,31,345.24,892.31,95.91,187.77,0.7154,-1,-1,-1
316,37,372.88,810.01,108.71,151.51,0.6638,-1,-1,-1
316,29,526.64,469.07,62.48,218.59,0.6475,-1,-1,-1
316,20,931.60,46.13,58.23,172.34,0.5317,-1,-1,-1
316,35,999.27,80.08,58.03,173.91,0.5942,-1,-1,-1
316,5,1501.48,602.24,94.42,232.41,0.6161,-1,-1,-1
316,47,372.85,810.00,108.78,150.98,0.6638,-1,-1,-1
316,48,886.44,373.62,66.35,160.42,0.3392,-1,-1,-1
317,2,319.30,584.91,114.81,241.08,0.7698,-1,-1,-1
317,3,926.15,905.53,78.02,174.47,0.7524,-1,-1,-1
317,4,1721.82,458.11,72.28,211.93,0.5641,-1,-1,-1
317,6,230.08,372.02,61.65,188.26,0.5717,-1,-1,-1
317,13,434.25,449.91,68.68,219.95,0.7120,-1,-1,-1
317,31,346.87,890.03,94.71,189.95,0.7233,-1,-1,-1
317,37,374.97,812.90,105.27,151.18,0.5635,-1,-1,-1
317,29,524.29,471.76,63.20,219.25,0.6927,-1,-1,-1
317,20,931.11,45.56,58.87,172.71,0.5148,-1,-1,-1
317,35,997.55,79.52,58.23,173.78,0.5707,-1,-1,-1
317,5,1506.55,609.15,88.10,226.22,0.5588,-1,-1,-1
317,47,374.94,812.90,105.33,150.70,0.5635,-1,-1,-1
318,2,320.57,585.17,113.60,240.73,0.7562,-1,-1,-1
318,3,926.04,905.47,78.22,174.53,0.7456,-1,-1,-1
318,4,1721.87,458.37,72.32,211.34,0.5710,-1,-1,-1
318,6,230.65,371.47,60.47,186.85,0.5601,-1,-1,-1
318,13,433.52,451.35,68.63,219.14,0.7241,-1,-1,-1
318,31,349.40,890.23,95.36,189.76,0.7071,-1,-1,-1
318,37,376.89,813.14,101.48,153.52,0.6272,-1,-1,-1
318,29,522.19,472.11,64.15,218.59,0.6656,-1,-1,-1
318,20,930.99,45.00,59.73,173.54,0.5129,-1,-1,-1
318,35,995.15,78.43,59.81,174.32,0.5958,-1,-1,-1
318,5,1511.05,603.89,85.65,233.29,0.5667,-1,-1,-1
318,47,376.87,813.14,101.53,153.10,0.6272,-1,-1,-1
319,2,321.17,584.35,113.89,241.50,0.7529,-1,-1,-1
319,3,927.10,905.59,77.15,174.40,0.7319,-1,-1,-1
319,4,1722.75,458.86,71.04,210.81,0.5789,-1,-1,-1
319,6,231.33,370.70,59.67,188.33,0.5898,-1,-1,-1
319,13,432.92,454.51,68.93,218.78,0.7253,-1,-1,-1
319,31,351.21,891.42,96.14,188.61,0.7008,-1,-1,-1
319,37,378.62,813.31,98.32,155.50,0.6723,-1,-1,-1
319,29,518.09,470.44,68.22,218.30,0.6753,-1,-1,-1
319,20,930.32,43.74,59.81,173.26,0.4965,-1,-1,-1
319,35,993.90,77.36,60.12,174.70,0.5780,-1,-1,-1
319,5,1515.12,602.60,82.51,236.31,0.5144,-1,-1,-1
319,47,378.60,813.30,98.37,155.13,0.6723,-1,-1,-1
319,30,836.21,431.29,65.91,205.09,0.4219,-1,-1,-1
320,2,323.78,583.77,113.52,240.79,0.7204,-1,-1,-1
320,3,929.25,905.95,75.33,174.05,0.7356,-1,-1,-1
320,4,1722.68,458.62,71.28,210.58,0.6019,-1,-1,-1
320,6,232.22,370.30,58.92,188.54,0.5843,-1,-1,-1
320,13,432.70,459.41,69.09,216.62,0.7187,-1,-1,-1
320,31,352.88,894.91,98.31,185.11,0.7051,-1,-1,-1
320,37,380.12,814.17,94.85,152.95,0.6427,-1,-1,-1
320,29,515.06,470.81,69.80,218.82,0.6947,-1,-1,-1
320,20,929.41,42.03,60.54,175.25,0.5036,-1,-1,-1
320,35,992.74,77.74,60.12,174.19,0.5754,-1,-1,-1
320,5,1517.73,603.38,80.71,234.02,0.3640,-1,-1,-1
320,47,380.11,814.16,94.89,152.61,0.6427,-1,-1,-1
320,30,835.22,432.87,68.16,202.14,0.5107,-1,-1,-1
321,2,326.28,582.72,109.35,241.33,0.6803,-1,-1,-1
321,3,929.71,906.86,74.74,172.93,0.7303,-1,-1,-1
321,4,1722.23,458.73,71.55,210.77,0.5723,-1,-1,-1
321,6,233.42,369.93,57.47,188.23,0.5606,-1,-1,-1
321,13,430.14,459.35,70.62,224.04,0.6417,-1,-1,-1
321,31,355.17,898.03,100.98,181.95,0.7175,-1,-1,-1
321,37,383.48,816.25,89.61,150.31,0.6005,-1,-1,-1
321,29,512.96,471.06,70.21,220.17,0.6686,-1,-1,-1
321,20,929.00,39.76,63.33,178.49,0.4817,-1,-1,-1
321,35,991.51,77.37,61.78,174.90,0.5977,-1,-1,-1
321,47,383.47,816.24,89.64,150.01,0.6005,-1,-1,-1
321,30,833.95,432.89,74.90,205.11,0.4893,-1,-1,-1
322,2,330.48,580.66,101.64,243.60,0.7095,-1,-1,-1
322,3,931.84,906.89,72.38,172.98,0.7237,-1,-1,-1
322,4,1721.66,459.19,71.96,209.68,0.5999,-1,-1,-1
322,6,234.61,368.24,56.37,189.11,0.5620,-1,-1,-1
322,13,428.52,460.25,71.97,224.97,0.6778,-1,-1,-1
322,31,357.29,902.76,99.98,177.18,0.7082,-1,-1,-1
322,37,388.29,817.43,84.08,149.90,0.5596,-1,-1,-1
322,29,511.42,470.86,70.48,219.37,0.7140,-1,-1,-1
322,20,928.00,37.22,65.80,182.01,0.4804,-1,-1,-1
322,35,990.46,76.30,61.07,174.77,0.6150,-1,-1,-1
322,47,388.28,817.43,84.11,149.64,0.5596,-1,-1,-1
322,30,832.82,432.90,80.67,208.00,0.5745,-1,-1,-1
322,48,908.13,376.21,54.23,164.09,0.3712,-1,-1,-1
323,2,338.56,579.57,92.13,244.15,0.6237,-1,-1,-1
323,3,934.68,906.57,68.56,173.17,0.6961,-1,-1,-1
323,4,1721.67,458.82,72.29,210.09,0.6019,-1,-1,-1
323,6,234.15,364.90,57.34,191.50,0.5719,-1,-1,-1
323,13,428.10,462.30,72.17,225.50,0.6871,-1,-1,-1
323,31,359.72,905.98,97.55,173.71,0.7787,-1,-1,-1
323,37,391.69,820.25,80.03,149.51,0.5613,-1,-1,-1
323,29,511.02,471.00,70.83,219.71,0.7252,-1,-1,-1
323,20,927.58,35.67,66.63,179.97,0.4689,-1,-1,-1
323,35,989.85,75.29,61.41,173.47,0.6174,-1,-1,-1
323,47,391.68,820.25,80.05,149.28,0.5613,-1,-1,-1
323,30,832.44,433.03,82.99,210.20,0.5686,-1,-1,-1
323,48,912.50,378.58,52.64,163.27,0.3912,-1,-1,-1
324,2,346.88,580.27,84.23,242.81,0.6271,-1,-1,-1
324,3,936.11,905.67,65.42,174.18,0.7032,-1,-1,-1
324,4,1721.64,458.95,72.05,209.77,0.6027,-1,-1,-1
324,6,233.73,362.26,57.88,191.89,0.5171,-1,-1,-1
324,13,426.25,463.40,74.38,226.84,0.7029,-1,-1,-1
324,31,361.13,909.64,96.74,169.49,0.7840,-1,-1,-1
324,37,395.93,823.93,76.95,148.25,0.5875,-1,-1,-1
324,29,509.55,471.32,72.00,219.61,0.7513,-1,-1,-1
324,20,926.81,33.69,68.96,179.45,0.4033,-1,-1,-1
324,35,989.10,73.65,61.57,173.30,0.5738,-1,-1,-1
324,47,395.92,823.93,76.97,148.05,0.5875,-1,-1,-1
324,30,832.32,435.01,85.95,209.33,0.4796,-1,-1,-1
325,2,354.87,580.21,77.00,241.32,0.6582,-1,-1,-1
325,3,936.99,907.22,64.68,172.36,0.7032,-1,-1,-1
325,4,1721.62,459.25,72.28,208.71,0.6108,-1,-1,-1
325,6,233.33,360.15,58.43,189.74,0.4478,-1,-1,-1
325,13,426.04,463.08,75.10,228.49,0.7081,-1,-1,-1
325,31,364.17,914.28,96.54,164.71,0.7716,-1,-1,-1
325,37,400.48,829.15,72.99,142.37,0.5963,-1,-1,-1
325,29,508.75,473.67,71.98,218.01,0.7633,-1,-1,-1
325,20,925.93,34.61,67.82,173.11,0.4013,-1,-1,-1
325,35,988.38,72.28,62.21,172.77,0.5539,-1,-1,-1
325,47,400.47,829.15,73.01,142.19,0.5963,-1,-1,-1
325,30,833.29,434.62,85.88,209.95,0.5013,-1,-1,-1
326,2,367.22,578.86,72.36,242.05,0.6431,-1,-1,-1
326,3,938.63,907.99,61.41,171.95,0.6765,-1,-1,-1
326,4,1721.48,459.53,72.85,208.52,0.6200,-1,-1,-1
326,6,233.65,358.57,58.02,189.12,0.5024,-1,-1,-1
326,13,426.63,466.14,73.95,226.99,0.7035,-1,-1,-1
326,31,366.20,917.27,95.74,162.43,0.7177,-1,-1,-1
326,37,403.14,832.98,72.15,142.04,0.5904,-1,-1,-1
326,29,508.27,475.97,72.21,217.33,0.7602,-1,-1,-1
326,20,926.09,34.06,66.85,171.03,0.4110,-1,-1,-1
326,35,986.78,71.33,62.19,172.63,0.5740,-1,-1,-1
326,47,403.14,832.98,72.16,141.89,0.5904,-1,-1,-1
326,30,834.88,434.44,87.31,210.08,0.5790,-1,-1,-1
326,5,1529.42,607.39,83.58,232.41,0.3944,-1,-1,-1
327,2,375.21,576.79,69.43,243.58,0.5869,-1,-1,-1
327,3,940.96,909.19,57.81,170.72,0.6689,-1,-1,-1
327,4,1721.61,459.71,72.53,207.67,0.6306,-1,-1,-1
327,6,233.67,357.01,58.68,189.05,0.5189,-1,-1,-1
327,13,426.17,467.10,73.77,226.51,0.7145,-1,-1,-1
327,31,367.86,918.32,97.98,161.58,0.7018,-1,-1,-1
327,37,405.79,836.78,72.15,141.53,0.5759,-1,-1,-1
327,29,508.95,477.66,72.09,218.85,0.7048,-1,-1,-1
327,20,926.71,32.53,66.23,172.39,0.4311,-1,-1,-1
327,35,986.50,70.29,62.16,171.48,0.5282,-1,-1,-1
327,47,405.79,836.78,72.16,141.39,0.5759,-1,-1,-1
327,30,836.09,434.96,87.17,208.59,0.5363,-1,-1,-1
327,5,1531.96,610.30,83.39,230.67,0.4213,-1,-1,-1
327,1,452.48,114.65,68.73,191.89,0.3648,-1,-1,-1
328,2,383.58,575.07,67.41,246.01,0.5860,-1,-1,-1
328,3,941.10,909.81,56.73,169.67,0.6784,-1,-1,-1
328,4,1721.89,460.44,72.31,207.23,0.6374,-1,-1,-1
328,6,232.16,356.03,59.88,187.63,0.5472,-1,-1,-1
328,13,423.60,467.85,76.68,222.68,0.7039,-1,-1,-1
328,31,369.23,921.11,96.79,158.87,0.6851,-1,-1,-1
328,37,409.77,839.72,72.28,146.09,0.5482,-1,-1,-1
328,29,508.97,479.03,71.24,221.07,0.7042,-1,-1,-1
328,20,927.67,31.50,64.50,171.78,0.4210,-1,-1,-1
328,35,985.42,68.36,62.18,172.60,0.4955,-1,-1,-1
328,47,409.76,839.72,72.29,145.97,0.5482,-1,-1,-1
328,30,838.50,435.35,88.26,209.26,0.4723,-1,-1,-1
328,5,1535.30,610.86,82.04,230.39,0.5006,-1,-1,-1
328,1,451.56,113.10,68.53,193.94,0.4532,-1,-1,-1
329,2,388.69,577.22,67.71,246.66,0.5797,-1,-1,-1
329,3,942.67,911.85,56.74,167.30,0.6978,-1,-1,-1
329,4,1722.14,459.24,72.07,208.56,0.6111,-1,-1,-1
329,6,232.08,355.51,59.88,186.40,0.5482,-1,-1,-1
329,13,420.23,469.29,79.90,219.45,0.6909,-1,-1,-1
329,31,370.59,923.42,97.11,156.59,0.6869,-1,-1,-1
329,37,412.99,843.17,74.91,147.44,0.5571,-1,-1,-1
329,29,508.78,482.31,70.26,221.18,0.7129,-1,-1,-1
329,20,928.57,30.77,64.15,171.62,0.3878,-1,-1,-1
329,35,985.89,68.28,60.15,170.81,0.4625,-1,-1,-1
329,47,412.99,843.17,74.92,147.34,0.5571,-1,-1,-1
329,30,839.32,435.77,86.31,207.50,0.4003,-1,-1,-1
329,5,1536.67,610.52,85.43,231.08,0.3981,-1,-1,-1
329,1,449.78,111.68,71.21,193.87,0.3801,-1,-1,-1
329,48,936.28,386.78,62.04,191.35,0.4198,-1,-1,-1
330,2,391.46,591.83,69.86,234.03,0.3995,-1,-1,-1
330,3,942.35,913.86,58.83,164.95,0.6933,-1,-1,-1
330,4,1722.15,459.82,72.20,207.95,0.6315,-1,-1,-1
330,6,232.17,354.80,58.80,185.16,0.5660,-1,-1,-1
330,13,414.22,470.05,86.38,222.75,0.6676,-1,-1,-1
330,31,372.60,924.77,95.51,154.36,0.6374,-1,-1,-1
330,37,416.61,845.40,76.24,203.69,0.5932,-1,-1,-1
330,29,508.87,485.23,69.30,220.21,0.7320,-1,-1,-1
330,20,928.56,30.21,64.26,171.87,0.4275,-1,-1,-1
330,35,984.73,67.56,60.01,172.20,0.4712,-1,-1,-1
330,47,416.61,845.40,76.25,203.62,0.5932,-1,-1,-1
330,30,841.70,436.33,83.08,206.71,0.3674,-1,-1,-1
330,5,1537.79,610.66,85.42,230.69,0.4146,-1,-1,-1
330,1,448.69,110.80,73.71,192.81,0.3655,-1,-1,-1
330,48,939.77,388.28,60.93,193.67,0.4183,-1,-1,-1
331,3,941.48,913.61,60.72,165.29,0.7369,-1,-1,-1
331,4,1722.20,458.12,72.72,209.97,0.6495,-1,-1,-1
331,6,231.52,353.98,58.79,187.68,0.5210,-1,-1,-1
331,13,401.59,471.64,97.91,308.87,0.5987,-1,-1,-1
331,31,374.20,924.79,94.37,149.91,0.6460,-1,-1,-1
331,37,420.27,847.68,77.32,222.40,0.6612,-1,-1,-1
331,29,508.56,487.73,68.07,219.87,0.7408,-1,-1,-1
331,20,927.89,30.33,63.54,172.71,0.4037,-1,-1,-1
331,35,983.32,67.10,60.98,173.97,0.5001,-1,-1,-1
331,47,420.26,847.68,77.32,222.31,0.6612,-1,-1,-1
331,30,844.61,438.61,81.51,206.10,0.4881,-1,-1,-1
331,5,1538.88,612.71,81.60,229.62,0.5352,-1,-1,-1
331,1,448.00,109.99,74.00,188.78,0.3807,-1,-1,-1
331,48,942.64,389.05,58.60,194.90,0.3407,-1,-1,-1
331,41,1037.21,73.38,54.34,161.70,0.3595,-1,-1,-1
332,3,942.03,914.69,61.00,163.45,0.7210,-1,-1,-1
332,4,1722.60,458.67,72.80,210.22,0.6395,-1,-1,-1
332,6,230.33,352.60,60.20,189.40,0.5018,-1,-1,-1
332,13,395.70,473.12,103.19,339.22,0.6044,-1,-1,-1
332,31,376.40,925.39,92.09,145.91,0.6350,-1,-1,-1
332,37,423.73,849.48,78.52,229.05,0.6643,-1,-1,-1
332,29,508.02,489.83,68.71,220.33,0.7418,-1,-1,-1
332,20,927.24,30.03,63.87,172.93,0.4115,-1,-1,-1
332,35,982.58,67.28,61.32,175.08,0.5243,-1,-1,-1
332,47,423.73,849.48,78.52,228.96,0.6643,-1,-1,-1
332,30,843.28,437.81,84.89,210.09,0.3811,-1,-1,-1
332,5,1539.58,612.54,86.03,230.45,0.4485,-1,-1,-1
332,1,447.72,109.12,73.85,186.25,0.3408,-1,-1,-1
332,48,945.02,390.91,58.65,193.76,0.4154,-1,-1,-1
332,49,405.86,372.20,76.94,122.79,0.3852,-1,-1,-1
332,41,1038.22,73.55,52.55,162.34,0.4012,-1,-1,-1
333,3,943.29,915.16,60.35,162.73,0.7332,-1,-1,-1
333,4,1723.28,458.95,72.17,209.95,0.6222,-1,-1,-1
333,6,229.92,352.09,59.74,190.55,0.5167,-1,-1,-1
333,13,393.14,474.80,106.65,352.01,0.6423,-1,-1,-1
333,31,378.50,925.52,94.28,146.39,0.6697,-1,-1,-1
333,37,423.89,850.81,85.17,185.35,0.5855,-1,-1,-1
333,29,507.28,491.46,69.20,221.17,0.7448,-1,-1,-1
333,20,927.92,30.18,62.41,171.90,0.4199,-1,-1,-1
333,35,983.80,66.49,58.32,176.92,0.5050,-1,-1,-1
333,47,423.89,850.81,85.18,185.26,0.5855,-1,-1,-1
333,30,844.08,438.50,86.33,213.91,0.4332,-1,-1,-1
333,5,1540.25,612.76,88.18,232.80,0.4466,-1,-1,-1
333,1,446.86,107.89,76.39,186.94,0.3282,-1,-1,-1
333,48,949.04,391.23,57.36,192.75,0.4171,-1,-1,-1
333,49,409.51,367.69,74.46,126.34,0.3255,-1,-1,-1
333,41,1037.76,73.14,51.97,162.92,0.4111,-1,-1,-1
334,3,944.24,916.31,60.38,161.19,0.7180,-1,-1,-1
334,4,1722.49,459.68,72.41,209.55,0.6197,-1,-1,-1
334,6,229.80,351.80,59.41,188.54,0.4715,-1,-1,-1
334,13,392.93,475.41,110.31,357.65,0.6301,-1,-1,-1
334,31,380.38,927.88,95.54,143.93,0.6547,-1,-1,-1
334,37,424.07,851.95,90.16,165.02,0.5495,-1,-1,-1
334,29,507.06,492.25,68.80,222.48,0.7312,-1,-1,-1
334,20,928.20,29.50,61.86,172.64,0.3805,-1,-1,-1
334,35,983.59,66.64,57.23,176.55,0.4840,-1,-1,-1
334,47,424.07,851.95,90.17,164.95,0.5495,-1,-1,-1
334,30,845.27,438.75,86.05,216.99,0.4892,-1,-1,-1
334,5,1540.60,615.37,86.00,231.66,0.5666,-1,-1,-1
334,1,446.59,108.53,74.34,185.71,0.3168,-1,-1,-1
334,48,952.94,392.25,56.46,193.42,0.4490,-1,-1,-1
334,41,1037.19,72.53,51.95,163.58,0.3881,-1,-1,-1
335,3,945.00,917.94,60.73,159.95,0.7188,-1,-1,-1
335,4,1722.61,459.81,72.02,208.80,0.6220,-1,-1,-1
335,6,228.30,350.37,61.41,190.81,0.4945,-1,-1,-1
335,13,390.24,477.27,117.00,358.46,0.6712,-1,-1,-1
335,31,382.86,930.84,96.95,141.51,0.6631,-1,-1,-1
335,37,425.83,851.40,95.48,162.56,0.5658,-1,-1,-1
335,29,506.00,493.02,68.85,222.72,0.7262,-1,-1,-1
335,20,928.69,27.89,61.69,172.24,0.3671,-1,-1,-1
335,35,982.80,66.52,57.47,175.60,0.4756,-1,-1,-1
335,47,425.82,851.40,95.49,162.50,0.5658,-1,-1,-1
335,30,847.25,439.74,82.80,217.85,0.4986,-1,-1,-1
335,5,1541.01,614.53,85.55,238.24,0.5471,-1,-1,-1
335,48,956.74,393.63,55.98,190.85,0.4978,-1,-1,-1
335,41,1037.11,72.35,51.60,163.50,0.3748,-1,-1,-1
336,3,945.43,918.90,61.46,159.53,0.7165,-1,-1,-1
336,4,1721.90,459.49,72.76,208.87,0.6377,-1,-1,-1
336,6,227.38,349.03,62.41,193.18,0.5092,-1,-1,-1
336,13,394.44,480.90,118.40,353.94,0.7020,-1,-1,-1
336,31,385.83,935.64,95.33,135.27,0.6730,-1,-1,-1
336,37,426.19,852.69,101.92,164.41,0.5338,-1,-1,-1
336,29,504.94,493.35,69.37,222.14,0.7201,-1,-1,-1
336,20,927.70,27.30,63.00,174.65,0.3710,-1,-1,-1
336,35,982.15,66.13,56.98,176.04,0.4611,-1,-1,-1
336,47,426.19,852.69,101.92,164.36,0.5338,-1,-1,-1
336,30,845.63,440.56,82.20,218.74,0.4426,-1,-1,-1
336,5,1541.74,615.38,84.13,241.11,0.5850,-1,-1,-1
336,48,959.26,393.14,56.76,191.13,0.4313,-1,-1,-1
336,41,1036.72,71.77,51.99,163.91,0.3422,-1,-1,-1
336,45,908.81,454.95,58.83,195.20,0.3786,-1,-1,-1
337,3,947.79,919.61,60.23,158.83,0.6831,-1,-1,-1
337,4,1722.20,459.34,72.54,208.12,0.6125,-1,-1,-1
337,6,226.07,348.13,63.10,190.37,0.4995,-1,-1,-1
337,13,397.38,484.99,123.61,348.79,0.7104,-1,-1,-1
337,31,387.42,940.96,96.63,132.25,0.6905,-1,-1,-1
337,37,427.91,856.07,107.81,165.81,0.4651,-1,-1,-1
337,29,504.40,493.62,69.42,221.79,0.7002,-1,-1,-1
337,20,928.50,25.18,63.92,175.04,0.3797,-1,-1,-1
337,35,981.27,64.98,57.06,176.72,0.4472,-1,-1,-1
337,47,427.90,856.07,107.81,165.77,0.4651,-1,-1,-1
337,30,846.61,442.55,77.36,220.75,0.4077,-1,-1,-1
337,5,1542.13,616.09,82.32,239.87,0.6444,-1,-1,-1
337,48,962.75,392.32,57.62,191.35,0.5608,-1,-1,-1
337,41,1036.25,71.32,52.44,165.21,0.4169,-1,-1,-1
337,45,909.41,456.50,57.21,197.95,0.3670,-1,-1,-1
338,3,948.58,921.26,60.96,157.02,0.7041,-1,-1,-1
338,4,1722.05,459.00,72.87,208.23,0.5862,-1,-1,-1
338,6,225.40,347.02,63.38,188.52,0.5266,-1,-1,-1
338,13,399.69,487.02,125.43,345.60,0.7124,-1,-1,-1
338,31,389.39,944.52,96.91,130.03,0.7150,-1,-1,-1
338,37,432.19,860.11,110.25,161.51,0.6328,-1,-1,-1
338,29,503.81,493.59,69.64,221.15,0.6971,-1,-1,-1
338,20,929.14,23.03,62.69,174.56,0.3624,-1,-1,-1
338,35,980.74,64.20,57.01,176.89,0.4421,-1,-1,-1
338,47,432.18,860.11,110.25,161.48,0.6328,-1,-1,-1
338,30,848.30,444.49,76.35,220.60,0.4247,-1,-1,-1
338,5,1543.09,616.13,80.59,241.42,0.6080,-1,-1,-1
338,48,965.68,392.49,58.48,193.29,0.5275,-1,-1,-1
338,41,1035.78,70.91,52.93,165.69,0.3909,-1,-1,-1
338,45,910.68,457.98,53.63,198.63,0.3365,-1,-1,-1
339,3,949.97,922.25,62.11,155.21,0.7037,-1,-1,-1
339,4,1721.70,459.58,73.54,207.52,0.6069,-1,-1,-1
339,6,224.11,346.01,63.94,185.22,0.5265,-1,-1,-1
339,13,401.26,487.69,124.38,343.20,0.7391,-1,-1,-1
339,31,391.89,948.39,97.28,127.36,0.7279,-1,-1,-1
339,37,437.33,865.46,109.77,159.09,0.6151,-1,-1,-1
339,29,503.30,494.20,68.71,221.12,0.6891,-1,-1,-1
339,20,929.24,22.22,61.95,169.59,0.3569,-1,-1,-1
339,35,979.74,62.00,57.82,178.31,0.4544,-1,-1,-1
339,47,437.33,865.46,109.77,159.05,0.6151,-1,-1,-1
339,30,847.06,446.67,76.39,218.33,0.4255,-1,-1,-1
339,5,1543.69,616.51,80.44,242.81,0.6253,-1,-1,-1
339,48,968.47,394.30,59.62,194.41,0.5963,-1,-1,-1
339,41,1036.23,70.41,51.90,166.17,0.4355,-1,-1,-1
339,45,911.76,459.43,51.42,198.72,0.3260,-1,-1,-1
340,3,950.94,923.08,62.64,154.16,0.6989,-1,-1,-1
340,4,1721.66,458.42,73.34,209.21,0.6069,-1,-1,-1
340,6,222.66,344.28,64.16,183.32,0.5185,-1,-1,-1
340,13,402.56,488.51,124.61,341.80,0.6977,-1,-1,-1
340,31,394.98,950.95,96.73,126.87,0.7110,-1,-1,-1
340,37,439.97,870.96,112.77,153.47,0.6901,-1,-1,-1
340,29,501.19,496.43,70.42,218.16,0.6595,-1,-1,-1
340,20,929.11,20.86,62.45,168.22,0.3433,-1,-1,-1
340,35,979.10,60.95,57.48,179.13,0.4919,-1,-1,-1
340,47,439.97,870.96,112.78,153.44,0.6901,-1,-1,-1
340,30,847.00,449.05,75.41,220.90,0.4337,-1,-1,-1
340,5,1545.03,616.04,79.91,244.14,0.6002,-1,-1,-1
340,48,970.68,396.51,60.91,195.03,0.5861,-1,-1,-1
340,41,1035.34,69.80,52.68,167.41,0.4181,-1,-1,-1
340,45,911.71,459.57,51.55,199.59,0.3370,-1,-1,-1
341,3,951.35,924.09,63.13,153.12,0.7038,-1,-1,-1
341,4,1721.62,458.66,73.24,209.07,0.6055,-1,-1,-1
341,6,221.91,342.62,64.67,183.03,0.5232,-1,-1,-1
341,13,405.11,489.13,121.60,340.85,0.3958,-1,-1,-1
341,31,398.56,954.82,96.48,123.90,0.6939,-1,-1,-1
341,37,441.60,875.40,115.08,148.73,0.6956,-1,-1,-1
341,29,499.21,498.47,70.53,216.03,0.6819,-1,-1,-1
341,20,928.45,19.69,62.75,166.33,0.3548,-1,-1,-1
341,35,978.90,59.28,56.06,180.02,0.4666,-1,-1,-1
341,47,441.60,875.40,115.08,148.71,0.6956,-1,-1,-1
341,30,846.36,450.87,75.62,221.54,0.4574,-1,-1,-1
341,5,1545.28,616.33,81.06,243.85,0.6541,-1,-1,-1
341,48,974.31,398.04,61.22,195.56,0.5525,-1,-1,-1
341,41,1035.64,69.07,51.96,169.67,0.4608,-1,-1,-1
341,45,911.43,460.31,51.79,200.96,0.3397,-1,-1,-1
342,3,951.49,924.38,64.91,152.77,0.6960,-1,-1,-1
342,4,1722.58,457.61,73.02,210.82,0.6238,-1,-1,-1
342,6,220.13,341.06,65.91,184.61,0.5138,-1,-1,-1
342,13,402.07,488.33,97.89,277.76,0.5927,-1,-1,-1
342,31,401.91,959.97,97.12,119.23,0.7165,-1,-1,-1
342,37,442.55,878.75,117.47,145.82,0.6867,-1,-1,-1
342,29,497.66,500.57,71.37,213.67,0.6917,-1,-1,-1
342,20,927.71,18.55,62.77,164.57,0.3291,-1,-1,-1
342,35,978.31,58.01,55.98,180.64,0.3981,-1,-1,-1
342,47,442.55,878.75,117.47,145.80,0.6867,-1,-1,-1
342,30,845.48,452.24,70.56,220.94,0.3875,-1,-1,-1
342,5,1545.52,617.64,81.80,241.28,0.6389,-1,-1,-1
342,48,976.17,400.08,62.52,196.09,0.6030,-1,-1,-1
342,41,1035.69,68.39,51.87,169.69,0.4110,-1,-1,-1
342,45,910.13,461.36,53.80,201.06,0.3544,-1,-1,-1
343,3,951.72,924.98,65.60,151.68,0.7070,-1,-1,-1
343,4,1722.41,457.82,72.49,209.65,0.5943,-1,-1,-1
343,6,218.71,339.80,67.87,185.01,0.5042,-1,-1,-1
343,13,400.25,486.88,85.53,252.35,0.5738,-1,-1,-1
343,31,404.29,962.97,98.06,116.39,0.7208,-1,-1,-1
343,37,442.00,881.76,120.26,144.15,0.6736,-1,-1,-1
343,29,495.38,502.07,73.04,213.33,0.6723,-1,-1,-1
343,20,925.87,16.85,64.63,162.80,0.3083,-1,-1,-1
343,35,977.00,57.71,55.94,177.96,0.3676,-1,-1,-1
343,47,442.00,881.76,120.26,144.13,0.6736,-1,-1,-1
343,30,844.63,453.38,66.67,220.30,0.3289,-1,-1,-1
343,5,1545.61,617.80,83.22,240.96,0.5991,-1,-1,-1
343,48,979.64,401.56,62.28,194.27,0.6358,-1,-1,-1
343,41,1035.16,67.51,51.87,171.08,0.3732,-1,-1,-1
343,45,909.40,462.37,55.22,200.44,0.3303,-1,-1,-1
344,3,951.85,925.19,67.07,151.00,0.6952,-1,-1,-1
344,4,1721.68,458.83,72.98,207.86,0.6047,-1,-1,-1
344,6,219.28,339.13,66.59,185.74,0.5436,-1,-1,-1
344,13,399.37,486.94,79.06,243.14,0.6259,-1,-1,-1
344,31,407.58,964.97,96.62,113.61,0.7272,-1,-1,-1
344,37,445.44,883.78,118.98,144.67,0.6799,-1,-1,-1
344,29,495.59,503.42,71.49,211.57,0.6449,-1,-1,-1
344,20,923.56,15.40,67.66,166.05,0.3476,-1,-1,-1
344,35,977.18,56.25,55.76,176.89,0.3815,-1,-1,-1
344,47,445.43,883.78,118.98,144.65,0.6799,-1,-1,-1
344,30,843.51,454.79,67.54,208.57,0.3306,-1,-1,-1
344,5,1546.29,617.79,84.51,239.09,0.5899,-1,-1,-1
344,48,982.48,405.11,63.35,192.54,0.5797,-1,-1,-1
344,41,1035.22,66.42,51.71,171.67,0.3337,-1,-1,-1
344,45,908.71,462.75,56.84,196.43,0.3873,-1,-1,-1
345,3,952.30,925.71,67.98,149.99,0.6993,-1,-1,-1
345,4,1721.08,458.61,73.45,207.14,0.6117,-1,-1,-1
345,6,219.20,338.44,65.53,185.54,0.5140,-1,-1,-1
345,13,398.90,487.62,77.57,237.06,0.6667,-1,-1,-1
345,31,410.46,965.29,97.46,112.65,0.7052,-1,-1,-1
345,37,448.42,885.26,118.06,148.92,0.6598,-1,-1,-1
345,29,496.64,505.41,68.57,210.80,0.5651,-1,-1,-1
345,20,923.30,15.52,68.28,165.71,0.3687,-1,-1,-1
345,35,977.03,54.17,55.31,173.64,0.4170,-1,-1,-1
345,47,448.42,885.26,118.06,148.91,0.6598,-1,-1,-1
345,30,842.51,454.73,67.18,214.41,0.3401,-1,-1,-1
345,5,1546.95,618.59,84.87,239.85,0.5660,-1,-1,-1
345,48,984.59,406.95,64.20,193.58,0.5287,-1,-1,-1
345,41,1035.18,66.17,51.92,169.39,0.3405,-1,-1,-1
345,45,908.71,463.18,58.42,194.84,0.3918,-1,-1,-1
345,49,422.29,352.22,83.08,191.06,0.3747,-1,-1,-1
346,3,952.55,926.37,69.10,149.38,0.7130,-1,-1,-1
346,4,1721.65,457.97,73.30,207.71,0.6133,-1,-1,-1
346,6,218.80,337.49,66.79,186.69,0.5116,-1,-1,-1
346,13,396.95,487.43,78.75,233.40,0.7008,-1,-1,-1
346,31,412.10,965.72,103.56,112.95,0.7048,-1,-1,-1
346,37,452.62,886.10,114.38,152.27,0.6693,-1,-1,-1
346,29,488.42,507.57,74.74,207.41,0.5514,-1,-1,-1
346,20,922.77,14.47,69.07,169.68,0.3310,-1,-1,-1
346,35,975.71,54.20,56.58,174.51,0.3620,-1,-1,-1
346,47,452.62,886.10,114.38,152.26,0.6693,-1,-1,-1
346,30,841.38,454.21,67.07,204.51,0.3789,-1,-1,-1
346,5,1552.71,620.11,79.90,237.21,0.5691,-1,-1,-1
346,48,985.90,408.03,65.58,194.86,0.4623,-1,-1,-1
346,45,905.47,463.85,63.14,196.98,0.4630,-1,-1,-1
346,49,425.05,350.02,79.45,200.18,0.3211,-1,-1,-1
346,2,459.41,586.15,73.58,229.58,0.3697,-1,-1,-1
347,3,952.23,927.26,71.07,148.44,0.7031,-1,-1,-1
347,4,1722.67,458.12,72.55,208.71,0.6247,-1,-1,-1
347,6,218.22,336.69,67.22,187.20,0.4517,-1,-1,-1
347,13,396.07,488.71,79.79,231.02,0.7110,-1,-1,-1
347,31,413.96,966.23,103.29,112.84,0.6975,-1,-1,-1
347,37,455.44,887.70,110.75,154.01,0.6729,-1,-1,-1
347,29,483.99,510.43,77.54,202.49,0.5342,-1,-1,-1
347,35,975.11,53.92,57.18,174.33,0.3638,-1,-1,-1
347,47,455.44,887.70,110.75,154.00,0.6729,-1,-1,-1
347,30,841.54,455.08,66.97,202.02,0.3360,-1,-1,-1
347,5,1551.57,621.20,82.77,235.74,0.5572,-1,-1,-1
347,48,989.15,409.49,65.03,193.82,0.5305,-1,-1,-1
347,45,906.62,465.31,64.49,196.74,0.4581,-1,-1,-1
347,49,427.40,348.49,75.51,206.90,0.3355,-1,-1,-1
347,2,467.10,583.88,72.43,232.35,0.3937,-1,-1,-1
348,3,952.01,927.55,71.75,148.57,0.7289,-1,-1,-1
348,4,1722.43,457.92,73.10,208.90,0.6153,-1,-1,-1
348,6,217.55,336.12,67.30,186.29,0.4055,-1,-1,-1
348,13,394.36,489.62,80.62,230.66,0.7211,-1,-1,-1
348,31,415.92,967.44,102.50,111.55,0.7086,-1,-1,-1
348,37,455.92,890.25,106.95,160.06,0.6440,-1,-1,-1
348,29,484.64,512.49,75.52,195.49,0.4439,-1,-1,-1
348,35,974.95,52.30,55.65,172.60,0.3428,-1,-1,-1
348,47,455.92,890.25,106.95,160.05,0.6440,-1,-1,-1
348,5,1553.01,621.82,83.27,233.63,0.5380,-1,-1,-1
348,48,993.80,410.42,62.91,193.23,0.5836,-1,-1,-1
348,45,906.98,466.21,65.06,197.22,0.5207,-1,-1,-1
348,49,430.19,347.32,72.35,197.05,0.3942,-1,-1,-1
348,2,470.84,574.69,77.23,243.99,0.5979,-1,-1,-1
349,3,951.85,927.89,74.07,147.77,0.7385,-1,-1,-1
349,4,1722.62,457.83,72.72,208.54,0.6026,-1,-1,-1
349,6,217.39,334.17,67.25,187.87,0.4351,-1,-1,-1
349,13,393.53,489.61,79.46,231.15,0.7185,-1,-1,-1
349,31,417.67,969.38,101.88,109.92,0.7049,-1,-1,-1
349,37,458.18,892.38,101.80,163.39,0.6408,-1,-1,-1
349,35,974.27,51.62,55.16,173.34,0.4554,-1,-1,-1
349,47,458.18,892.38,101.80,163.39,0.6408,-1,-1,-1
349,5,1552.88,622.19,85.54,236.30,0.5481,-1,-1,-1
349,48,996.37,411.44,63.32,193.28,0.6044,-1,-1,-1
349,45,907.88,468.97,61.73,197.15,0.4722,-1,-1,-1
349,49,430.11,345.28,72.69,202.16,0.4492,-1,-1,-1
349,2,474.88,576.76,76.38,242.44,0.6646,-1,-1,-1
350,3,951.42,928.63,76.06,146.87,0.7283,-1,-1,-1
350,4,1722.17,457.72,73.30,207.73,0.6070,-1,-1,-1
350,6,215.97,333.14,67.50,187.17,0.3941,-1,-1,-1
350,13,391.87,491.07,79.23,230.86,0.6654,-1,-1,-1
350,31,418.82,972.05,103.17,107.69,0.6934,-1,-1,-1
350,37,462.13,894.62,94.15,160.57,0.6168,-1,-1,-1
350,35,974.05,50.07,54.63,175.75,0.3872,-1,-1,-1
350,47,462.13,894.62,94.15,160.56,0.6168,-1,-1,-1
350,5,1554.01,623.17,86.98,239.22,0.5350,-1,-1,-1
350,48,1000.08,411.21,63.59,194.13,0.6154,-1,-1,-1
350,45,907.85,468.73,64.30,200.90,0.4104,-1,-1,-1
350,49,430.36,342.82,72.38,205.28,0.4445,-1,-1,-1
350,2,478.90,577.77,77.24,241.61,0.5704,-1,-1,-1
351,3,951.11,929.64,78.42,146.62,0.7362,-1,-1,-1
351,4,1722.37,457.92,72.88,208.50,0.5800,-1,-1,-1
351,6,213.96,330.34,67.71,187.18,0.3092,-1,-1,-1
351,13,391.97,493.30,77.15,231.64,0.6816,-1,-1,-1
351,31,420.12,975.45,103.40,104.25,0.6975,-1,-1,-1
351,37,465.94,897.83,87.90,156.59,0.5868,-1,-1,-1
351,35,973.56,49.30,54.46,177.00,0.4682,-1,-1,-1
351,47,465.94,897.83,87.90,156.58,0.5868,-1,-1,-1
351,5,1552.22,623.86,92.19,237.53,0.5587,-1,-1,-1
351,48,1002.25,409.64,63.72,195.04,0.5936,-1,-1,-1
351,45,908.30,469.47,65.80,203.42,0.3725,-1,-1,-1
351,49,430.28,339.69,72.73,206.75,0.4666,-1,-1,-1
351,2,481.28,540.99,86.21,277.00,0.6589,-1,-1,-1
351,29,480.23,521.61,88.35,279.91,0.6589,-1,-1,-1
352,3,950.80,929.98,79.93,147.05,0.7255,-1,-1,-1
352,4,1722.74,457.31,72.93,209.22,0.5956,-1,-1,-1
352,6,211.88,328.03,68.03,188.42,0.3164,-1,-1,-1
352,13,391.52,494.97,76.33,232.76,0.7085,-1,-1,-1
352,31,421.84,979.35,106.48,100.47,0.6904,-1,-1,-1
352,37,468.60,900.07,84.21,152.47,0.5720,-1,-1,-1
352,35,972.30,47.90,54.80,178.36,0.4320,-1,-1,-1
352,47,468.60,900.07,84.21,152.47,0.5720,-1,-1,-1
352,5,1551.31,625.56,93.88,238.57,0.5540,-1,-1,-1
352,48,1006.80,410.22,62.52,194.40,0.5951,-1,-1,-1
352,45,909.36,471.86,65.67,203.19,0.4370,-1,-1,-1
352,49,429.94,337.67,71.50,211.66,0.3821,-1,-1,-1
352,2,482.81,553.06,97.43,263.72,0.6566,-1,-1,-1
352,29,480.38,546.89,98.32,267.71,0.6566,-1,-1,-1
353,3,950.84,930.41,81.41,147.25,0.7475,-1,-1,-1
353,4,1722.22,457.93,73.18,209.64,0.6057,-1,-1,-1
353,6,211.88,325.61,66.89,188.26,0.3040,-1,-1,-1
353,13,391.04,496.75,75.66,234.03,0.7021,-1,-1,-1
353,31,422.76,983.27,107.95,96.77,0.6864,-1,-1,-1
353,37,468.23,902.42,85.15,151.62,0.4819,-1,-1,-1
353,35,969.67,47.23,56.95,179.29,0.3711,-1,-1,-1
353,47,468.23,902.42,85.15,151.62,0.4819,-1,-1,-1
353,5,1560.44,625.12,86.60,239.93,0.5149,-1,-1,-1
353,48,1009.10,411.05,64.14,194.43,0.6474,-1,-1,-1
353,45,909.82,473.64,65.62,202.48,0.4823,-1,-1,-1
353,49,430.51,334.98,73.13,205.56,0.4524,-1,-1,-1
353,2,483.13,566.88,107.26,249.14,0.7219,-1,-1,-1
353,29,480.21,566.50,107.50,252.79,0.7219,-1,-1,-1
353,30,845.58,458.94,69.92,219.10,0.3694,-1,-1,-1
354,3,951.19,930.85,81.73,147.01,0.7472,-1,-1,-1
354,4,1722.27,458.05,72.74,209.87,0.5894,-1,-1,-1
354,6,213.30,324.23,64.46,186.90,0.3003,-1,-1,-1
354,13,389.49,498.42,77.65,234.31,0.6843,-1,-1,-1
354,31,425.34,988.93,106.16,91.16,0.6513,-1,-1,-1
354,37,470.98,907.19,81.85,149.48,0.5197,-1,-1,-1
354,35,966.58,46.94,59.72,179.03,0.3174,-1,-1,-1
354,47,470.98,907.19,81.85,149.48,0.5197,-1,-1,-1
354,5,1565.03,626.01,84.71,244.29,0.5241,-1,-1,-1
354,48,1011.89,413.28,65.81,194.08,0.5958,-1,-1,-1
354,45,909.23,476.73,67.74,201.32,0.4620,-1,-1,-1
354,49,429.21,334.45,75.59,204.49,0.4273,-1,-1,-1
354,2,482.96,573.57,112.70,242.14,0.7361,-1,-1,-1
354,29,480.00,575.32,112.63,245.24,0.7361,-1,-1,-1
354,30,845.33,460.51,69.36,221.67,0.3659,-1,-1,-1
355,3,951.04,930.09,82.86,147.63,0.7464,-1,-1,-1
355,4,1722.83,458.21,71.58,208.98,0.6057,-1,-1,-1
355,13,388.23,500.57,79.42,235.30,0.6944,-1,-1,-1
355,31,430.46,993.86,101.20,85.32,0.6170,-1,-1,-1
355,37,472.55,910.21,81.92,157.61,0.5779,-1,-1,-1
355,47,472.55,910.21,81.92,157.61,0.5779,-1,-1,-1
355,5,1568.01,627.92,84.33,245.57,0.5546,-1,-1,-1
355,48,1014.60,416.28,66.41,192.04,0.5705,-1,-1,-1
355,45,909.11,480.03,67.52,199.13,0.4022,-1,-1,-1
355,49,427.34,333.27,78.06,208.68,0.4527,-1,-1,-1
355,2,482.60,577.62,115.31,238.50,0.7571,-1,-1,-1
355,29,479.81,580.01,115.12,241.21,0.7571,-1,-1,-1
355,30,845.13,462.74,69.28,222.42,0.3724,-1,-1,-1
356,3,951.62,929.34,82.13,147.58,0.7432,-1,-1,-1
356,4,1722.71,458.27,71.53,208.74,0.6058,-1,-1,-1
356,13,386.68,503.13,79.48,235.53,0.6989,-1,-1,-1
356,31,434.75,998.06,97.18,81.04,0.6165,-1,-1,-1
356,37,473.75,914.81,83.08,157.65,0.5490,-1,-1,-1
356,47,473.75,914.81,83.08,157.64,0.5490,-1,-1,-1
356,5,1569.25,627.87,85.17,246.44,0.5845,-1,-1,-1
356,48,1016.23,418.42,68.20,190.95,0.5037,-1,-1,-1
356,45,909.93,481.98,66.38,202.20,0.4206,-1,-1,-1
356,49,426.06,332.30,80.13,210.93,0.4717,-1,-1,-1
356,2,482.79,576.26,116.97,239.82,0.7304,-1,-1,-1
356,29,480.23,578.79,116.74,242.15,0.7304,-1,-1,-1
356,30,845.98,464.25,68.92,220.77,0.4241,-1,-1,-1
357,3,952.46,928.31,81.69,148.60,0.7290,-1,-1,-1
357,4,1722.78,458.31,71.44,208.05,0.5888,-1,-1,-1
357,13,385.13,505.01,79.44,236.06,0.6875,-1,-1,-1
357,31,439.08,1003.07,94.07,75.99,0.5528,-1,-1,-1
357,37,477.94,919.27,81.85,157.16,0.5160,-1,-1,-1
357,47,477.94,919.27,81.85,157.15,0.5160,-1,-1,-1
357,5,1570.81,630.00,85.27,244.78,0.5878,-1,-1,-1
357,48,1018.19,420.61,74.00,193.12,0.4390,-1,-1,-1
357,45,910.76,484.80,65.16,199.56,0.4847,-1,-1,-1
357,49,424.67,330.70,82.33,213.87,0.4445,-1,-1,-1
357,2,484.00,574.38,118.38,241.82,0.7084,-1,-1,-1
357,29,481.68,576.82,118.16,243.87,0.7084,-1,-1,-1
357,30,846.49,466.68,69.37,216.35,0.4765,-1,-1,-1
358,3,954.06,927.64,79.90,151.27,0.7234,-1,-1,-1
358,4,1723.13,458.08,71.37,208.14,0.5798,-1,-1,-1
358,13,383.81,506.29,79.66,239.44,0.6983,-1,-1,-1
358,31,441.10,1006.76,90.40,72.41,0.5573,-1,-1,-1
358,37,482.50,921.67,83.94,155.50,0.5998,-1,-1,-1
358,47,482.49,921.67,83.94,155.50,0.5998,-1,-1,-1
358,5,1571.39,632.23,84.95,243.10,0.5366,-1,-1,-1
358,48,1018.40,422.75,77.50,193.67,0.5047,-1,-1,-1
358,45,912.10,486.71,64.59,199.38,0.4784,-1,-1,-1
358,49,423.74,330.68,83.29,212.09,0.4526,-1,-1,-1
358,2,486.17,577.35,118.06,238.52,0.7534,-1,-1,-1
358,29,484.06,579.53,117.85,240.39,0.7534,-1,-1,-1
358,30,847.36,468.02,69.42,215.83,0.4890,-1,-1,-1
358,51,476.41,521.37,65.12,218.19,0.5417,-1,-1,-1
358,6,215.34,318.43,59.65,183.63,0.3549,-1,-1,-1
359,3,954.41,927.36,79.97,150.24,0.7142,-1,-1,-1
359,4,1722.61,457.42,72.09,208.97,0.5837,-1,-1,-1
359,13,382.54,507.29,79.90,241.40,0.6909,-1,-1,-1
359,31,443.28,1010.96,91.65,68.66,0.5407,-1,-1,-1
359,37,483.77,923.20,85.69,154.05,0.5679,-1,-1,-1
359,47,483.77,923.20,85.69,154.04,0.5679,-1,-1,-1
359,5,1570.95,634.70,85.94,242.67,0.5839,-1,-1,-1
359,48,1020.20,425.53,78.43,192.83,0.5000,-1,-1,-1
359,45,913.53,488.16,64.37,198.68,0.4437,-1,-1,-1
359,49,423.89,329.97,82.79,211.75,0.4778,-1,-1,-1
359,2,488.05,578.80,115.50,236.71,0.7390,-1,-1,-1
359,29,486.17,580.72,115.30,238.35,0.7390,-1,-1,-1
359,30,847.07,473.10,71.73,216.95,0.5529,-1,-1,-1
359,51,475.90,523.61,65.74,217.10,0.5348,-1,-1,-1
359,52,1752.33,74.33,56.46,171.79,0.3417,-1,-1,-1
359,6,211.03,317.27,63.45,184.94,0.3743,-1,-1,-1
359,35,963.99,55.21,55.72,170.28,0.3723,-1,-1,-1
360,3,955.29,926.92,79.07,150.61,0.7148,-1,-1,-1
360,4,1722.60,457.60,72.03,208.22,0.6175,-1,-1,-1
360,13,380.42,508.33,81.29,241.98,0.7215,-1,-1,-1
360,31,445.56,1012.75,90.25,67.17,0.5192,-1,-1,-1
360,37,488.14,924.65,85.24,153.82,0.6046,-1,-1,-1
360,47,488.14,924.65,85.24,153.81,0.6046,-1,-1,-1
360,5,1570.95,635.49,83.78,244.06,0.5803,-1,-1,-1
360,48,1023.45,426.04,78.49,196.74,0.5173,-1,-1,-1
360,45,915.22,488.39,63.85,198.92,0.4698,-1,-1,-1
360,49,425.61,329.17,80.47,210.36,0.5079,-1,-1,-1
360,2,491.02,580.50,112.50,235.38,0.6955,-1,-1,-1
360,29,489.35,582.20,112.32,236.81,0.6955,-1,-1,-1
360,30,847.67,475.59,73.66,219.08,0.5622,-1,-1,-1
360,51,476.59,527.71,62.42,218.75,0.6201,-1,-1,-1
360,52,1752.72,75.35,56.34,171.74,0.3372,-1,-1,-1
360,6,209.71,317.21,63.99,185.13,0.3816,-1,-1,-1
360,35,962.80,55.02,56.31,170.20,0.3686,-1,-1,-1
360,41,1025.72,62.10,56.98,161.58,0.3437,-1,-1,-1
361,3,956.29,926.52,78.40,151.16,0.7188,-1,-1,-1
361,4,1722.87,457.73,72.07,208.64,0.6122,-1,-1,-1
361,13,379.61,509.14,79.90,242.16,0.7080,-1,-1,-1
361,31,446.47,1015.28,92.34,64.22,0.4415,-1,-1,-1
361,37,492.69,925.19,85.06,155.27,0.6524,-1,-1,-1
361,47,492.69,925.19,85.06,155.27,0.6524,-1,-1,-1
361,5,1569.58,636.12,83.75,243.64,0.6137,-1,-1,-1
361,48,1027.13,428.33,77.12,196.34,0.4507,-1,-1,-1
361,45,915.79,488.14,65.67,200.59,0.4864,-1,-1,-1
361,49,427.27,328.40,78.43,209.07,0.5139,-1,-1,-1
361,2,497.75,578.41,105.43,237.42,0.6562,-1,-1,-1
361,29,496.29,579.92,105.26,238.66,0.6562,-1,-1,-1
361,30,849.38,477.42,72.85,219.53,0.6195,-1,-1,-1
361,51,475.02,529.27,65.77,227.51,0.6367,-1,-1,-1
361,52,1753.20,76.85,56.85,172.80,0.3686,-1,-1,-1
361,35,959.01,53.11,58.93,171.45,0.4080,-1,-1,-1
361,41,1025.25,60.90,56.14,161.43,0.3843,-1,-1,-1
362,3,958.27,926.24,76.06,151.45,0.6825,-1,-1,-1
362,4,1722.74,457.87,72.71,208.71,0.5889,-1,-1,-1
362,13,377.95,510.00,78.90,240.84,0.6908,-1,-1,-1
362,31,448.51,1017.79,86.11,61.00,0.4468,-1,-1,-1
362,37,494.92,927.00,90.44,153.99,0.6729,-1,-1,-1
362,47,494.92,927.00,90.44,153.99,0.6729,-1,-1,-1
362,5,1571.09,635.42,82.83,244.93,0.5535,-1,-1,-1
362,48,1029.83,429.56,76.39,195.61,0.4730,-1,-1,-1
362,45,915.45,489.64,66.56,199.96,0.3961,-1,-1,-1
362,49,430.83,325.75,75.44,206.76,0.4851,-1,-1,-1
362,2,508.87,577.66,95.50,235.83,0.6012,-1,-1,-1
362,29,507.63,579.00,95.35,236.94,0.6012,-1,-1,-1
362,30,850.15,478.09,71.94,219.09,0.5482,-1,-1,-1
362,51,473.03,527.34,66.73,234.40,0.6950,-1,-1,-1
362,52,1753.65,81.17,56.47,170.14,0.3803,-1,-1,-1
362,35,956.30,50.64,60.79,173.54,0.4191,-1,-1,-1
362,41,1025.12,59.97,55.48,162.41,0.3819,-1,-1,-1
363,3,960.09,926.10,74.24,151.52,0.6450,-1,-1,-1
363,4,1722.83,458.12,72.67,208.47,0.5977,-1,-1,-1
363,13,376.28,510.27,79.02,240.20,0.7083,-1,-1,-1
363,31,449.69,1018.76,89.20,60.50,0.5111,-1,-1,-1
363,37,496.67,928.90,95.96,152.27,0.6548,-1,-1,-1
363,47,496.67,928.90,95.96,152.26,0.6548,-1,-1,-1
363,5,1572.35,635.28,82.76,244.60,0.5802,-1,-1,-1
363,48,1034.26,430.07,73.31,195.74,0.5349,-1,-1,-1
363,45,915.66,491.63,66.37,198.63,0.4514,-1,-1,-1
363,49,434.41,324.15,72.04,207.80,0.4889,-1,-1,-1
363,2,515.86,576.99,92.63,234.05,0.6178,-1,-1,-1
363,29,514.84,578.16,92.52,235.03,0.6178,-1,-1,-1
363,30,852.05,479.11,69.66,217.64,0.5921,-1,-1,-1
363,51,472.22,533.67,67.36,229.67,0.7131,-1,-1,-1
363,52,1753.46,81.90,56.43,170.42,0.3731,-1,-1,-1
363,35,955.77,48.81,60.23,173.26,0.3449,-1,-1,-1
363,41,1024.34,59.51,56.43,161.68,0.4396,-1,-1,-1
364,3,962.01,925.49,73.06,152.49,0.6626,-1,-1,-1
364,4,1722.04,458.03,73.35,208.33,0.5894,-1,-1,-1
364,13,374.33,511.45,79.03,239.60,0.6917,-1,-1,-1
364,31,452.20,1019.08,88.56,60.74,0.4987,-1,-1,-1
364,37,499.86,931.94,99.38,149.21,0.6698,-1,-1,-1
364,47,499.86,931.94,99.38,149.21,0.6698,-1,-1,-1
364,5,1573.55,634.35,80.91,245.98,0.5528,-1,-1,-1
364,48,1039.27,430.47,71.06,194.66,0.6047,-1,-1,-1
364,45,916.71,492.55,65.28,197.97,0.4146,-1,-1,-1
364,49,435.85,322.76,70.36,207.32,0.4866,-1,-1,-1
364,2,524.27,576.34,88.16,235.46,0.6583,-1,-1,-1
364,29,523.39,577.37,88.06,236.31,0.6583,-1,-1,-1
364,30,852.39,478.81,70.99,217.78,0.5556,-1,-1,-1
364,51,471.09,538.53,66.80,226.01,0.7209,-1,-1,-1
364,52,1753.74,82.85,56.11,169.73,0.3100,-1,-1,-1
364,35,956.43,47.67,58.94,172.84,0.3105,-1,-1,-1
364,41,1023.06,58.53,57.69,162.38,0.3819,-1,-1,-1
365,3,963.19,924.03,72.11,154.32,0.6770,-1,-1,-1
365,4,1722.50,457.19,72.73,209.22,0.5713,-1,-1,-1
365,13,371.16,512.58,79.63,238.22,0.6926,-1,-1,-1
365,31,454.71,1017.78,86.54,62.19,0.4654,-1,-1,-1
365,37,503.24,934.15,102.34,146.86,0.6750,-1,-1,-1
365,47,503.24,934.15,102.34,146.86,0.6750,-1,-1,-1
365,5,1574.67,635.28,79.62,243.93,0.6048,-1,-1,-1
365,48,1043.52,431.10,69.66,194.02,0.6229,-1,-1,-1
365,45,916.70,491.14,65.87,199.55,0.4050,-1,-1,-1
365,49,437.37,318.63,68.26,208.97,0.5329,-1,-1,-1
365,2,535.65,574.27,81.32,237.08,0.6433,-1,-1,-1
365,29,534.91,575.19,81.23,237.82,0.6433,-1,-1,-1
365,30,851.60,479.42,72.06,216.50,0.5337,-1,-1,-1
365,51,470.28,538.70,66.53,227.45,0.7146,-1,-1,-1
365,41,1021.82,58.21,58.58,161.89,0.3884,-1,-1,-1
366,3,964.86,923.05,71.36,155.56,0.7050,-1,-1,-1
366,4,1722.25,457.32,72.55,209.19,0.5805,-1,-1,-1
366,13,367.34,512.57,80.76,237.40,0.7386,-1,-1,-1
366,31,456.72,1017.83,80.56,62.10,0.3916,-1,-1,-1
366,37,507.35,936.62,104.06,144.17,0.6744,-1,-1,-1
366,47,507.35,936.62,104.06,144.17,0.6744,-1,-1,-1
366,5,1574.96,633.99,81.63,246.08,0.5604,-1,-1,-1
366,48,1047.00,430.81,68.82,195.15,0.6339,-1,-1,-1
366,45,916.24,490.56,66.89,200.76,0.4541,-1,-1,-1
366,49,438.78,316.37,68.19,209.32,0.5350,-1,-1,-1
366,2,543.84,572.93,75.46,238.90,0.7075,-1,-1,-1
366,29,543.24,573.74,75.39,239.55,0.7075,-1,-1,-1
366,30,851.06,480.00,72.37,215.76,0.5810,-1,-1,-1
366,51,469.51,539.63,65.50,230.85,0.7373,-1,-1,-1
366,41,1021.12,58.98,56.74,157.95,0.4131,-1,-1,-1
366,44,794.67,153.64,54.83,167.36,0.3456,-1,-1,-1
367,3,966.10,921.80,70.89,156.40,0.7096,-1,-1,-1
367,4,1722.06,457.56,72.08,209.45,0.5755,-1,-1,-1
367,13,363.25,514.30,83.49,235.77,0.7544,-1,-1,-1
367,31,461.81,1020.98,73.14,59.05,0.3442,-1,-1,-1
367,37,507.68,940.52,106.82,140.24,0.6848,-1,-1,-1
367,47,507.68,940.52,106.82,140.24,0.6848,-1,-1,-1
367,5,1575.20,639.28,86.54,241.83,0.5770,-1,-1,-1
367,48,1050.44,431.08,67.98,194.64,0.6265,-1,-1,-1
367,45,915.89,491.14,66.85,202.07,0.4410,-1,-1,-1
367,49,439.38,314.20,68.62,209.43,0.5601,-1,-1,-1
367,2,547.53,572.18,73.69,241.75,0.6913,-1,-1,-1
367,29,547.03,572.90,73.64,242.32,0.6913,-1,-1,-1
367,30,851.32,480.22,72.91,217.29,0.5989,-1,-1,-1
367,51,468.04,540.61,65.36,233.01,0.7385,-1,-1,-1
367,41,1020.71,58.66,55.85,155.80,0.4284,-1,-1,-1
367,44,795.06,153.96,54.15,167.17,0.3321,-1,-1,-1
368,3,967.59,921.29,70.77,157.11,0.6915,-1,-1,-1
368,4,1722.03,457.85,73.20,208.13,0.5794,-1,-1,-1
368,13,359.95,515.23,86.02,235.01,0.7695,-1,-1,-1
368,37,510.07,943.23,108.44,137.43,0.6921,-1,-1,-1
368,47,510.07,943.23,108.44,137.43,0.6921,-1,-1,-1
368,5,1575.29,643.50,89.37,236.65,0.5187,-1,-1,-1
368,48,1054.31,432.06,67.57,196.79,0.6633,-1,-1,-1
368,45,915.32,492.04,67.77,202.30,0.4875,-1,-1,-1
368,49,439.79,312.64,69.06,208.72,0.5695,-1,-1,-1
368,2,549.47,571.78,75.30,241.47,0.6900,-1,-1,-1
368,29,549.04,572.41,75.26,241.99,0.6900,-1,-1,-1
368,30,851.82,480.99,70.94,217.51,0.6341,-1,-1,-1
368,51,466.06,541.25,66.45,233.63,0.7517,-1,-1,-1
368,41,1020.36,58.02,55.43,154.36,0.4449,-1,-1,-1
368,44,794.69,152.59,57.11,168.25,0.3290,-1,-1,-1
369,3,968.73,920.89,71.12,157.89,0.7150,-1,-1,-1
369,4,1722.06,458.11,74.55,206.90,0.5701,-1,-1,-1
369,13,356.58,516.06,88.92,237.93,0.7539,-1,-1,-1
369,37,513.00,946.05,110.68,134.47,0.6971,-1,-1,-1
369,47,513.00,946.05,110.68,134.47,0.6971,-1,-1,-1
369,5,1575.70,645.09,88.97,236.45,0.5141,-1,-1,-1
369,48,1057.34,432.89,68.34,195.12,0.6209,-1,-1,-1
369,45,913.95,493.49,68.79,203.83,0.3973,-1,-1,-1
369,49,440.96,310.52,67.76,209.91,0.5335,-1,-1,-1
369,2,549.71,572.11,78.13,241.24,0.6850,-1,-1,-1
369,29,549.33,572.66,78.09,241.70,0.6850,-1,-1,-1
369,30,852.00,482.16,68.20,219.07,0.5734,-1,-1,-1
369,51,464.80,541.52,66.42,233.35,0.7328,-1,-1,-1
369,41,1019.63,57.20,54.83,155.22,0.4412,-1,-1,-1
369,44,794.90,152.29,57.58,168.78,0.3325,-1,-1,-1
370,3,969.02,919.79,72.61,158.62,0.7278,-1,-1,-1
370,4,1722.26,457.76,73.99,207.81,0.5860,-1,-1,-1
370,13,353.20,518.36,90.54,241.20,0.7171,-1,-1,-1
370,37,515.41,950.68,114.03,129.75,0.6847,-1,-1,-1
370,47,515.41,950.68,114.03,129.75,0.6847,-1,-1,-1
370,5,1575.38,645.05,90.13,235.63,0.4653,-1,-1,-1
370,48,1060.17,434.59,67.85,197.83,0.6176,-1,-1,-1
370,45,915.21,497.09,67.93,203.30,0.3749,-1,-1,-1
370,49,441.89,309.06,67.69,212.40,0.5436,-1,-1,-1
370,2,549.45,572.32,81.65,241.03,0.6620,-1,-1,-1
370,29,549.11,572.81,81.62,241.43,0.6620,-1,-1,-1
370,30,852.49,482.53,66.69,217.57,0.4652,-1,-1,-1
370,51,463.14,541.82,67.16,232.98,0.7271,-1,-1,-1
370,41,1017.06,55.86,57.16,157.97,0.4010,-1,-1,-1
370,44,794.25,152.73,59.62,167.79,0.3142,-1,-1,-1
371,3,970.11,918.06,73.44,160.30,0.7223,-1,-1,-1
371,4,1722.30,457.75,74.39,207.58,0.5573,-1,-1,-1
371,13,349.35,521.51,92.42,241.92,0.6988,-1,-1,-1
371,37,517.06,954.50,116.53,125.91,0.6957,-1,-1,-1
371,47,517.06,954.50,116.53,125.91,0.6957,-1,-1,-1
371,5,1575.72,640.25,92.80,239.43,0.3970,-1,-1,-1
371,48,1062.79,435.88,69.04,198.96,0.6657,-1,-1,-1
371,45,914.95,501.90,68.95,203.52,0.4722,-1,-1,-1
371,49,441.85,309.42,68.96,210.70,0.5039,-1,-1,-1
371,2,549.56,572.17,90.69,241.50,0.6371,-1,-1,-1
371,29,549.26,572.60,90.67,241.85,0.6371,-1,-1,-1
371,30,851.79,482.87,67.80,223.17,0.4585,-1,-1,-1
371,51,461.55,542.20,67.50,232.72,0.7148,-1,-1,-1
371,41,1015.48,54.35,59.00,160.19,0.3365,-1,-1,-1
371,44,794.18,153.23,60.67,167.73,0.3024,-1,-1,-1
372,3,970.82,917.24,75.90,161.18,0.7405,-1,-1,-1
372,4,1721.65,458.54,75.93,206.95,0.5365,-1,-1,-1
372,13,347.70,524.30,93.43,242.67,0.7195,-1,-1,-1
372,37,519.32,958.66,116.51,121.71,0.6824,-1,-1,-1
372,47,519.32,958.66,116.51,121.71,0.6824,-1,-1,-1
372,5,1574.54,644.76,93.16,234.81,0.4455,-1,-1,-1
372,48,1064.91,438.44,69.91,202.22,0.6598,-1,-1,-1
372,45,913.44,504.87,70.75,203.63,0.4702,-1,-1,-1
372,49,442.69,309.87,69.05,209.97,0.5496,-1,-1,-1
372,2,550.50,571.36,102.22,242.64,0.6555,-1,-1,-1
372,29,550.21,571.74,102.20,242.95,0.6555,-1,-1,-1
372,30,851.22,484.07,68.59,224.07,0.4061,-1,-1,-1
372,51,460.02,542.59,68.10,231.23,0.7108,-1,-1,-1
372,41,1015.02,53.51,58.98,162.84,0.3705,-1,-1,-1
372,52,1762.25,96.36,57.14,157.10,0.3662,-1,-1,-1
373,3,971.90,915.84,77.35,162.17,0.7324,-1,-1,-1
373,4,1720.97,458.13,77.64,207.70,0.5363,-1,-1,-1
373,13,346.38,526.47,93.16,240.59,0.6988,-1,-1,-1
373,37,519.96,962.20,117.50,117.99,0.6650,-1,-1,-1
373,47,519.96,962.20,117.50,117.99,0.6650,-1,-1,-1
373,5,1574.27,645.45,92.54,232.58,0.4215,-1,-1,-1
373,48,1067.37,440.68,70.58,203.03,0.6469,-1,-1,-1
373,45,913.91,505.78,70.68,204.99,0.4771,-1,-1,-1
373,49,443.28,309.14,68.84,210.17,0.5553,-1,-1,-1
373,2,551.41,570.92,108.08,243.01,0.6639,-1,-1,-1
373,29,551.14,571.26,108.06,243.29,0.6639,-1,-1,-1
373,30,850.93,485.48,67.75,223.06,0.3831,-1,-1,-1
373,51,459.03,543.42,67.46,230.02,0.7047,-1,-1,-1
373,41,1015.02,52.82,58.16,162.09,0.3822,-1,-1,-1
374,3,972.62,915.35,78.17,162.83,0.7307,-1,-1,-1
374,4,1720.00,457.19,78.62,207.87,0.5488,-1,-1,-1
374,13,344.94,527.79,92.08,238.82,0.7001,-1,-1,-1
374,37,522.11,964.73,115.88,115.49,0.6549,-1,-1,-1
374,47,522.11,964.73,115.88,115.49,0.6549,-1,-1,-1
374,5,1573.32,645.91,93.74,232.66,0.4282,-1,-1,-1
374,48,1072.30,442.73,67.96,202.29,0.6222,-1,-1,-1
374,45,913.77,506.69,70.35,205.59,0.5504,-1,-1,-1
374,49,443.92,308.61,68.89,209.27,0.5965,-1,-1,-1
374,2,554.86,569.84,108.68,243.91,0.6560,-1,-1,-1
374,29,554.62,570.14,108.65,244.16,0.6560,-1,-1,-1
374,30,851.44,487.78,67.22,219.70,0.4420,-1,-1,-1
374,51,457.30,545.18,67.69,227.05,0.7049,-1,-1,-1
374,41,1014.48,52.34,57.40,161.84,0.3986,-1,-1,-1
375,3,973.20,914.36,78.86,164.36,0.7215,-1,-1,-1
375,4,1719.01,457.04,78.75,208.38,0.5773,-1,-1,-1
375,13,343.57,528.89,92.08,238.09,0.6902,-1,-1,-1
375,37,524.74,966.83,113.15,113.39,0.6393,-1,-1,-1
375,47,524.74,966.83,113.15,113.39,0.6393,-1,-1,-1
375,48,1076.53,444.10,67.72,203.06,0.5902,-1,-1,-1
375,45,914.02,507.42,69.63,205.78,0.5549,-1,-1,-1
375,49,445.33,307.39,68.99,209.36,0.6044,-1,-1,-1
375,2,559.77,568.38,108.89,245.09,0.6324,-1,-1,-1
375,29,559.56,568.65,108.87,245.31,0.6324,-1,-1,-1
375,30,853.10,490.14,65.36,217.32,0.4046,-1,-1,-1
375,51,455.51,546.84,69.50,223.86,0.7348,-1,-1,-1
375,41,1014.27,51.97,56.92,160.66,0.4206,-1,-1,-1
376,3,974.46,912.92,78.68,166.19,0.7171,-1,-1,-1
376,4,1719.80,456.86,76.29,209.35,0.6119,-1,-1,-1
376,13,341.39,531.40,91.98,236.48,0.6838,-1,-1,-1
376,37,528.61,969.34,108.57,110.86,0.6359,-1,-1,-1
376,47,528.61,969.34,108.57,110.86,0.6359,-1,-1,-1
376,48,1079.51,445.01,68.19,201.84,0.5825,-1,-1,-1
376,45,914.39,507.64,68.47,206.38,0.5748,-1,-1,-1
376,49,446.72,306.34,69.19,209.19,0.5908,-1,-1,-1
376,2,564.55,565.51,107.48,248.94,0.5840,-1,-1,-1
376,29,564.36,565.75,107.45,249.13,0.5840,-1,-1,-1
376,30,853.30,493.75,65.17,216.35,0.5090,-1,-1,-1
376,51,454.36,549.01,68.91,223.65,0.7416,-1,-1,-1
376,41,1013.91,52.43,56.64,162.21,0.3713,-1,-1,-1
377,3,973.46,911.68,81.48,167.46,0.7053,-1,-1,-1
377,4,1720.32,456.68,74.88,209.05,0.6236,-1,-1,-1
377,13,338.92,533.72,91.93,232.94,0.6855,-1,-1,-1
377,37,530.56,970.11,105.76,110.01,0.6485,-1,-1,-1
377,47,530.56,970.11,105.76,110.01,0.6485,-1,-1,-1
377,48,1081.31,446.92,68.48,201.19,0.5975,-1,-1,-1
377,45,914.22,508.43,67.95,205.51,0.5751,-1,-1,-1
377,49,447.64,304.17,69.22,210.47,0.6378,-1,-1,-1
377,2,568.43,564.57,106.18,249.54,0.5901,-1,-1,-1
377,29,568.27,564.78,106.16,249.71,0.5901,-1,-1,-1
377,30,852.83,495.40,65.62,214.75,0.5071,-1,-1,-1
377,51,453.44,550.65,68.67,226.63,0.7338,-1,-1,-1
377,41,1013.30,51.64,56.70,161.55,0.3950,-1,-1,-1
378,3,974.20,910.33,82.26,169.41,0.7159,-1,-1,-1
378,4,1720.14,456.50,75.29,209.33,0.6188,-1,-1,-1
378,13,337.72,534.97,90.48,231.17,0.6962,-1,-1,-1
378,37,533.02,971.74,102.77,108.41,0.6423,-1,-1,-1
378,47,533.02,971.74,102.77,108.41,0.6423,-1,-1,-1
378,48,1084.66,449.07,67.78,198.76,0.6358,-1,-1,-1
378,45,915.14,509.42,66.66,204.61,0.5561,-1,-1,-1
378,49,448.03,302.88,70.71,210.11,0.6321,-1,-1,-1
378,2,572.59,563.40,101.31,249.12,0.5010,-1,-1,-1
378,29,572.44,563.58,101.29,249.27,0.5010,-1,-1,-1
378,30,852.12,493.37,66.35,221.65,0.5067,-1,-1,-1
378,51,452.33,552.89,68.89,229.05,0.7250,-1,-1,-1
378,41,1013.26,51.84,55.78,161.81,0.3790,-1,-1,-1
379,3,974.51,909.67,83.77,170.05,0.7198,-1,-1,-1
379,4,1719.86,456.90,76.26,208.69,0.6199,-1,-1,-1
379,13,337.20,536.21,88.97,228.49,0.6948,-1,-1,-1
379,37,535.48,973.22,99.60,106.93,0.6109,-1,-1,-1
379,47,535.48,973.22,99.60,106.93,0.6109,-1,-1,-1
379,48,1090.38,449.10,65.08,199.85,0.6337,-1,-1,-1
379,45,915.72,509.24,66.25,204.91,0.5595,-1,-1,-1
379,49,447.76,301.25,71.89,208.93,0.6428,-1,-1,-1
379,2,578.59,562.30,93.92,248.98,0.4036,-1,-1,-1
379,29,578.46,562.46,93.90,249.12,0.4036,-1,-1,-1
379,30,851.20,493.14,67.71,225.00,0.5169,-1,-1,-1
379,51,451.02,554.96,69.82,232.12,0.7144,-1,-1,-1
379,41,1013.00,51.10,55.15,164.22,0.3872,-1,-1,-1
380,3,975.15,908.77,84.35,170.63,0.7103,-1,-1,-1
380,4,1719.93,456.55,75.98,209.36,0.6107,-1,-1,-1
380,13,336.35,537.18,88.49,227.18,0.7025,-1,-1,-1
380,37,537.69,974.49,97.29,105.56,0.6081,-1,-1,-1
380,47,537.69,974.49,97.29,105.56,0.6081,-1,-1,-1
380,48,1092.63,449.48,65.41,199.36,0.6023,-1,-1,-1
380,45,915.70,507.73,66.83,205.14,0.4806,-1,-1,-1
380,49,447.62,299.23,72.70,206.45,0.5915,-1,-1,-1
380,30,849.22,492.90,70.29,219.90,0.4426,-1,-1,-1
380,51,449.52,558.01,69.61,231.11,0.7314,-1,-1,-1
380,41,1012.74,50.16,54.57,165.14,0.4299,-1,-1,-1
381,3,975.91,907.87,84.35,171.50,0.7045,-1,-1,-1
381,4,1720.02,456.34,74.91,209.48,0.6324,-1,-1,-1
381,13,335.91,537.91,86.84,232.50,0.7547,-1,-1,-1
381,37,540.53,977.25,94.61,102.82,0.6081,-1,-1,-1
381,47,540.53,977.25,94.61,102.82,0.6081,-1,-1,-1
381,48,1094.13,449.65,66.25,198.59,0.6688,-1,-1,-1
381,45,916.79,507.23,66.27,204.79,0.4835,-1,-1,-1
381,49,447.63,297.71,72.55,203.91,0.6312,-1,-1,-1
381,30,848.11,492.93,70.13,219.89,0.3918,-1,-1,-1
381,51,448.90,560.95,68.86,233.36,0.7347,-1,-1,-1
381,41,1012.50,49.48,54.07,165.80,0.4501,-1,-1,-1
382,3,976.31,907.16,84.72,171.82,0.7193,-1,-1,-1
382,4,1719.44,456.69,74.64,208.40,0.6005,-1,-1,-1
382,13,335.81,539.32,85.00,234.79,0.7804,-1,-1,-1
382,37,543.89,980.46,91.56,99.64,0.5994,-1,-1,-1
382,47,543.89,980.46,91.56,99.64,0.5994,-1,-1,-1
382,48,1095.76,449.26,66.77,199.60,0.6667,-1,-1,-1
382,45,916.53,509.24,67.50,203.76,0.4695,-1,-1,-1
382,49,447.83,295.06,73.19,203.57,0.6233,-1,-1,-1
382,51,448.02,562.35,68.95,234.88,0.7429,-1,-1,-1
382,41,1012.48,48.30,53.55,168.83,0.4642,-1,-1,-1
382,35,958.68,32.99,54.53,174.12,0.3700,-1,-1,-1
383,3,977.92,906.29,83.47,172.29,0.6950,-1,-1,-1
383,4,1719.61,456.54,74.03,209.16,0.6006,-1,-1,-1
383,13,335.00,540.20,84.49,235.18,0.7797,-1,-1,-1
383,37,546.83,987.68,88.72,92.38,0.5859,-1,-1,-1
383,47,546.83,987.68,88.72,92.38,0.5859,-1,-1,-1
383,48,1097.96,449.39,67.21,198.61,0.6580,-1,-1,-1
383,45,915.85,510.55,68.60,203.07,0.4879,-1,-1,-1
383,49,448.01,292.27,74.13,203.97,0.5802,-1,-1,-1
383,51,446.66,562.10,70.79,236.58,0.7658,-1,-1,-1
383,41,1012.84,47.57,52.90,169.65,0.4480,-1,-1,-1
383,35,960.05,31.88,53.46,172.50,0.3902,-1,-1,-1
383,30,849.63,496.87,69.00,214.08,0.3741,-1,-1,-1
384,3,978.97,906.01,83.20,172.59,0.6984,-1,-1,-1
384,4,1719.90,456.77,72.22,208.51,0.5856,-1,-1,-1
384,13,334.94,540.75,82.86,236.88,0.7748,-1,-1,-1
384,37,550.46,992.60,87.00,87.37,0.5777,-1,-1,-1
384,47,550.46,992.60,87.00,87.37,0.5777,-1,-1,-1
384,48,1099.89,452.87,69.77,197.69,0.6481,-1,-1,-1
384,45,916.13,512.42,68.96,202.10,0.5728,-1,-1,-1
384,49,448.24,290.07,74.36,205.34,0.6012,-1,-1,-1
384,51,444.45,564.09,72.27,235.51,0.7714,-1,-1,-1
384,41,1012.72,46.27,52.67,169.47,0.4228,-1,-1,-1
384,35,959.16,30.68,54.49,173.22,0.3277,-1,-1,-1
384,30,850.23,497.39,69.51,211.71,0.4244,-1,-1,-1
384,44,788.28,151.27,65.23,170.34,0.3413,-1,-1,-1
384,52,1771.74,99.10,59.75,162.30,0.3732,-1,-1,-1
385,3,980.30,905.66,81.94,172.94,0.7089,-1,-1,-1
385,4,1719.20,456.94,72.26,208.20,0.6486,-1,-1,-1
385,13,334.08,541.54,83.35,238.62,0.7686,-1,-1,-1
385,37,553.22,997.21,86.19,82.81,0.5668,-1,-1,-1
385,47,553.22,997.21,86.19,82.81,0.5668,-1,-1,-1
385,48,1102.12,454.23,71.95,199.64,0.5821,-1,-1,-1
385,45,919.10,514.48,67.41,203.33,0.5243,-1,-1,-1
385,49,446.31,288.89,76.51,207.05,0.5651,-1,-1,-1
385,51,443.79,564.50,72.53,235.96,0.7674,-1,-1,-1
385,41,1012.84,45.80,52.26,170.57,0.3896,-1,-1,-1
385,35,957.70,30.62,56.24,172.29,0.3545,-1,-1,-1
385,30,850.68,499.24,69.92,208.71,0.4454,-1,-1,-1
385,44,788.33,150.99,65.28,170.68,0.3642,-1,-1,-1
385,52,1772.09,98.82,60.52,163.71,0.3699,-1,-1,-1
386,3,982.11,905.02,79.88,173.34,0.6759,-1,-1,-1
386,4,1719.47,457.28,72.33,207.62,0.5985,-1,-1,-1
386,13,332.55,543.83,85.15,239.00,0.7442,-1,-1,-1
386,37,557.08,1001.91,85.12,78.12,0.5119,-1,-1,-1
386,47,557.08,1001.91,85.12,78.12,0.5119,-1,-1,-1
386,48,1106.64,455.92,72.27,200.04,0.5336,-1,-1,-1
386,45,918.59,515.61,68.57,204.73,0.4938,-1,-1,-1
386,49,444.46,287.92,79.25,208.04,0.5690,-1,-1,-1
386,51,442.36,565.46,72.48,235.72,0.7521,-1,-1,-1
386,41,1012.16,45.70,52.08,165.64,0.3484,-1,-1,-1
386,35,954.88,29.61,58.62,172.16,0.3371,-1,-1,-1
386,30,850.43,500.11,69.94,208.55,0.4784,-1,-1,-1
386,44,786.98,150.98,66.61,170.63,0.3583,-1,-1,-1
386,52,1771.94,98.59,63.18,164.57,0.3664,-1,-1,-1
387,3,983.85,904.47,78.09,173.39,0.6608,-1,-1,-1
387,4,1719.38,458.07,72.63,206.72,0.5508,-1,-1,-1
387,13,331.53,545.38,86.24,242.58,0.7475,-1,-1,-1
387,37,559.85,1005.50,84.90,74.48,0.5012,-1,-1,-1
387,47,559.85,1005.50,84.90,74.48,0.5012,-1,-1,-1
387,48,1108.60,458.10,77.36,199.49,0.5176,-1,-1,-1
387,45,921.72,517.72,66.44,208.59,0.4461,-1,-1,-1
387,49,443.82,287.63,81.40,208.22,0.5789,-1,-1,-1
387,51,440.89,565.64,71.38,235.88,0.7457,-1,-1,-1
387,41,1011.89,45.13,52.02,162.83,0.3194,-1,-1,-1
387,35,954.29,29.61,59.37,171.46,0.3244,-1,-1,-1
387,30,850.67,500.16,69.72,210.52,0.4371,-1,-1,-1
387,44,787.00,150.47,66.48,171.40,0.3466,-1,-1,-1
387,52,1772.40,96.41,62.86,168.77,0.3668,-1,-1,-1
388,3,984.32,904.24,78.63,173.77,0.6202,-1,-1,-1
388,4,1719.41,457.47,72.21,207.07,0.5456,-1,-1,-1
388,13,328.79,549.16,88.66,246.21,0.7585,-1,-1,-1
388,37,562.49,1010.12,84.04,69.90,0.4464,-1,-1,-1
388,47,562.49,1010.12,84.04,69.90,0.4464,-1,-1,-1
388,48,1109.58,461.75,81.63,198.63,0.5451,-1,-1,-1
388,45,921.99,519.44,66.98,208.57,0.4739,-1,-1,-1
388,49,443.34,287.23,82.58,208.54,0.5925,-1,-1,-1
388,51,439.48,567.26,70.98,234.80,0.7461,-1,-1,-1
388,41,1011.77,44.93,52.14,159.33,0.3209,-1,-1,-1
388,35,954.85,29.42,58.32,171.80,0.3445,-1,-1,-1
388,30,850.51,501.75,69.69,209.76,0.4324,-1,-1,-1
388,44,788.62,150.69,64.55,170.92,0.3476,-1,-1,-1
388,52,1772.30,94.10,64.01,172.27,0.3624,-1,-1,-1
389,3,984.53,904.39,79.82,173.73,0.6536,-1,-1,-1
389,4,1719.96,457.42,72.22,208.09,0.5552,-1,-1,-1
389,13,326.60,551.74,90.58,246.16,0.7756,-1,-1,-1
389,37,564.29,1013.16,83.78,66.87,0.4309,-1,-1,-1
389,47,564.29,1013.16,83.78,66.87,0.4309,-1,-1,-1
389,48,1111.48,463.46,85.85,200.37,0.4800,-1,-1,-1
389,45,921.89,523.64,69.34,204.68,0.5317,-1,-1,-1
389,49,442.15,286.76,83.83,209.00,0.6108,-1,-1,-1
389,51,437.72,568.23,72.27,233.43,0.7651,-1,-1,-1
389,41,1011.06,44.01,52.65,161.24,0.3580,-1,-1,-1
389,35,953.76,29.13,58.66,171.98,0.3471,-1,-1,-1
389,30,850.82,501.41,70.07,197.81,0.4285,-1,-1,-1
389,44,789.05,150.91,64.25,170.58,0.3568,-1,-1,-1
389,52,1772.40,86.58,63.66,180.08,0.3486,-1,-1,-1
390,3,984.12,904.29,80.98,173.75,0.6174,-1,-1,-1
390,4,1720.03,456.85,71.74,208.71,0.5492,-1,-1,-1
390,13,324.45,553.63,90.77,245.81,0.7912,-1,-1,-1
390,37,566.99,1015.83,83.17,64.20,0.3864,-1,-1,-1
390,47,566.99,1015.83,83.17,64.20,0.3864,-1,-1,-1
390,48,1117.09,464.61,82.83,201.35,0.4757,-1,-1,-1
390,45,922.66,525.92,70.08,202.10,0.5937,-1,-1,-1
390,49,441.85,286.62,83.78,209.13,0.6382,-1,-1,-1
390,51,436.24,569.29,72.91,232.29,0.7766,-1,-1,-1
390,41,1010.90,43.20,53.10,163.22,0.3871,-1,-1,-1
390,35,954.99,28.45,56.81,172.94,0.3587,-1,-1,-1
390,30,851.38,503.42,70.15,209.19,0.5204,-1,-1,-1
390,44,790.21,151.24,62.99,170.10,0.3919,-1,-1,-1
390,52,1772.29,88.69,61.74,178.64,0.3544,-1,-1,-1
391,3,982.85,904.51,82.06,174.43,0.6166,-1,-1,-1
391,4,1719.84,456.81,72.61,210.06,0.5625,-1,-1,-1
391,13,322.56,556.03,91.41,245.82,0.7920,-1,-1,-1
391,37,569.42,1017.35,83.99,62.42,0.3882,-1,-1,-1
391,47,569.42,1017.35,83.99,62.42,0.3882,-1,-1,-1
391,48,1121.00,465.87,80.31,201.96,0.4453,-1,-1,-1
391,45,923.02,527.62,71.32,206.71,0.6189,-1,-1,-1
391,49,442.34,284.93,83.00,209.32,0.6376,-1,-1,-1
391,51,434.45,571.84,73.88,230.11,0.8020,-1,-1,-1
391,41,1010.28,42.38,54.05,164.33,0.3629,-1,-1,-1
391,35,953.68,28.29,58.16,172.54,0.4099,-1,-1,-1
391,30,851.12,506.26,71.46,211.43,0.5873,-1,-1,-1
391,44,790.54,152.61,61.06,168.90,0.3700,-1,-1,-1
391,52,1771.58,98.97,61.05,168.86,0.3898,-1,-1,-1
392,3,981.52,904.80,83.85,173.81,0.6710,-1,-1,-1
392,4,1721.13,456.83,71.71,209.41,0.5862,-1,-1,-1
392,13,320.62,557.38,92.85,247.59,0.8023,-1,-1,-1
392,37,570.90,1017.63,84.99,62.36,0.4018,-1,-1,-1
392,47,570.90,1017.63,84.99,62.36,0.4018,-1,-1,-1
392,48,1126.63,467.66,76.38,199.72,0.5122,-1,-1,-1
392,45,922.29,528.87,73.25,208.51,0.6076,-1,-1,-1
392,49,443.52,283.13,81.09,210.47,0.6669,-1,-1,-1
392,51,433.32,573.85,74.67,229.89,0.8104,-1,-1,-1
392,41,1010.21,41.90,54.65,161.94,0.3321,-1,-1,-1
392,35,954.04,28.12,57.81,172.45,0.3946,-1,-1,-1
392,30,851.33,508.26,71.15,222.80,0.5647,-1,-1,-1
392,44,791.12,153.09,59.32,168.30,0.3891,-1,-1,-1
392,52,1772.07,105.34,60.61,163.98,0.3532,-1,-1,-1
393,3,980.88,905.51,84.44,172.87,0.6830,-1,-1,-1
393,4,1721.70,456.71,71.29,209.74,0.5854,-1,-1,-1
393,13,319.26,559.50,94.09,247.85,0.7958,-1,-1,-1
393,37,573.05,1018.12,85.11,61.93,0.4238,-1,-1,-1
393,47,573.05,1018.12,85.11,61.93,0.4238,-1,-1,-1
393,48,1131.88,467.19,73.26,201.30,0.5165,-1,-1,-1
393,45,923.96,529.83,73.21,210.24,0.6582,-1,-1,-1
393,49,445.60,280.15,78.52,211.63,0.6620,-1,-1,-1
393,51,432.32,576.50,74.31,230.57,0.8171,-1,-1,-1
393,41,1010.10,41.34,55.29,161.36,0.3197,-1,-1,-1
393,35,953.70,28.56,58.04,172.47,0.3862,-1,-1,-1
393,30,850.65,510.43,71.67,222.62,0.5589,-1,-1,-1
393,44,791.54,153.14,58.29,168.08,0.3824,-1,-1,-1
393,52,1771.06,109.26,62.03,162.51,0.3668,-1,-1,-1
394,3,981.24,906.39,83.93,171.72,0.6815,-1,-1,-1
394,4,1720.76,456.32,71.56,210.61,0.5811,-1,-1,-1
394,13,318.93,560.76,93.72,247.96,0.7911,-1,-1,-1
394,37,574.49,1018.52,86.47,61.49,0.4425,-1,-1,-1
394,47,574.49,1018.52,86.47,61.49,0.4425,-1,-1,-1
394,48,1137.88,467.48,70.10,201.70,0.5342,-1,-1,-1
394,45,926.03,526.44,71.48,212.66,0.6616,-1,-1,-1
394,49,447.70,277.75,76.13,212.09,0.6724,-1,-1,-1
394,51,431.86,579.20,72.74,230.43,0.8000,-1,-1,-1
394,41,1008.78,40.71,56.90,163.29,0.3463,-1,-1,-1
394,35,954.47,29.51,57.34,171.70,0.3830,-1,-1,-1
394,30,850.98,511.88,71.89,227.82,0.5168,-1,-1,-1
394,44,791.19,151.72,60.21,169.16,0.3716,-1,-1,-1
394,52,1769.30,111.53,64.59,161.91,0.3447,-1,-1,-1
395,3,981.70,906.67,84.20,171.35,0.6671,-1,-1,-1
395,4,1720.73,456.11,71.30,211.39,0.5830,-1,-1,-1
395,13,318.05,561.14,92.48,248.79,0.7875,-1,-1,-1
395,37,575.67,1019.91,86.99,60.06,0.4024,-1,-1,-1
395,47,575.67,1019.91,86.99,60.06,0.4024,-1,-1,-1
395,48,1140.86,468.85,70.34,200.98,0.4431,-1,-1,-1
395,45,927.19,525.94,72.41,212.41,0.6760,-1,-1,-1
395,49,449.48,275.76,74.25,210.55,0.6572,-1,-1,-1
395,51,431.42,582.54,71.38,231.49,0.7920,-1,-1,-1
395,41,1008.10,40.00,58.24,164.77,0.3475,-1,-1,-1
395,35,954.35,28.59,56.61,172.61,0.4052,-1,-1,-1
395,30,852.52,515.07,71.39,223.17,0.5649,-1,-1,-1
395,44,790.23,150.92,62.29,169.93,0.3984,-1,-1,-1
395,52,1769.82,112.41,63.06,162.23,0.3434,-1,-1,-1
396,3,981.47,907.46,84.65,170.67,0.6858,-1,-1,-1
396,4,1720.75,457.21,71.56,209.74,0.6232,-1,-1,-1
396,13,316.88,562.37,89.40,248.94,0.7875,-1,-1,-1
396,48,1145.85,469.14,69.29,199.87,0.4849,-1,-1,-1
396,45,928.40,526.44,72.10,212.33,0.6931,-1,-1,-1
396,49,450.63,274.10,72.48,207.34,0.6752,-1,-1,-1
396,51,430.56,585.16,71.15,231.17,0.7760,-1,-1,-1
396,41,1008.24,39.62,58.27,164.01,0.3832,-1,-1,-1
396,35,953.53,28.75,57.20,171.97,0.4373,-1,-1,-1
396,30,854.15,517.61,70.79,225.02,0.6069,-1,-1,-1
396,44,789.34,150.42,63.55,170.96,0.4023,-1,-1,-1
396,52,1769.89,112.04,61.81,162.99,0.3207,-1,-1,-1
397,3,981.25,908.13,85.03,170.36,0.7022,-1,-1,-1
397,4,1720.55,457.66,72.30,209.38,0.6301,-1,-1,-1
397,13,315.78,562.73,87.12,249.46,0.7930,-1,-1,-1
397,48,1148.58,471.50,70.10,197.87,0.4756,-1,-1,-1
397,45,929.10,527.87,72.40,210.21,0.6868,-1,-1,-1
397,49,451.87,272.19,70.97,203.47,0.6855,-1,-1,-1
397,51,429.93,587.54,70.17,231.39,0.7713,-1,-1,-1
397,41,1007.60,39.55,59.52,165.56,0.3287,-1,-1,-1
397,35,953.05,28.73,56.99,170.70,0.4219,-1,-1,-1
397,30,853.68,519.70,72.74,212.55,0.6179,-1,-1,-1
397,44,789.07,150.28,63.76,171.04,0.4060,-1,-1,-1
397,52,1769.75,113.87,60.72,161.11,0.3345,-1,-1,-1
398,3,982.03,908.20,83.35,170.32,0.7214,-1,-1,-1
398,4,1720.31,458.54,72.54,208.54,0.5912,-1,-1,-1
398,13,314.00,563.25,85.80,248.99,0.7893,-1,-1,-1
398,48,1151.60,470.30,72.82,199.58,0.5295,-1,-1,-1
398,45,931.31,530.27,69.67,207.38,0.6510,-1,-1,-1
398,49,451.73,270.32,71.94,201.18,0.6636,-1,-1,-1
398,51,429.63,589.08,67.35,234.88,0.7511,-1,-1,-1
398,41,1006.80,40.94,59.30,160.93,0.3555,-1,-1,-1
398,35,953.58,29.18,56.25,169.68,0.4315,-1,-1,-1
398,30,855.58,519.89,71.99,221.30,0.6068,-1,-1,-1
398,44,788.95,150.28,63.75,170.67,0.4148,-1,-1,-1
399,3,983.14,908.54,82.13,170.97,0.7311,-1,-1,-1
399,4,1720.56,458.58,72.30,208.26,0.5767,-1,-1,-1
399,13,312.66,563.76,85.10,247.42,0.7838,-1,-1,-1
399,48,1154.89,468.17,74.58,204.15,0.5756,-1,-1,-1
399,45,932.87,531.53,69.55,206.48,0.6660,-1,-1,-1
399,49,452.53,267.45,72.57,202.15,0.6445,-1,-1,-1
399,51,429.06,591.09,66.75,236.34,0.7535,-1,-1,-1
399,41,1007.37,40.69,57.96,158.77,0.3579,-1,-1,-1
399,35,953.10,29.07,55.69,168.20,0.4412,-1,-1,-1
399,30,856.20,520.64,72.40,222.14,0.6084,-1,-1,-1
399,44,789.00,150.13,63.33,170.13,0.4054,-1,-1,-1
399,54,463.28,70.92,76.51,186.71,0.3728,-1,-1,-1
400,3,984.08,909.27,81.08,170.31,0.7246,-1,-1,-1
400,4,1720.53,457.98,72.18,208.34,0.5436,-1,-1,-1
400,13,311.92,565.14,84.27,244.22,0.7863,-1,-1,-1
400,48,1158.05,469.98,73.72,205.37,0.5751,-1,-1,-1
400,45,931.69,533.16,71.25,206.35,0.6484,-1,-1,-1
400,49,452.41,266.26,73.37,202.85,0.6444,-1,-1,-1
400,51,428.44,592.69,65.95,237.04,0.7664,-1,-1,-1
400,41,1006.93,40.41,58.56,158.58,0.3670,-1,-1,-1
400,35,951.93,27.47,56.35,168.56,0.4438,-1,-1,-1
400,30,856.99,521.52,72.44,223.75,0.6055,-1,-1,-1
400,44,788.46,149.93,64.41,170.58,0.4445,-1,-1,-1
400,54,465.19,70.95,74.63,187.97,0.4271,-1,-1,-1
401,3,984.05,910.56,79.42,168.96,0.7077,-1,-1,-1
401,4,1721.02,456.82,70.95,209.84,0.5082,-1,-1,-1
401,13,310.20,566.61,85.05,240.35,0.7850,-1,-1,-1
401,48,1162.88,471.21,72.53,206.89,0.6032,-1,-1,-1
401,45,934.31,534.89,69.78,206.37,0.6574,-1,-1,-1
401,49,451.75,265.62,74.86,202.87,0.6432,-1,-1,-1
401,51,427.84,593.90,66.36,237.33,0.7536,-1,-1,-1
401,41,1006.50,39.56,58.90,159.61,0.4224,-1,-1,-1
401,35,951.19,25.16,56.94,169.38,0.4787,-1,-1,-1
401,30,857.10,521.41,73.17,227.04,0.6110,-1,-1,-1
401,44,788.59,150.38,64.16,169.93,0.4213,-1,-1,-1
401,54,465.85,70.88,74.29,187.94,0.4777,-1,-1,-1
402,3,984.98,912.01,77.46,167.73,0.7041,-1,-1,-1
402,4,1721.09,455.95,71.33,210.91,0.5201,-1,-1,-1
402,13,308.48,568.32,86.48,240.60,0.7815,-1,-1,-1
402,48,1165.84,474.38,75.01,202.08,0.5433,-1,-1,-1
402,45,934.77,536.18,70.85,208.40,0.6376,-1,-1,-1
402,49,452.06,264.85,75.48,203.99,0.6368,-1,-1,-1
402,51,427.61,595.04,65.69,236.82,0.7496,-1,-1,-1
402,41,1005.90,38.80,58.50,159.56,0.4423,-1,-1,-1
402,35,950.28,22.44,57.84,170.18,0.4370,-1,-1,-1
402,30,856.65,522.34,74.28,227.84,0.6058,-1,-1,-1
402,44,788.85,150.50,64.26,169.80,0.4295,-1,-1,-1
402,54,466.52,70.81,73.61,188.92,0.4641,-1,-1,-1
403,3,985.13,913.46,76.02,165.95,0.7161,-1,-1,-1
403,4,1721.50,458.47,71.39,208.83,0.5068,-1,-1,-1
403,13,307.44,570.85,85.63,243.51,0.7803,-1,-1,-1
403,48,1169.66,478.32,75.40,199.22,0.3751,-1,-1,-1
403,45,934.10,537.95,72.21,207.31,0.6351,-1,-1,-1
403,49,452.41,264.61,75.86,204.55,0.6439,-1,-1,-1
403,51,426.72,596.34,65.12,236.34,0.7420,-1,-1,-1
403,41,1005.25,38.57,58.76,158.88,0.4417,-1,-1,-1
403,35,950.32,21.72,57.05,165.36,0.4124,-1,-1,-1
403,30,856.93,523.07,75.15,227.63,0.6415,-1,-1,-1
403,44,790.06,150.61,63.56,169.87,0.4411,-1,-1,-1
403,54,466.30,71.03,72.96,189.37,0.4481,-1,-1,-1
404,3,985.49,915.40,74.53,164.00,0.6959,-1,-1,-1
404,4,1721.40,459.67,70.99,207.50,0.4495,-1,-1,-1
404,13,306.76,573.78,84.72,245.63,0.7799,-1,-1,-1
404,48,1171.98,481.90,77.79,199.69,0.4733,-1,-1,-1
404,45,933.41,539.81,72.58,211.15,0.6119,-1,-1,-1
404,49,453.14,263.81,75.16,206.23,0.6609,-1,-1,-1
404,51,425.50,597.21,65.89,235.54,0.7299,-1,-1,-1
404,41,1003.77,37.61,59.64,157.94,0.4408,-1,-1,-1
404,35,950.39,20.74,55.69,163.90,0.3861,-1,-1,-1
404,30,857.14,523.35,75.64,227.20,0.6506,-1,-1,-1
404,44,790.93,150.47,62.65,169.76,0.4132,-1,-1,-1
404,54,466.85,70.97,71.69,188.47,0.4280,-1,-1,-1
405,3,985.37,917.62,73.63,161.60,0.6974,-1,-1,-1
405,4,1721.56,457.53,72.54,208.73,0.4621,-1,-1,-1
405,13,305.96,575.53,83.34,248.23,0.7703,-1,-1,-1
405,48,1173.45,483.78,80.08,200.76,0.5425,-1,-1,-1
405,45,935.09,541.21,71.17,213.29,0.6423,-1,-1,-1
405,49,453.17,263.39,75.39,206.13,0.6715,-1,-1,-1
405,51,423.04,598.44,67.50,234.51,0.7476,-1,-1,-1
405,41,1002.77,37.03,59.72,156.34,0.4035,-1,-1,-1
405,35,950.49,20.12,53.97,160.75,0.3813,-1,-1,-1
405,30,858.20,524.00,77.55,227.46,0.6712,-1,-1,-1
405,44,790.57,149.96,63.12,170.16,0.4119,-1,-1,-1
405,54,466.97,70.81,71.23,187.84,0.4072,-1,-1,-1
405,5,1614.60,614.97,66.12,246.71,0.3400,-1,-1,-1
406,3,984.35,918.82,74.84,160.43,0.7103,-1,-1,-1
406,4,1721.81,457.17,73.60,209.10,0.4898,-1,-1,-1
406,13,305.44,577.64,82.48,249.45,0.7537,-1,-1,-1
406,48,1177.31,485.87,80.27,203.06,0.4504,-1,-1,-1
406,45,933.41,543.75,73.89,213.79,0.6615,-1,-1,-1
406,49,452.74,262.94,77.12,204.60,0.6597,-1,-1,-1
406,51,420.72,600.23,68.44,232.62,0.7347,-1,-1,-1
406,41,1002.25,36.47,58.83,155.83,0.3741,-1,-1,-1
406,35,951.11,19.22,52.91,160.17,0.3905,-1,-1,-1
406,30,859.32,525.85,78.28,227.29,0.6863,-1,-1,-1
406,44,791.19,150.84,59.78,169.83,0.4453,-1,-1,-1
406,54,466.89,70.51,71.09,187.13,0.3901,-1,-1,-1
406,5,1612.61,607.38,72.04,250.65,0.4264,-1,-1,-1
407,3,983.34,920.38,75.14,158.57,0.6981,-1,-1,-1
407,4,1721.84,458.47,74.35,207.59,0.4469,-1,-1,-1
407,13,304.91,579.90,81.63,248.81,0.7589,-1,-1,-1
407,48,1181.39,487.07,78.78,202.59,0.3584,-1,-1,-1
407,45,933.52,545.72,72.95,216.19,0.6853,-1,-1,-1
407,49,453.45,262.65,76.77,203.98,0.6780,-1,-1,-1
407,51,418.62,600.74,67.38,231.79,0.7571,-1,-1,-1
407,41,1002.03,35.59,58.72,156.05,0.4417,-1,-1,-1
407,35,950.00,18.22,53.87,160.41,0.3665,-1,-1,-1
407,30,858.15,526.47,79.60,233.97,0.6437,-1,-1,-1
407,44,790.19,150.01,61.71,170.39,0.4510,-1,-1,-1
407,54,467.46,69.82,70.93,186.02,0.3871,-1,-1,-1
408,3,982.36,922.45,75.50,155.61,0.7116,-1,-1,-1
408,4,1721.51,456.28,73.25,210.82,0.4582,-1,-1,-1
408,13,303.49,582.78,81.53,249.93,0.7557,-1,-1,-1
408,48,1186.62,487.15,75.79,204.47,0.4291,-1,-1,-1
408,45,932.00,547.41,74.02,215.05,0.6936,-1,-1,-1
408,49,453.97,261.30,76.61,204.93,0.6792,-1,-1,-1
408,51,417.16,603.49,69.34,230.83,0.7636,-1,-1,-1
408,41,1002.58,35.80,57.66,155.59,0.4346,-1,-1,-1
408,35,949.66,19.48,54.17,160.31,0.3598,-1,-1,-1
408,30,859.08,527.31,78.89,237.86,0.6623,-1,-1,-1
408,44,789.66,149.91,62.28,170.38,0.4599,-1,-1,-1
408,54,467.67,69.64,70.48,185.45,0.3255,-1,-1,-1
409,3,981.61,924.00,76.17,153.91,0.6881,-1,-1,-1
409,4,1721.63,454.00,72.41,212.84,0.5249,-1,-1,-1
409,13,302.04,585.14,81.23,250.26,0.7667,-1,-1,-1
409,48,1195.32,487.58,70.67,204.20,0.4698,-1,-1,-1
409,45,932.79,548.90,73.30,213.31,0.6870,-1,-1,-1
409,49,455.99,260.07,74.92,203.44,0.6621,-1,-1,-1
409,51,415.60,607.45,70.01,231.13,0.7629,-1,-1,-1
409,41,1003.05,35.60,57.27,156.10,0.4254,-1,-1,-1
409,35,950.82,19.12,52.76,160.77,0.3860,-1,-1,-1
409,30,859.93,529.83,78.98,240.19,0.6322,-1,-1,-1
409,44,789.60,149.82,63.12,170.36,0.4266,-1,-1,-1
409,54,467.40,69.43,70.48,183.61,0.3413,-1,-1,-1
410,3,981.25,925.23,76.20,152.60,0.6906,-1,-1,-1
410,4,1722.01,450.93,71.86,216.17,0.5461,-1,-1,-1
410,13,298.70,586.58,83.64,251.30,0.7945,-1,-1,-1
410,48,1204.77,488.42,63.91,202.97,0.4730,-1,-1,-1
410,45,933.96,550.71,71.82,212.52,0.7032,-1,-1,-1
410,49,457.63,259.27,73.42,200.50,0.6667,-1,-1,-1
410,51,414.13,609.75,69.67,233.54,0.7295,-1,-1,-1
410,41,1003.12,35.57,57.10,156.28,0.4377,-1,-1,-1
410,35,949.64,19.21,54.08,161.37,0.4011,-1,-1,-1
410,30,860.37,532.35,76.97,242.81,0.6341,-1,-1,-1
410,44,789.77,149.95,63.43,170.11,0.4285,-1,-1,-1
410,54,466.08,67.26,71.63,186.91,0.3190,-1,-1,-1
410,2,702.19,557.50,90.75,237.29,0.3417,-1,-1,-1
411,3,979.81,925.80,77.97,151.73,0.6895,-1,-1,-1
411,4,1721.89,449.36,72.03,218.61,0.5377,-1,-1,-1
411,13,297.14,587.88,83.19,250.13,0.7970,-1,-1,-1
411,48,1209.17,487.50,63.94,204.99,0.4238,-1,-1,-1
411,45,934.24,551.59,70.94,211.22,0.6876,-1,-1,-1
411,49,457.99,257.49,72.67,197.63,0.6786,-1,-1,-1
411,51,412.30,612.42,69.39,233.83,0.7072,-1,-1,-1
411,41,1002.83,34.82,56.30,156.16,0.4038,-1,-1,-1
411,35,949.70,18.49,53.24,161.46,0.3550,-1,-1,-1
411,30,862.13,535.08,73.97,243.77,0.6578,-1,-1,-1
411,44,788.83,149.95,64.24,169.98,0.4347,-1,-1,-1
411,2,703.88,558.77,91.47,236.43,0.3316,-1,-1,-1
411,5,1579.97,617.42,102.36,237.79,0.3717,-1,-1,-1
412,3,978.71,925.88,80.31,152.02,0.7054,-1,-1,-1
412,4,1721.98,448.39,72.03,219.56,0.5731,-1,-1,-1
412,13,295.62,588.44,82.41,249.37,0.7994,-1,-1,-1
412,48,1212.27,487.00,64.31,205.68,0.5110,-1,-1,-1
412,45,936.08,552.99,68.97,210.00,0.6721,-1,-1,-1
412,49,457.19,254.60,73.25,197.52,0.6563,-1,-1,-1
412,51,407.87,614.31,71.37,235.52,0.7283,-1,-1,-1
412,41,1002.90,34.72,55.65,157.55,0.4114,-1,-1,-1
412,35,950.53,18.87,53.75,164.03,0.3702,-1,-1,-1
412,30,862.76,537.84,73.37,238.36,0.6554,-1,-1,-1
412,44,789.55,150.88,61.56,169.15,0.4162,-1,-1,-1
412,2,705.54,558.92,94.26,237.76,0.3805,-1,-1,-1
412,5,1576.49,617.60,104.65,237.37,0.3906,-1,-1,-1
413,3,977.60,926.91,82.20,150.68,0.6954,-1,-1,-1
413,4,1722.56,450.25,71.82,217.94,0.5495,-1,-1,-1
413,13,292.92,589.87,83.73,247.73,0.7894,-1,-1,-1
413,48,1216.63,493.22,62.88,199.98,0.5866,-1,-1,-1
413,45,937.91,553.48,67.93,209.60,0.6480,-1,-1,-1
413,49,456.39,251.89,73.68,198.40,0.6538,-1,-1,-1
413,51,406.36,616.40,71.39,235.36,0.7389,-1,-1,-1
413,41,1002.88,34.69,54.93,156.99,0.4344,-1,-1,-1
413,35,949.46,18.72,55.37,166.01,0.3722,-1,-1,-1
413,30,863.93,539.62,72.04,239.68,0.6424,-1,-1,-1
413,44,788.70,150.90,61.79,169.60,0.4324,-1,-1,-1
413,2,706.23,558.92,95.01,238.61,0.4021,-1,-1,-1
413,5,1575.76,615.85,105.35,238.43,0.4377,-1,-1,-1
414,3,976.88,927.40,83.93,150.10,0.7040,-1,-1,-1
414,4,1722.14,455.93,71.60,212.44,0.4780,-1,-1,-1
414,13,291.51,590.47,84.16,247.34,0.7820,-1,-1,-1
414,48,1220.99,488.41,65.54,204.77,0.5254,-1,-1,-1
414,45,933.25,555.69,74.09,206.55,0.6700,-1,-1,-1
414,49,454.26,249.48,75.24,200.41,0.6629,-1,-1,-1
414,51,405.66,618.40,71.09,236.15,0.7248,-1,-1,-1
414,41,1002.81,34.68,54.88,156.31,0.4126,-1,-1,-1
414,35,949.34,16.72,54.21,166.09,0.3824,-1,-1,-1
414,30,865.20,540.78,70.49,242.47,0.6481,-1,-1,-1
414,44,788.10,150.22,64.16,169.70,0.4166,-1,-1,-1
414,2,706.85,559.35,95.53,238.68,0.4068,-1,-1,-1
414,5,1574.69,613.85,109.81,242.31,0.5768,-1,-1,-1
415,3,976.85,928.54,86.03,148.93,0.7249,-1,-1,-1
415,4,1722.31,452.94,72.40,215.09,0.4946,-1,-1,-1
415,13,290.24,592.03,84.44,245.82,0.7816,-1,-1,-1
415,48,1222.75,492.93,69.52,202.41,0.5825,-1,-1,-1
415,45,932.87,557.22,76.63,205.68,0.6420,-1,-1,-1
415,49,451.88,248.97,77.85,199.32,0.6195,-1,-1,-1
415,51,403.84,620.06,71.06,237.67,0.7211,-1,-1,-1
415,41,1002.83,34.38,55.02,156.22,0.4046,-1,-1,-1
415,35,950.28,14.33,52.50,167.48,0.3409,-1,-1,-1
415,30,866.17,542.29,69.75,243.85,0.6306,-1,-1,-1
415,44,787.60,150.19,65.76,169.55,0.3851,-1,-1,-1
415,2,707.70,559.63,94.73,239.71,0.3909,-1,-1,-1
415,5,1573.00,614.48,111.95,241.66,0.5361,-1,-1,-1
415,56,1658.18,63.00,73.05,173.77,0.3689,-1,-1,-1
416,3,976.09,928.93,87.78,148.51,0.7303,-1,-1,-1
416,4,1721.68,452.52,73.65,215.20,0.4781,-1,-1,-1
416,13,290.09,593.03,83.89,243.36,0.7907,-1,-1,-1
416,48,1226.47,489.91,75.71,206.59,0.4214,-1,-1,-1
416,45,933.61,558.69,76.74,206.32,0.6430,-1,-1,-1
416,49,449.72,248.60,79.87,198.94,0.6009,-1,-1,-1
416,51,401.64,621.24,72.08,238.14,0.7395,-1,-1,-1
416,41,1003.00,33.76,55.07,157.23,0.4390,-1,-1,-1
416,30,866.64,543.27,69.06,243.38,0.6034,-1,-1,-1
416,44,788.32,150.48,63.03,170.08,0.3915,-1,-1,-1
416,2,708.83,559.72,93.86,239.75,0.3873,-1,-1,-1
416,5,1573.40,613.80,111.31,242.86,0.5601,-1,-1,-1
416,56,1658.93,64.26,71.83,176.32,0.4686,-1,-1,-1
417,3,975.98,929.92,88.72,147.40,0.7107,-1,-1,-1
417,4,1721.36,454.31,72.79,213.56,0.4830,-1,-1,-1
417,13,289.24,595.55,84.89,241.03,0.7693,-1,-1,-1
417,48,1229.65,490.86,82.20,207.90,0.5257,-1,-1,-1
417,45,934.14,560.83,77.35,204.53,0.6163,-1,-1,-1
417,49,447.40,249.43,81.80,197.95,0.5980,-1,-1,-1
417,51,399.00,623.61,73.26,235.56,0.7413,-1,-1,-1
417,41,1002.95,33.57,55.02,157.49,0.4515,-1,-1,-1
417,30,867.14,544.45,67.11,232.38,0.5605,-1,-1,-1
417,44,786.67,150.06,65.95,170.20,0.3537,-1,-1,-1
417,2,713.05,559.05,89.04,239.25,0.3778,-1,-1,-1
417,5,1572.57,611.16,110.52,245.50,0.5615,-1,-1,-1
417,56,1659.58,66.08,72.40,174.46,0.3269,-1,-1,-1
418,3,975.17,930.60,90.58,147.02,0.7074,-1,-1,-1
418,4,1720.69,453.82,73.37,214.44,0.4690,-1,-1,-1
418,13,288.40,597.32,85.51,241.48,0.7827,-1,-1,-1
418,48,1230.67,491.01,89.46,210.76,0.5416,-1,-1,-1
418,45,935.95,562.38,76.50,205.00,0.6010,-1,-1,-1
418,49,445.78,249.36,83.28,198.37,0.5497,-1,-1,-1
418,51,396.09,624.09,73.88,235.61,0.7810,-1,-1,-1
418,41,1003.56,32.94,54.50,156.72,0.4391,-1,-1,-1
418,30,867.31,545.88,67.40,221.20,0.5149,-1,-1,-1
418,44,787.07,149.62,66.02,170.51,0.3385,-1,-1,-1
418,2,717.65,558.38,83.19,239.40,0.3823,-1,-1,-1
418,5,1573.21,613.45,107.33,242.86,0.5849,-1,-1,-1
418,56,1660.74,67.18,72.70,174.02,0.4223,-1,-1,-1
419,3,974.19,931.30,92.60,146.26,0.7164,-1,-1,-1
419,4,1720.66,449.62,73.40,218.49,0.5305,-1,-1,-1
419,13,287.61,599.24,86.28,244.33,0.7873,-1,-1,-1
419,48,1231.53,492.78,92.12,211.47,0.4787,-1,-1,-1
419,45,941.26,564.00,71.91,211.20,0.5486,-1,-1,-1
419,49,445.66,249.10,83.51,198.95,0.5466,-1,-1,-1
419,51,393.95,624.01,73.67,236.14,0.7939,-1,-1,-1
419,41,1004.11,32.12,54.42,157.07,0.4796,-1,-1,-1
419,30,867.70,546.71,67.84,215.64,0.5412,-1,-1,-1
419,44,788.29,149.56,65.33,170.43,0.3509,-1,-1,-1
419,2,723.12,558.40,75.54,238.37,0.4191,-1,-1,-1
419,5,1573.12,614.66,107.39,241.54,0.5873,-1,-1,-1
419,56,1662.08,65.45,72.14,177.72,0.3886,-1,-1,-1
419,35,948.62,8.80,55.03,173.79,0.3673,-1,-1,-1
420,3,973.99,931.41,94.51,146.39,0.7010,-1,-1,-1
420,4,1721.64,449.55,73.38,216.86,0.4990,-1,-1,-1
420,13,287.12,601.00,86.47,247.82,0.7782,-1,-1,-1
420,48,1232.36,491.66,91.55,215.77,0.4168,-1,-1,-1
420,45,943.56,567.09,70.83,211.10,0.5340,-1,-1,-1
420,49,446.69,248.79,82.64,198.62,0.5255,-1,-1,-1
420,51,392.16,624.73,74.58,235.82,0.7863,-1,-1,-1
420,41,1004.79,30.88,54.09,157.93,0.4893,-1,-1,-1
420,30,867.92,546.03,69.08,217.22,0.5591,-1,-1,-1
420,44,788.87,149.11,65.42,170.49,0.3416,-1,-1,-1
420,2,726.17,558.53,72.67,239.61,0.4165,-1,-1,-1
420,5,1573.82,614.86,104.60,240.78,0.5887,-1,-1,-1
420,35,949.16,9.06,53.35,171.70,0.3838,-1,-1,-1
421,3,974.14,932.00,94.32,146.06,0.7085,-1,-1,-1
421,4,1721.84,454.17,74.09,214.00,0.4893,-1,-1,-1
421,13,286.06,602.79,87.88,252.22,0.7641,-1,-1,-1
421,48,1233.97,497.14,93.08,212.42,0.3862,-1,-1,-1
421,45,945.32,570.80,70.72,212.14,0.4534,-1,-1,-1
421,49,445.58,247.16,83.89,199.33,0.5855,-1,-1,-1
421,51,390.74,625.25,74.98,235.56,0.7875,-1,-1,-1
421,41,1005.42,29.19,53.91,158.41,0.5088,-1,-1,-1
421,30,867.69,546.88,70.82,218.72,0.5200,-1,-1,-1
421,44,791.53,149.58,60.40,171.30,0.3682,-1,-1,-1
421,2,729.20,558.87,69.64,238.60,0.4809,-1,-1,-1
421,5,1573.89,621.85,101.81,233.66,0.5485,-1,-1,-1
421,35,949.48,8.51,54.07,171.22,0.3884,-1,-1,-1
422,3,974.67,931.73,93.82,146.41,0.7210,-1,-1,-1
422,4,1721.06,458.17,73.62,208.54,0.5261,-1,-1,-1
422,13,284.72,604.67,91.24,256.64,0.7470,-1,-1,-1
422,48,1239.21,500.96,90.53,208.72,0.3871,-1,-1,-1
422,45,947.43,574.33,68.37,210.02,0.5531,-1,-1,-1
422,49,446.71,245.36,81.15,200.90,0.6082,-1,-1,-1
422,51,390.02,627.11,75.53,233.40,0.7814,-1,-1,-1
422,41,1005.85,27.82,53.68,156.62,0.4731,-1,-1,-1
422,30,868.67,548.83,71.54,223.62,0.4379,-1,-1,-1
422,44,792.20,149.24,58.75,171.50,0.3526,-1,-1,-1
422,2,731.56,560.84,68.08,231.95,0.5278,-1,-1,-1
422,5,1573.42,624.59,100.77,230.96,0.4853,-1,-1,-1
422,35,948.99,7.94,53.58,165.83,0.3747,-1,-1,-1
422,52,1759.40,101.51,76.15,198.65,0.3658,-1,-1,-1
423,3,975.49,931.28,93.57,146.57,0.6958,-1,-1,-1
423,4,1720.99,458.81,73.63,207.70,0.5458,-1,-1,-1
423,13,284.52,607.01,92.59,257.71,0.7405,-1,-1,-1
423,45,947.78,576.32,68.54,209.47,0.5579,-1,-1,-1
423,49,447.30,243.18,79.20,201.42,0.5941,-1,-1,-1
423,51,388.84,629.43,76.06,233.15,0.7808,-1,-1,-1
423,41,1006.56,25.83,53.17,155.86,0.4418,-1,-1,-1
423,30,867.67,549.53,71.88,171.97,0.3624,-1,-1,-1
423,44,792.36,148.99,58.33,172.06,0.3342,-1,-1,-1
423,2,735.29,560.81,66.80,229.12,0.6165,-1,-1,-1
423,5,1574.05,625.08,99.11,230.30,0.4357,-1,-1,-1
423,35,948.07,7.16,54.54,163.53,0.3814,-1,-1,-1
423,52,1760.14,102.12,71.19,198.65,0.3407,-1,-1,-1
424,3,976.29,931.76,92.79,146.05,0.7093,-1,-1,-1
424,4,1720.91,460.72,73.68,206.17,0.5562,-1,-1,-1
424,13,284.23,609.44,92.11,257.40,0.7514,-1,-1,-1
424,45,948.08,578.06,70.09,209.23,0.5913,-1,-1,-1
424,49,447.51,242.58,77.35,201.70,0.5972,-1,-1,-1
424,51,386.10,631.82,80.51,235.40,0.7808,-1,-1,-1
424,41,1007.07,24.02,52.82,156.65,0.4637,-1,-1,-1
424,30,868.08,551.01,72.80,208.08,0.3868,-1,-1,-1
424,44,793.03,149.42,57.23,171.43,0.3702,-1,-1,-1
424,2,737.16,560.39,70.52,230.42,0.6618,-1,-1,-1
424,5,1577.61,633.20,92.71,221.84,0.4270,-1,-1,-1
424,35,946.21,6.54,56.14,164.24,0.4192,-1,-1,-1
424,52,1760.92,119.12,60.12,181.51,0.3074,-1,-1,-1
425,3,977.78,931.91,92.14,146.13,0.6975,-1,-1,-1
425,4,1720.55,460.46,74.10,207.01,0.5447,-1,-1,-1
425,13,283.57,611.42,93.25,258.70,0.7281,-1,-1,-1
425,45,947.76,577.20,73.54,208.37,0.5781,-1,-1,-1
425,49,447.47,239.98,76.37,202.25,0.6361,-1,-1,-1
425,51,384.51,633.57,81.87,237.39,0.7597,-1,-1,-1
425,41,1007.40,23.01,52.59,157.35,0.4301,-1,-1,-1
425,30,868.05,552.07,72.99,168.58,0.3482,-1,-1,-1
425,44,793.69,149.91,56.28,170.43,0.3775,-1,-1,-1
425,2,739.15,559.68,74.54,234.96,0.6251,-1,-1,-1
425,5,1577.14,635.14,91.17,220.78,0.4290,-1,-1,-1
425,35,943.79,5.51,58.64,164.07,0.3898,-1,-1,-1
425,52,1761.32,126.32,54.55,175.37,0.3283,-1,-1,-1
426,3,979.20,931.90,92.01,146.51,0.7120,-1,-1,-1
426,4,1720.76,460.16,75.25,207.33,0.5635,-1,-1,-1
426,13,283.45,613.56,92.55,259.01,0.7227,-1,-1,-1
426,45,948.07,577.54,75.12,208.12,0.6223,-1,-1,-1
426,49,447.42,237.91,75.17,199.46,0.6273,-1,-1,-1
426,51,383.71,635.37,81.76,238.60,0.7307,-1,-1,-1
426,41,1007.89,22.13,52.64,158.26,0.4387,-1,-1,-1
426,30,868.68,555.17,74.49,205.52,0.4857,-1,-1,-1
426,44,792.07,149.51,57.15,171.38,0.3393,-1,-1,-1
426,2,740.96,559.89,77.01,237.81,0.6269,-1,-1,-1
426,5,1577.26,636.82,90.03,218.98,0.3638,-1,-1,-1
426,35,942.66,4.85,59.90,165.06,0.4245,-1,-1,-1
426,52,1763.78,128.56,49.26,175.15,0.3353,-1,-1,-1
427,3,980.62,931.03,91.52,147.67,0.7067,-1,-1,-1
427,4,1719.68,461.72,75.29,206.05,0.5424,-1,-1,-1
427,13,282.14,615.06,93.81,259.81,0.7049,-1,-1,-1
427,45,949.23,578.29,75.87,208.90,0.6070,-1,-1,-1
427,49,447.65,236.92,74.50,196.17,0.6148,-1,-1,-1
427,51,382.51,637.71,86.43,240.36,0.6814,-1,-1,-1
427,41,1007.96,21.86,52.79,158.48,0.4387,-1,-1,-1
427,30,869.37,557.15,74.65,217.06,0.5286,-1,-1,-1
427,44,792.63,149.82,57.60,171.14,0.3955,-1,-1,-1
427,2,742.77,560.17,77.78,241.25,0.5611,-1,-1,-1
427,5,1576.29,633.09,89.29,222.52,0.3219,-1,-1,-1
427,35,942.18,4.47,60.22,165.51,0.4088,-1,-1,-1
427,52,1763.96,129.30,48.94,175.86,0.3797,-1,-1,-1
428,3,981.81,930.36,91.73,148.42,0.7258,-1,-1,-1
428,4,1717.80,462.47,76.95,205.00,0.5272,-1,-1,-1
428,13,281.25,617.70,94.56,259.33,0.7028,-1,-1,-1
428,45,951.39,578.77,75.45,210.15,0.6468,-1,-1,-1
428,49,447.76,235.06,73.96,193.87,0.6391,-1,-1,-1
428,51,381.73,641.31,78.84,238.33,0.7222,-1,-1,-1
428,41,1008.02,21.63,52.96,158.64,0.4334,-1,-1,-1
428,30,870.45,560.03,75.95,226.57,0.6007,-1,-1,-1
428,44,792.41,149.31,59.83,171.06,0.4033,-1,-1,-1
428,2,744.87,561.25,81.00,242.65,0.6019,-1,-1,-1
428,5,1576.59,633.01,88.44,222.85,0.3745,-1,-1,-1
428,35,942.55,3.74,59.78,166.44,0.3718,-1,-1,-1
428,52,1763.64,129.86,49.21,176.48,0.3979,-1,-1,-1
428,48,1286.97,501.66,65.31,214.09,0.4021,-1,-1,-1
429,3,983.08,930.39,91.15,148.38,0.7322,-1,-1,-1
429,4,1718.71,461.49,77.37,206.88,0.5470,-1,-1,-1
429,13,280.15,618.44,94.93,257.27,0.7233,-1,-1,-1
429,45,954.31,579.63,73.51,209.96,0.6488,-1,-1,-1
429,49,446.97,234.15,74.82,192.54,0.5974,-1,-1,-1
429,51,381.09,644.20,75.05,238.12,0.7132,-1,-1,-1
429,41,1007.82,20.97,53.39,161.83,0.4507,-1,-1,-1
429,30,871.30,562.87,76.17,226.06,0.6410,-1,-1,-1
429,44,793.03,148.86,58.28,171.98,0.3995,-1,-1,-1
429,2,747.56,562.13,83.92,246.33,0.6671,-1,-1,-1
429,5,1576.34,635.22,87.93,221.32,0.4367,-1,-1,-1
429,35,942.26,3.55,59.67,167.17,0.3725,-1,-1,-1
429,52,1763.46,136.20,46.71,169.53,0.3195,-1,-1,-1
429,48,1288.56,504.92,66.00,210.29,0.3998,-1,-1,-1
430,3,986.45,929.76,88.45,148.92,0.7070,-1,-1,-1
430,4,1719.94,464.02,76.68,203.77,0.5222,-1,-1,-1
430,13,279.15,620.14,93.85,256.19,0.7242,-1,-1,-1
430,45,956.14,580.89,73.87,208.19,0.6310,-1,-1,-1
430,49,446.21,232.25,75.52,193.14,0.5610,-1,-1,-1
430,51,379.38,646.62,73.23,240.93,0.7087,-1,-1,-1
430,41,1008.12,21.06,53.28,160.99,0.4021,-1,-1,-1
430,30,872.20,564.48,75.87,226.43,0.5902,-1,-1,-1
430,44,794.02,148.11,56.88,172.84,0.3810,-1,-1,-1
430,2,749.90,563.03,86.05,245.62,0.6755,-1,-1,-1
430,5,1575.73,634.80,88.34,221.84,0.4737,-1,-1,-1
430,35,942.53,3.39,59.33,167.55,0.3147,-1,-1,-1
430,48,1290.59,516.24,68.09,197.28,0.3789,-1,-1,-1
431,3,988.72,929.03,86.71,149.58,0.6962,-1,-1,-1
431,4,1721.76,462.51,73.71,206.74,0.5384,-1,-1,-1
431,13,279.44,621.57,92.68,254.63,0.7542,-1,-1,-1
431,45,958.90,582.01,72.22,207.09,0.6157,-1,-1,-1
431,49,445.46,230.58,75.48,193.98,0.5680,-1,-1,-1
431,51,377.46,648.76,73.20,240.48,0.7412,-1,-1,-1
431,41,1008.53,20.58,53.23,159.38,0.3968,-1,-1,-1
431,30,872.46,566.55,77.05,226.40,0.6155,-1,-1,-1
431,44,790.47,148.97,62.32,171.58,0.3766,-1,-1,-1
431,2,752.27,563.41,86.76,245.16,0.6968,-1,-1,-1
431,5,1575.70,633.80,88.29,222.19,0.4187,-1,-1,-1
431,35,942.90,3.52,58.85,167.51,0.3740,-1,-1,-1
432,3,991.11,927.71,84.48,150.88,0.7002,-1,-1,-1
432,4,1721.72,462.39,72.80,206.18,0.5636,-1,-1,-1
432,13,278.81,623.22,92.35,252.00,0.7414,-1,-1,-1
432,45,960.08,583.14,72.42,207.17,0.6274,-1,-1,-1
432,49,444.81,228.61,75.72,195.80,0.5819,-1,-1,-1
432,51,376.71,650.34,73.74,239.44,0.7334,-1,-1,-1
432,41,1008.31,21.36,53.42,158.98,0.4154,-1,-1,-1
432,30,873.57,569.08,75.54,225.67,0.6105,-1,-1,-1
432,44,791.89,148.15,59.59,172.54,0.4035,-1,-1,-1
432,2,754.06,564.18,87.01,246.12,0.7274,-1,-1,-1
432,5,1574.49,629.31,89.59,227.00,0.4534,-1,-1,-1
432,35,943.13,4.03,59.27,168.44,0.3584,-1,-1,-1
433,3,992.81,927.74,83.66,150.65,0.6875,-1,-1,-1
433,4,1722.14,463.13,74.16,204.91,0.5227,-1,-1,-1
433,13,278.81,623.26,90.23,249.92,0.7520,-1,-1,-1
433,45,962.51,583.96,71.37,209.40,0.5926,-1,-1,-1
433,49,444.44,227.33,76.14,196.93,0.6027,-1,-1,-1
433,51,375.70,652.01,73.89,238.52,0.7008,-1,-1,-1
433,41,1007.93,20.92,54.07,159.60,0.4049,-1,-1,-1
433,30,875.39,570.53,75.05,223.10,0.6065,-1,-1,-1
433,44,793.19,147.82,58.07,173.12,0.3873,-1,-1,-1
433,2,755.58,564.76,86.71,248.44,0.7079,-1,-1,-1
433,5,1574.27,627.28,88.37,228.24,0.3971,-1,-1,-1
433,35,942.73,3.70,59.86,169.87,0.4320,-1,-1,-1
434,3,994.82,927.87,83.17,150.22,0.7308,-1,-1,-1
434,4,1723.45,464.38,72.88,203.22,0.4749,-1,-1,-1
434,13,278.63,624.11,89.48,248.64,0.7393,-1,-1,-1
434,45,963.40,585.93,71.93,211.01,0.6025,-1,-1,-1
434,49,444.94,226.48,75.61,197.90,0.5977,-1,-1,-1
434,51,373.59,653.03,75.90,237.67,0.7259,-1,-1,-1
434,41,1007.78,20.96,54.48,158.92,0.4219,-1,-1,-1
434,30,878.24,571.56,74.18,222.73,0.6033,-1,-1,-1
434,44,793.44,148.54,57.64,172.03,0.4266,-1,-1,-1
434,2,757.12,566.05,85.54,249.13,0.7276,-1,-1,-1
434,5,1574.16,629.79,87.72,225.15,0.3816,-1,-1,-1
434,35,942.76,3.55,58.94,169.90,0.4260,-1,-1,-1
435,3,996.96,926.89,82.54,151.13,0.7072,-1,-1,-1
435,4,1723.82,464.80,72.67,203.50,0.4895,-1,-1,-1
435,13,278.06,624.96,89.16,248.44,0.7551,-1,-1,-1
435,45,965.16,587.22,70.64,215.81,0.6062,-1,-1,-1
435,49,444.79,225.72,75.52,198.83,0.5998,-1,-1,-1
435,51,371.13,653.45,77.02,238.49,0.7217,-1,-1,-1
435,41,1007.01,20.35,55.58,159.06,0.3905,-1,-1,-1
435,30,879.12,572.49,75.45,220.76,0.6096,-1,-1,-1
435,44,793.90,148.06,56.50,172.04,0.3998,-1,-1,-1
435,2,758.90,566.45,83.22,249.73,0.7064,-1,-1,-1
435,5,1573.74,629.88,87.01,224.52,0.3785,-1,-1,-1
435,35,942.67,4.20,58.08,168.30,0.4248,-1,-1,-1
435,48,1312.30,521.04,83.66,186.30,0.3747,-1,-1,-1
436,3,998.74,926.48,83.18,151.26,0.6918,-1,-1,-1
436,4,1724.46,465.89,72.04,201.81,0.4643,-1,-1,-1
436,13,276.98,625.82,89.26,250.91,0.7627,-1,-1,-1
436,45,967.37,588.08,69.96,221.61,0.6187,-1,-1,-1
436,49,444.69,225.03,75.42,199.90,0.6232,-1,-1,-1
436,51,368.97,654.18,76.88,237.81,0.7305,-1,-1,-1
436,41,1006.56,19.42,56.08,157.83,0.3969,-1,-1,-1
436,30,880.01,573.68,75.08,213.00,0.6295,-1,-1,-1
436,44,793.10,148.70,57.29,171.33,0.4053,-1,-1,-1
436,2,760.17,566.72,81.46,250.60,0.6867,-1,-1,-1
436,5,1574.31,634.62,83.21,218.32,0.3276,-1,-1,-1
436,35,943.21,3.11,57.21,169.09,0.4333,-1,-1,-1
436,48,1316.02,521.94,85.46,182.70,0.4838,-1,-1,-1
437,3,1000.58,925.48,83.66,152.42,0.7146,-1,-1,-1
437,4,1723.96,465.85,72.96,200.77,0.5036,-1,-1,-1
437,13,275.44,627.74,89.74,255.23,0.7763,-1,-1,-1
437,45,967.92,589.82,69.32,223.71,0.6094,-1,-1,-1
437,49,445.61,223.92,73.88,199.93,0.6121,-1,-1,-1
437,51,367.77,655.33,76.60,236.48,0.7367,-1,-1,-1
437,41,1006.00,18.34,56.61,157.75,0.4088,-1,-1,-1
437,30,880.99,574.61,74.96,216.00,0.6402,-1,-1,-1
437,44,793.45,148.68,56.65,171.21,0.3991,-1,-1,-1
437,2,760.97,566.98,80.90,251.28,0.6855,-1,-1,-1
437,5,1574.57,637.66,80.75,214.70,0.3283,-1,-1,-1
437,35,942.80,3.07,56.61,167.06,0.4459,-1,-1,-1
437,48,1320.53,525.93,82.19,178.88,0.4389,-1,-1,-1
438,3,1003.48,925.57,83.25,152.40,0.7073,-1,-1,-1
438,4,1723.40,464.49,71.83,203.39,0.5341,-1,-1,-1
438,13,273.95,630.23,89.71,259.45,0.7686,-1,-1,-1
438,45,967.71,591.76,71.10,225.39,0.5798,-1,-1,-1
438,49,446.54,224.28,73.03,198.74,0.6165,-1,-1,-1
438,51,367.14,656.60,75.07,236.09,0.7399,-1,-1,-1
438,41,1005.90,16.62,56.47,157.73,0.3377,-1,-1,-1
438,30,881.46,575.32,75.46,222.07,0.6689,-1,-1,-1
438,44,792.96,148.65,57.57,170.78,0.4232,-1,-1,-1
438,2,762.82,567.41,79.00,251.88,0.6778,-1,-1,-1
438,5,1573.55,635.96,76.69,216.17,0.3567,-1,-1,-1
438,35,942.67,2.24,56.07,165.85,0.4114,-1,-1,-1
438,48,1323.90,529.98,81.87,175.78,0.3236,-1,-1,-1
439,3,1005.71,925.54,83.94,152.67,0.6935,-1,-1,-1
439,4,1722.98,462.44,71.35,204.74,0.5582,-1,-1,-1
439,13,274.63,631.65,86.57,261.87,0.7550,-1,-1,-1
439,45,967.50,594.68,71.96,225.35,0.5633,-1,-1,-1
439,49,447.74,223.99,72.09,199.55,0.6157,-1,-1,-1
439,51,365.61,657.33,75.45,236.16,0.7629,-1,-1,-1
439,41,1006.21,15.04,56.25,156.99,0.3238,-1,-1,-1
439,30,882.37,576.08,76.32,225.31,0.6671,-1,-1,-1
439,44,792.96,147.76,57.88,171.97,0.4348,-1,-1,-1
439,2,764.66,568.51,77.61,251.14,0.6470,-1,-1,-1
439,5,1572.65,636.81,73.38,216.09,0.3066,-1,-1,-1
439,35,942.53,0.63,55.08,165.18,0.4090,-1,-1,-1
440,3,1007.39,925.37,84.97,152.88,0.6972,-1,-1,-1
440,4,1723.39,461.43,70.80,205.24,0.6071,-1,-1,-1
440,13,272.38,633.77,88.47,262.17,0.7626,-1,-1,-1
440,45,967.29,596.67,73.69,224.87,0.5853,-1,-1,-1
440,49,447.43,223.09,72.65,199.38,0.6124,-1,-1,-1
440,51,366.38,657.52,73.34,240.22,0.7498,-1,-1,-1
440,41,1005.88,13.90,55.91,153.93,0.3644,-1,-1,-1
440,30,883.16,576.76,76.94,225.70,0.6684,-1,-1,-1
440,44,793.90,147.29,56.74,172.28,0.4462,-1,-1,-1
440,2,766.99,568.87,76.03,250.40,0.6693,-1,-1,-1
440,35,941.85,0.02,54.82,161.85,0.4343,-1,-1,-1
441,3,1009.67,924.45,84.93,154.09,0.7325,-1,-1,-1
441,4,1723.45,460.16,70.56,206.27,0.5941,-1,-1,-1
441,13,270.45,636.16,89.87,260.22,0.7676,-1,-1,-1
441,45,965.82,598.85,75.95,222.65,0.5202,-1,-1,-1
441,49,447.34,220.81,72.40,199.87,0.6134,-1,-1,-1
441,51,365.65,659.31,72.72,244.75,0.7757,-1,-1,-1
441,41,1005.53,13.25,56.10,152.56,0.3683,-1,-1,-1
441,30,885.83,577.14,73.84,219.87,0.6603,-1,-1,-1
441,44,793.39,147.51,56.91,171.76,0.4633,-1,-1,-1
441,2,770.60,569.81,71.47,250.62,0.6537,-1,-1,-1
441,35,941.72,-0.14,54.72,159.46,0.4088,-1,-1,-1
441,48,1343.26,530.30,71.74,193.86,0.3895,-1,-1,-1
442,3,1011.53,924.30,85.30,154.19,0.7427,-1,-1,-1
442,4,1724.41,459.54,69.42,207.46,0.5854,-1,-1,-1
442,13,267.44,638.54,90.41,260.57,0.7724,-1,-1,-1
442,45,966.52,599.89,75.82,221.55,0.5358,-1,-1,-1
442,49,447.23,218.84,72.07,197.83,0.5449,-1,-1,-1
442,51,363.31,662.09,73.84,245.32,0.7717,-1,-1,-1
442,41,1005.00,12.32,56.30,152.95,0.3804,-1,-1,-1
442,30,886.79,578.03,73.86,218.01,0.6405,-1,-1,-1
442,44,793.67,147.61,55.95,171.39,0.4318,-1,-1,-1
442,2,774.03,570.62,68.36,251.18,0.6382,-1,-1,-1
442,35,941.11,-0.22,55.40,156.77,0.4213,-1,-1,-1
442,48,1358.80,527.67,61.51,198.22,0.3797,-1,-1,-1
443,3,1013.11,924.32,86.00,154.55,0.7337,-1,-1,-1
443,4,1724.88,459.40,68.93,207.57,0.5816,-1,-1,-1
443,13,263.56,640.72,91.33,260.83,0.7559,-1,-1,-1
443,45,967.13,601.45,74.91,221.04,0.4738,-1,-1,-1
443,49,447.66,217.37,71.95,194.96,0.5325,-1,-1,-1
443,51,360.22,665.08,75.50,245.61,0.7663,-1,-1,-1
443,41,1004.69,12.04,56.68,153.52,0.3920,-1,-1,-1
443,30,885.46,580.12,76.51,226.54,0.6011,-1,-1,-1
443,44,793.88,147.54,55.51,171.95,0.4224,-1,-1,-1
443,2,776.37,570.79,67.99,250.27,0.6221,-1,-1,-1
443,35,938.75,-0.17,56.62,156.40,0.4308,-1,-1,-1
443,48,1362.69,527.05,63.64,205.16,0.4459,-1,-1,-1
444,3,1015.32,924.79,85.34,154.45,0.7497,-1,-1,-1
444,4,1725.29,458.93,68.71,208.22,0.5788,-1,-1,-1
444,13,259.84,643.34,92.94,258.93,0.7690,-1,-1,-1
444,45,966.87,602.80,75.76,220.19,0.4638,-1,-1,-1
444,49,446.44,215.64,72.93,191.97,0.5111,-1,-1,-1
444,51,358.56,668.03,75.78,246.73,0.7725,-1,-1,-1
444,41,1004.54,11.99,56.69,152.68,0.3931,-1,-1,-1
444,30,885.96,582.60,75.73,229.53,0.6191,-1,-1,-1
444,44,792.70,147.28,55.86,171.83,0.4181,-1,-1,-1
444,2,778.85,570.99,67.32,252.03,0.6432,-1,-1,-1
444,35,938.13,-0.23,56.38,157.15,0.4113,-1,-1,-1
445,3,1016.48,923.94,85.19,155.49,0.7426,-1,-1,-1
445,4,1724.78,458.26,68.98,208.32,0.5721,-1,-1,-1
445,13,256.85,644.19,93.66,257.67,0.7529,-1,-1,-1
445,45,966.73,602.87,76.64,221.18,0.5778,-1,-1,-1
445,49,445.30,214.03,73.45,191.14,0.5377,-1,-1,-1
445,51,358.07,671.71,74.96,244.10,0.7518,-1,-1,-1
445,41,1005.27,11.39,56.30,156.08,0.3944,-1,-1,-1
445,30,885.57,584.43,75.91,229.67,0.6495,-1,-1,-1
445,44,793.18,147.75,55.24,172.39,0.4055,-1,-1,-1
445,2,780.17,571.45,69.33,251.89,0.6488,-1,-1,-1
445,35,939.34,-0.22,55.81,156.51,0.4241,-1,-1,-1
446,3,1018.94,923.62,83.58,155.19,0.7476,-1,-1,-1
446,4,1724.91,457.86,68.60,209.00,0.5625,-1,-1,-1
446,13,253.53,645.53,95.31,256.37,0.7522,-1,-1,-1
446,45,965.34,603.65,77.94,219.51,0.5974,-1,-1,-1
446,49,444.53,212.28,73.46,191.86,0.5334,-1,-1,-1
446,51,356.63,674.46,74.53,244.99,0.7413,-1,-1,-1
446,41,1004.76,11.50,56.48,155.23,0.3788,-1,-1,-1
446,30,884.86,586.27,76.97,234.80,0.6286,-1,-1,-1
446,44,793.59,147.68,54.35,172.60,0.3862,-1,-1,-1
446,2,782.34,572.08,70.96,250.33,0.6330,-1,-1,-1
446,35,941.05,-0.19,53.85,154.74,0.4123,-1,-1,-1
447,3,1020.29,922.19,82.85,157.07,0.7501,-1,-1,-1
447,4,1722.70,458.04,70.61,209.47,0.5636,-1,-1,-1
447,13,251.85,647.25,96.60,255.10,0.7632,-1,-1,-1
447,45,967.00,607.10,76.96,212.63,0.5581,-1,-1,-1
447,49,444.27,210.88,73.11,193.32,0.5186,-1,-1,-1
447,51,355.16,676.53,74.71,244.68,0.7557,-1,-1,-1
447,41,1004.73,11.48,56.03,154.69,0.3495,-1,-1,-1
447,30,884.65,588.62,77.02,235.87,0.6176,-1,-1,-1
447,44,793.02,148.60,57.26,172.03,0.3549,-1,-1,-1
447,2,784.69,572.39,72.03,249.15,0.6364,-1,-1,-1
447,35,941.73,-0.15,52.31,153.99,0.3907,-1,-1,-1
448,3,1022.25,921.33,81.16,157.69,0.7502,-1,-1,-1
448,4,1720.83,458.00,72.46,209.73,0.5695,-1,-1,-1
448,13,250.68,647.90,96.56,253.91,0.7706,-1,-1,-1
448,45,967.55,608.22,76.63,212.08,0.6531,-1,-1,-1
448,49,443.17,210.03,73.27,193.39,0.5446,-1,-1,-1
448,51,353.91,678.36,74.15,243.72,0.7585,-1,-1,-1
448,41,1004.72,11.76,55.73,154.60,0.4224,-1,-1,-1
448,30,883.27,590.60,79.17,241.22,0.6489,-1,-1,-1
448,44,793.86,148.87,56.76,171.51,0.3677,-1,-1,-1
448,2,786.43,572.18,74.84,248.69,0.6536,-1,-1,-1
448,35,941.06,-0.11,52.15,153.87,0.4614,-1,-1,-1
449,3,1023.39,921.71,80.67,157.33,0.7503,-1,-1,-1
449,4,1722.27,457.31,73.77,209.76,0.5459,-1,-1,-1
449,13,250.72,648.40,95.78,253.03,0.7614,-1,-1,-1
449,45,966.73,609.90,78.43,211.04,0.6526,-1,-1,-1
449,49,442.85,209.59,72.73,193.30,0.5240,-1,-1,-1
449,51,351.00,679.30,75.40,243.10,0.7629,-1,-1,-1
449,41,1004.88,11.89,55.30,153.95,0.3977,-1,-1,-1
449,30,882.41,593.15,81.02,244.99,0.6599,-1,-1,-1
449,44,793.49,149.01,57.52,171.43,0.3744,-1,-1,-1
449,2,787.44,572.78,76.39,247.91,0.6551,-1,-1,-1
449,35,939.22,-0.11,52.49,154.17,0.4381,-1,-1,-1
450,3,1024.70,920.76,79.53,157.93,0.7473,-1,-1,-1
450,4,1722.89,457.24,73.66,209.89,0.5642,-1,-1,-1
450,13,249.22,650.00,96.26,250.06,0.7589,-1,-1,-1
450,45,968.47,611.29,77.08,211.27,0.6552,-1,-1,-1
450,49,442.66,209.14,72.01,194.10,0.5358,-1,-1,-1
450,51,348.35,679.45,77.30,243.11,0.7609,-1,-1,-1
450,41,1004.91,11.74,55.38,153.28,0.3956,-1,-1,-1
450,30,881.97,594.38,82.45,246.02,0.6518,-1,-1,-1
450,44,793.95,148.87,56.86,171.57,0.3725,-1,-1,-1
450,2,788.20,573.56,77.39,246.87,0.6372,-1,-1,-1
450,35,938.77,-0.10,52.22,153.61,0.4795,-1,-1,-1
451,3,1026.15,921.66,78.37,157.90,0.7439,-1,-1,-1
451,4,1720.24,457.81,74.45,209.10,0.5199,-1,-1,-1
451,13,249.26,651.94,93.74,247.23,0.7250,-1,-1,-1
451,45,970.80,612.48,75.75,215.24,0.6075,-1,-1,-1
451,49,440.99,208.95,73.00,193.98,0.5076,-1,-1,-1
451,51,346.22,680.58,77.49,243.76,0.7554,-1,-1,-1
451,41,1004.82,12.17,55.13,153.29,0.3784,-1,-1,-1
451,30,881.67,596.99,82.51,244.57,0.6080,-1,-1,-1
451,44,795.41,149.00,52.86,170.73,0.3660,-1,-1,-1
451,2,789.59,575.09,76.32,244.73,0.6333,-1,-1,-1
451,35,938.20,-0.11,52.61,153.91,0.4595,-1,-1,-1
452,3,1027.34,921.85,77.41,158.03,0.7638,-1,-1,-1
452,4,1719.15,458.22,74.94,208.78,0.5371,-1,-1,-1
452,13,249.23,653.52,92.24,249.35,0.7525,-1,-1,-1
452,45,972.20,614.00,76.40,219.14,0.6030,-1,-1,-1
452,49,440.22,208.13,73.84,194.93,0.4617,-1,-1,-1
452,51,343.45,680.87,79.19,242.35,0.7864,-1,-1,-1
452,41,1004.64,12.25,55.02,152.66,0.3808,-1,-1,-1
452,30,883.93,598.25,80.61,244.70,0.6392,-1,-1,-1
452,44,796.22,148.51,51.30,170.21,0.3514,-1,-1,-1
452,2,791.88,575.56,75.59,244.99,0.6450,-1,-1,-1
452,35,937.97,-0.12,52.63,155.96,0.4921,-1,-1,-1
452,5,1558.61,621.26,65.66,229.75,0.4182,-1,-1,-1
452,48,1413.04,542.48,70.74,156.49,0.3922,-1,-1,-1
453,3,1028.03,921.51,76.90,158.46,0.7543,-1,-1,-1
453,4,1718.30,458.67,75.57,208.51,0.5330,-1,-1,-1
453,13,249.00,655.94,90.99,251.83,0.7495,-1,-1,-1
453,45,972.82,616.64,76.89,220.59,0.6078,-1,-1,-1
453,49,440.50,208.10,72.53,195.52,0.4324,-1,-1,-1
453,51,341.57,681.04,80.24,241.62,0.7834,-1,-1,-1
453,41,1004.75,11.91,54.93,152.64,0.4045,-1,-1,-1
453,30,887.71,599.79,77.41,242.80,0.6336,-1,-1,-1
453,44,795.64,148.02,51.00,171.92,0.3078,-1,-1,-1
453,2,794.43,576.98,75.89,244.87,0.6387,-1,-1,-1
453,35,937.68,-0.07,52.50,155.97,0.5078,-1,-1,-1
453,5,1548.71,617.92,76.93,232.96,0.4650,-1,-1,-1
453,48,1421.83,544.20,70.09,154.69,0.3838,-1,-1,-1
454,3,1027.79,921.12,77.26,158.93,0.7552,-1,-1,-1
454,4,1716.62,458.03,76.99,208.54,0.5616,-1,-1,-1
454,13,247.92,657.41,91.55,254.71,0.7521,-1,-1,-1
454,45,976.11,618.74,74.37,220.37,0.6455,-1,-1,-1
454,49,443.44,207.81,68.75,196.67,0.4458,-1,-1,-1
454,51,339.87,681.77,82.11,240.90,0.7978,-1,-1,-1
454,41,1005.29,11.33,54.20,153.35,0.4116,-1,-1,-1
454,30,885.04,600.78,80.95,241.55,0.6417,-1,-1,-1
454,44,795.31,148.12,53.07,171.47,0.3311,-1,-1,-1
454,2,796.36,578.04,74.35,244.04,0.6215,-1,-1,-1
454,35,937.15,-0.01,52.79,155.78,0.5302,-1,-1,-1
454,5,1554.39,620.55,69.17,230.83,0.4468,-1,-1,-1
454,48,1426.38,544.34,69.67,156.02,0.3619,-1,-1,-1
454,57,1661.49,359.77,66.72,190.91,0.4124,-1,-1,-1
455,3,1028.52,921.61,77.08,158.37,0.7529,-1,-1,-1
455,4,1715.50,457.85,78.23,209.59,0.5581,-1,-1,-1
455,13,246.87,658.44,92.94,258.01,0.7569,-1,-1,-1
455,45,977.14,621.50,75.73,217.38,0.6435,-1,-1,-1
455,49,442.19,204.97,70.43,197.63,0.4556,-1,-1,-1
455,51,339.34,683.01,80.81,242.03,0.7862,-1,-1,-1
455,41,1005.74,10.86,53.79,152.93,0.4312,-1,-1,-1
455,30,885.76,601.58,80.74,237.57,0.6320,-1,-1,-1
455,44,794.20,148.03,55.01,171.25,0.3225,-1,-1,-1
455,2,797.47,579.38,74.97,242.83,0.6459,-1,-1,-1
455,35,937.43,0.10,51.91,155.35,0.5346,-1,-1,-1
455,5,1544.61,616.36,79.28,234.64,0.4991,-1,-1,-1
455,57,1661.42,359.34,65.63,191.07,0.3732,-1,-1,-1
456,3,1028.90,921.71,77.50,158.25,0.7448,-1,-1,-1
456,4,1715.74,457.89,77.81,209.72,0.5721,-1,-1,-1
456,13,245.84,660.34,93.20,260.85,0.7581,-1,-1,-1
456,45,978.75,623.58,76.14,219.32,0.6811,-1,-1,-1
456,49,443.20,203.79,68.23,198.14,0.5163,-1,-1,-1
456,51,337.55,684.33,80.90,245.56,0.7767,-1,-1,-1
456,41,1006.11,9.65,53.40,153.18,0.4678,-1,-1,-1
456,30,885.39,602.06,83.11,236.58,0.6556,-1,-1,-1
456,44,794.06,146.40,55.64,172.49,0.3077,-1,-1,-1
456,2,798.65,580.81,74.46,241.52,0.6527,-1,-1,-1
456,35,937.71,-0.01,51.35,154.52,0.5443,-1,-1,-1
456,5,1547.86,614.95,75.98,236.30,0.4729,-1,-1,-1
456,57,1659.43,359.30,65.88,191.98,0.3938,-1,-1,-1
457,3,1028.89,921.94,77.90,158.05,0.7306,-1,-1,-1
457,4,1715.14,458.00,78.54,209.40,0.6010,-1,-1,-1
457,13,244.38,662.49,94.38,261.85,0.7619,-1,-1,-1
457,45,980.08,625.02,75.48,221.24,0.6708,-1,-1,-1
457,49,444.31,201.80,66.48,198.32,0.5362,-1,-1,-1
457,51,335.99,687.53,79.84,248.16,0.7935,-1,-1,-1
457,41,1006.22,9.24,53.31,151.04,0.4524,-1,-1,-1
457,30,886.41,602.83,83.74,237.23,0.6549,-1,-1,-1
457,44,792.54,145.55,57.57,174.22,0.3197,-1,-1,-1
457,2,800.28,581.50,72.67,241.37,0.6690,-1,-1,-1
457,35,937.72,-0.01,51.10,153.12,0.5351,-1,-1,-1
457,5,1549.18,614.25,74.47,238.23,0.4565,-1,-1,-1
457,57,1658.84,359.52,65.16,189.76,0.4065,-1,-1,-1
458,3,1028.69,921.70,79.03,158.35,0.7396,-1,-1,-1
458,4,1714.83,458.11,79.11,210.00,0.5700,-1,-1,-1
458,13,243.02,665.25,95.91,262.27,0.7638,-1,-1,-1
458,45,980.51,625.81,77.16,222.14,0.6740,-1,-1,-1
458,49,445.58,200.00,64.68,196.08,0.5317,-1,-1,-1
458,51,334.89,690.96,79.29,247.97,0.7933,-1,-1,-1
458,41,1006.04,8.40,53.80,148.90,0.4154,-1,-1,-1
458,30,891.81,604.00,79.94,238.56,0.6841,-1,-1,-1
458,44,795.16,145.59,54.88,174.02,0.3023,-1,-1,-1
458,2,801.94,583.26,73.84,240.75,0.6576,-1,-1,-1
458,35,936.35,-0.00,52.23,151.97,0.4903,-1,-1,-1
458,5,1550.00,613.69,73.35,238.64,0.4577,-1,-1,-1
458,57,1657.57,358.79,63.98,189.81,0.4433,-1,-1,-1
459,3,1028.20,921.41,80.07,158.62,0.7310,-1,-1,-1
459,4,1716.50,458.30,77.38,209.63,0.5413,-1,-1,-1
459,13,242.18,667.80,96.22,264.70,0.7719,-1,-1,-1
459,45,981.05,627.66,78.87,221.81,0.6877,-1,-1,-1
459,49,445.69,197.46,64.44,194.13,0.4999,-1,-1,-1
459,51,334.02,694.76,77.80,246.73,0.8080,-1,-1,-1
459,41,1007.22,7.40,52.51,146.52,0.3968,-1,-1,-1
459,30,895.05,605.59,78.05,238.42,0.6813,-1,-1,-1
459,2,803.76,584.10,75.45,240.56,0.6422,-1,-1,-1
459,35,935.82,0.01,52.50,148.99,0.4691,-1,-1,-1
459,5,1550.62,613.81,71.73,238.72,0.4907,-1,-1,-1
459,57,1655.69,357.46,63.81,189.58,0.3799,-1,-1,-1
459,58,1836.96,382.60,73.85,200.91,0.3715,-1,-1,-1
460,3,1028.14,921.38,80.60,158.64,0.7354,-1,-1,-1
460,4,1717.31,457.32,76.48,211.01,0.5457,-1,-1,-1
460,13,241.89,668.68,96.44,266.92,0.7748,-1,-1,-1
460,45,982.26,628.59,78.69,221.16,0.6722,-1,-1,-1
460,49,445.23,195.57,65.48,191.28,0.5144,-1,-1,-1
460,51,333.88,698.21,77.46,243.75,0.8116,-1,-1,-1
460,41,1008.03,5.95,51.43,146.53,0.4398,-1,-1,-1
460,30,897.35,607.04,78.10,239.92,0.7076,-1,-1,-1
460,2,805.70,584.24,77.50,240.65,0.6625,-1,-1,-1
460,35,934.43,0.09,54.40,147.53,0.5077,-1,-1,-1
460,5,1551.55,615.12,69.21,237.83,0.4465,-1,-1,-1
460,58,1832.40,379.79,77.76,207.61,0.3329,-1,-1,-1
461,3,1027.99,921.64,81.19,158.39,0.7365,-1,-1,-1
461,4,1718.98,457.55,74.96,210.40,0.5476,-1,-1,-1
461,13,241.44,670.11,97.74,266.71,0.7844,-1,-1,-1
461,45,983.10,629.58,78.82,221.08,0.6586,-1,-1,-1
461,49,444.97,193.54,65.60,190.31,0.5138,-1,-1,-1
461,51,333.93,701.64,77.20,244.58,0.8070,-1,-1,-1
461,41,1007.86,5.35,51.87,147.73,0.4040,-1,-1,-1
461,30,898.62,609.44,78.63,240.22,0.7093,-1,-1,-1
461,2,807.70,583.60,78.86,240.44,0.6707,-1,-1,-1
461,35,933.98,0.78,55.10,145.58,0.4429,-1,-1,-1
461,5,1551.19,613.44,68.59,238.92,0.4312,-1,-1,-1
461,58,1827.65,378.99,77.23,203.33,0.3261,-1,-1,-1
461,44,796.58,145.29,53.83,173.81,0.3443,-1,-1,-1
462,3,1027.82,921.57,81.06,158.38,0.7498,-1,-1,-1
462,4,1720.04,455.87,74.34,212.85,0.5332,-1,-1,-1
462,13,241.81,671.62,95.13,265.29,0.7662,-1,-1,-1
462,45,984.01,630.82,79.42,219.70,0.6686,-1,-1,-1
462,49,444.18,192.54,66.31,189.54,0.5091,-1,-1,-1
462,51,332.60,703.67,78.55,247.16,0.8079,-1,-1,-1
462,41,1007.84,4.73,52.20,148.80,0.4001,-1,-1,-1
462,30,899.49,611.29,79.02,239.78,0.7144,-1,-1,-1
462,2,809.47,583.58,80.97,241.75,0.6680,-1,-1,-1
462,35,933.31,2.72,56.28,142.98,0.3588,-1,-1,-1
462,5,1553.28,617.78,65.55,234.64,0.3258,-1,-1,-1
462,58,1825.05,377.58,85.40,207.71,0.3072,-1,-1,-1
462,44,797.86,145.37,52.40,173.85,0.3495,-1,-1,-1
463,3,1027.63,921.33,81.12,158.62,0.7400,-1,-1,-1
463,4,1719.98,456.48,74.31,211.81,0.5607,-1,-1,-1
463,13,242.03,673.40,93.50,264.99,0.7677,-1,-1,-1
463,45,986.19,631.44,78.49,216.56,0.6904,-1,-1,-1
463,49,444.14,193.25,67.18,188.43,0.4822,-1,-1,-1
463,51,331.96,704.53,79.04,248.97,0.8071,-1,-1,-1
463,41,1007.14,4.28,53.51,149.84,0.4364,-1,-1,-1
463,30,901.00,613.44,78.74,236.93,0.7067,-1,-1,-1
463,2,810.99,583.58,83.79,242.66,0.6871,-1,-1,-1
463,35,933.91,3.38,55.68,141.71,0.4157,-1,-1,-1
463,5,1553.19,615.14,65.31,236.97,0.3084,-1,-1,-1
463,58,1821.12,376.20,79.44,203.80,0.3667,-1,-1,-1
463,44,797.30,144.72,53.25,174.24,0.3635,-1,-1,-1
464,3,1027.22,921.07,81.39,158.93,0.7489,-1,-1,-1
464,4,1719.46,455.86,74.80,212.25,0.5242,-1,-1,-1
464,13,241.11,675.33,95.35,264.62,0.7494,-1,-1,-1
464,45,986.38,632.32,78.21,216.96,0.6616,-1,-1,-1
464,49,444.04,191.72,69.59,189.94,0.4858,-1,-1,-1
464,51,333.35,705.87,76.92,250.34,0.8035,-1,-1,-1
464,41,1006.78,3.31,54.24,151.32,0.4628,-1,-1,-1
464,30,902.59,615.83,77.94,234.74,0.6802,-1,-1,-1
464,2,812.08,584.44,87.45,244.08,0.6955,-1,-1,-1
464,35,934.14,2.65,55.42,142.54,0.3833,-1,-1,-1
464,58,1819.25,374.78,75.57,203.82,0.3434,-1,-1,-1
464,44,796.78,144.80,54.03,173.70,0.3757,-1,-1,-1
465,3,1026.72,921.72,81.36,158.29,0.7429,-1,-1,-1
465,4,1720.18,456.00,74.09,212.34,0.5301,-1,-1,-1
465,13,240.25,677.46,95.72,261.80,0.7564,-1,-1,-1
465,45,988.05,634.66,77.24,215.79,0.6505,-1,-1,-1
465,49,443.25,191.20,71.71,190.98,0.5128,-1,-1,-1
465,51,334.50,706.99,73.82,250.66,0.7918,-1,-1,-1
465,41,1006.64,3.76,54.65,150.63,0.4292,-1,-1,-1
465,30,903.63,618.07,78.44,232.00,0.6821,-1,-1,-1
465,2,812.79,585.26,90.20,243.62,0.6829,-1,-1,-1
465,35,934.16,2.56,55.62,142.42,0.4026,-1,-1,-1
465,58,1815.62,372.84,76.23,202.82,0.3463,-1,-1,-1
465,44,798.01,144.88,52.95,174.18,0.3959,-1,-1,-1
466,3,1026.48,922.33,81.50,157.87,0.7224,-1,-1,-1
466,4,1721.32,455.99,72.57,211.70,0.5422,-1,-1,-1
466,13,239.70,679.60,90.56,257.92,0.7708,-1,-1,-1
466,45,989.65,637.11,76.27,217.74,0.6281,-1,-1,-1
466,49,443.22,190.86,72.15,190.63,0.5269,-1,-1,-1
466,51,334.13,707.46,73.03,250.00,0.7793,-1,-1,-1
466,41,1006.29,2.99,55.22,150.73,0.4543,-1,-1,-1
466,30,904.27,620.56,79.04,232.06,0.6907,-1,-1,-1
466,2,812.45,585.01,92.93,243.41,0.7228,-1,-1,-1
466,35,935.77,2.12,53.97,142.35,0.4292,-1,-1,-1
466,58,1813.04,371.75,78.36,204.87,0.4134,-1,-1,-1
466,44,799.28,144.71,51.67,175.01,0.3824,-1,-1,-1
467,3,1026.24,922.29,81.92,156.51,0.7228,-1,-1,-1
467,4,1721.31,454.71,72.71,213.58,0.5504,-1,-1,-1
467,13,238.72,680.89,89.36,252.84,0.7722,-1,-1,-1
467,45,990.92,637.97,75.96,219.39,0.5957,-1,-1,-1
467,49,444.25,190.83,72.59,189.99,0.5819,-1,-1,-1
467,51,334.43,707.51,71.89,249.87,0.7877,-1,-1,-1
467,41,1006.41,3.47,55.76,150.17,0.4453,-1,-1,-1
467,30,904.93,621.66,79.18,235.47,0.7204,-1,-1,-1
467,2,811.48,584.78,95.05,244.65,0.7365,-1,-1,-1
467,35,937.06,2.84,52.69,142.34,0.4137,-1,-1,-1
467,58,1811.53,369.74,77.96,207.91,0.3932,-1,-1,-1
467,44,800.26,144.27,50.55,174.97,0.3321,-1,-1,-1
468,3,1026.58,922.55,81.46,155.79,0.7187,-1,-1,-1
468,4,1721.07,455.58,72.66,212.34,0.5397,-1,-1,-1
468,13,237.08,681.66,89.35,251.97,0.7835,-1,-1,-1
468,45,991.18,640.40,76.24,219.01,0.5687,-1,-1,-1
468,49,446.62,190.66,70.90,189.28,0.5440,-1,-1,-1
468,51,334.02,708.65,71.58,247.29,0.7651,-1,-1,-1
468,41,1005.99,3.70,56.22,149.63,0.4190,-1,-1,-1
468,30,906.26,622.71,78.92,233.65,0.6928,-1,-1,-1
468,2,810.79,584.86,97.52,246.47,0.7377,-1,-1,-1
468,35,937.53,3.75,52.60,141.35,0.4520,-1,-1,-1
468,58,1808.23,368.31,79.10,210.10,0.4680,-1,-1,-1
468,44,799.09,143.55,52.45,176.26,0.3716,-1,-1,-1
469,3,1027.36,922.73,79.90,155.54,0.7272,-1,-1,-1
469,4,1721.24,454.49,72.41,212.61,0.5332,-1,-1,-1
469,13,234.76,683.47,91.19,252.18,0.7806,-1,-1,-1
469,45,989.86,642.59,78.21,212.87,0.5474,-1,-1,-1
469,49,448.49,189.48,69.60,188.82,0.5631,-1,-1,-1
469,51,333.15,710.50,72.50,247.05,0.7775,-1,-1,-1
469,41,1005.41,3.10,57.23,150.24,0.3837,-1,-1,-1
469,30,907.82,623.61,78.51,231.26,0.6868,-1,-1,-1
469,2,810.27,584.92,99.72,248.70,0.7287,-1,-1,-1
469,35,937.04,3.67,53.88,140.83,0.4317,-1,-1,-1
469,58,1805.29,366.57,79.78,211.47,0.4944,-1,-1,-1
469,44,800.16,142.76,51.53,177.21,0.3490,-1,-1,-1
470,3,1026.51,922.41,80.20,156.03,0.7225,-1,-1,-1
470,4,1721.52,455.21,72.25,211.77,0.5311,-1,-1,-1
470,13,233.48,685.73,91.65,254.28,0.7879,-1,-1,-1
470,45,990.24,644.37,77.46,215.72,0.4770,-1,-1,-1
470,49,448.27,188.34,70.54,189.49,0.5750,-1,-1,-1
470,51,331.73,712.11,73.06,245.88,0.7976,-1,-1,-1
470,41,1005.12,1.84,57.36,151.10,0.3838,-1,-1,-1
470,30,910.00,624.69,77.44,228.49,0.6452,-1,-1,-1
470,2,809.48,585.03,101.31,251.82,0.7260,-1,-1,-1
470,35,936.70,3.00,54.30,141.43,0.3947,-1,-1,-1
470,58,1803.99,365.02,79.46,210.20,0.4617,-1,-1,-1
470,44,799.67,142.51,51.99,177.46,0.3894,-1,-1,-1
471,3,1025.83,923.45,79.96,156.06,0.7271,-1,-1,-1
471,4,1721.21,455.23,72.73,212.86,0.5355,-1,-1,-1
471,13,231.53,687.84,93.59,258.48,0.7879,-1,-1,-1
471,45,989.30,646.44,79.02,220.28,0.4884,-1,-1,-1
471,49,449.74,185.84,69.25,192.45,0.5805,-1,-1,-1
471,51,329.05,714.27,74.86,245.01,0.8037,-1,-1,-1
471,41,1004.74,1.65,56.34,150.75,0.4061,-1,-1,-1
471,30,911.57,625.35,77.74,223.16,0.5912,-1,-1,-1
471,2,809.07,585.57,103.22,254.85,0.7076,-1,-1,-1
471,35,937.26,3.10,53.58,140.66,0.4088,-1,-1,-1
471,58,1801.84,364.81,80.60,209.02,0.5075,-1,-1,-1
471,44,799.73,142.63,52.01,177.83,0.3667,-1,-1,-1
472,3,1025.70,924.14,79.18,155.73,0.7042,-1,-1,-1
472,4,1720.39,455.36,73.70,213.38,0.5548,-1,-1,-1
472,13,230.03,690.09,94.18,262.85,0.7863,-1,-1,-1
472,45,989.36,647.72,79.30,223.24,0.5033,-1,-1,-1
472,49,451.22,184.23,67.75,194.31,0.5978,-1,-1,-1
472,51,327.61,716.40,76.05,245.68,0.8164,-1,-1,-1
472,41,1004.15,0.44,55.74,151.65,0.4107,-1,-1,-1
472,30,913.27,626.17,76.91,221.63,0.6320,-1,-1,-1
472,2,809.12,586.45,102.64,256.95,0.7262,-1,-1,-1
472,35,936.53,3.09,54.25,140.31,0.3718,-1,-1,-1
472,58,1801.04,364.60,79.95,207.21,0.4954,-1,-1,-1
472,44,799.79,142.07,52.90,178.27,0.3948,-1,-1,-1
473,3,1024.51,925.27,80.04,154.82,0.7215,-1,-1,-1
473,4,1719.47,454.64,75.07,215.41,0.5501,-1,-1,-1
473,13,228.11,693.20,95.02,264.52,0.7660,-1,-1,-1
473,45,989.93,648.98,78.64,223.90,0.5336,-1,-1,-1
473,49,451.38,181.87,68.14,192.17,0.5696,-1,-1,-1
473,51,325.38,720.16,77.47,247.23,0.8012,-1,-1,-1
473,41,1003.57,-0.07,56.57,152.42,0.3402,-1,-1,-1
473,30,914.09,627.34,77.54,225.53,0.6851,-1,-1,-1
473,2,808.76,587.12,101.13,257.80,0.7552,-1,-1,-1
473,35,936.49,3.33,54.09,139.77,0.3647,-1,-1,-1
473,58,1798.51,363.61,82.01,207.53,0.4842,-1,-1,-1
473,44,801.05,144.15,51.10,176.11,0.3748,-1,-1,-1
474,3,1024.69,925.14,79.39,154.63,0.7101,-1,-1,-1
474,4,1717.79,454.93,76.57,215.32,0.5399,-1,-1,-1
474,13,226.42,694.82,95.81,267.56,0.7615,-1,-1,-1
474,45,990.78,650.19,77.77,225.89,0.5512,-1,-1,-1
474,49,452.97,179.42,67.16,190.63,0.5176,-1,-1,-1
474,51,323.75,723.16,78.34,249.88,0.7889,-1,-1,-1
474,41,1002.86,-0.19,57.04,152.47,0.3794,-1,-1,-1
474,30,914.24,628.07,79.13,226.30,0.6430,-1,-1,-1
474,2,808.53,587.75,99.73,257.65,0.7578,-1,-1,-1
474,35,936.71,3.19,54.05,139.95,0.3696,-1,-1,-1
474,58,1794.62,363.04,84.72,206.92,0.4751,-1,-1,-1
474,44,800.79,143.50,51.15,177.01,0.3932,-1,-1,-1
475,3,1024.94,925.38,78.13,154.36,0.7104,-1,-1,-1
475,4,1715.99,455.38,79.97,214.85,0.5218,-1,-1,-1
475,13,224.86,697.05,95.69,269.82,0.7566,-1,-1,-1
475,45,991.95,652.31,77.40,225.25,0.5985,-1,-1,-1
475,49,453.91,179.90,65.26,186.80,0.5141,-1,-1,-1
475,51,322.29,726.14,78.82,251.19,0.7796,-1,-1,-1
475,41,1002.47,-0.26,56.01,151.13,0.3840,-1,-1,-1
475,30,915.87,629.62,78.00,231.24,0.6726,-1,-1,-1
475,2,808.49,588.53,97.67,256.77,0.7549,-1,-1,-1
475,35,936.65,3.12,53.79,140.94,0.3579,-1,-1,-1
475,58,1792.21,363.08,85.72,206.87,0.4788,-1,-1,-1
475,44,801.75,143.60,50.28,176.99,0.3915,-1,-1,-1
476,3,1024.36,926.18,78.36,153.53,0.7218,-1,-1,-1
476,4,1713.54,455.93,82.82,214.12,0.4998,-1,-1,-1
476,13,223.83,699.90,95.55,269.42,0.7453,-1,-1,-1
476,45,994.94,654.33,74.44,223.43,0.5613,-1,-1,-1
476,49,453.86,179.51,65.20,185.09,0.5311,-1,-1,-1
476,51,321.40,728.22,78.52,250.48,0.7718,-1,-1,-1
476,41,1001.87,-0.25,55.56,148.39,0.3118,-1,-1,-1
476,30,916.24,631.17,78.42,231.11,0.6058,-1,-1,-1
476,2,808.25,589.05,94.87,256.43,0.7432,-1,-1,-1
476,35,936.78,3.24,53.52,141.33,0.3197,-1,-1,-1
476,58,1787.68,362.47,87.64,207.87,0.4429,-1,-1,-1
476,44,802.37,142.92,49.71,177.06,0.4350,-1,-1,-1
477,3,1023.90,926.71,78.46,153.13,0.7135,-1,-1,-1
477,4,1712.97,456.88,83.74,212.68,0.5110,-1,-1,-1
477,13,222.73,701.80,95.05,267.65,0.7464,-1,-1,-1
477,45,996.95,656.02,72.13,222.28,0.5793,-1,-1,-1
477,49,451.89,176.01,67.84,187.91,0.5386,-1,-1,-1
477,51,320.24,730.30,78.07,251.63,0.7649,-1,-1,-1
477,30,916.30,633.28,79.90,230.54,0.6560,-1,-1,-1
477,2,808.45,589.76,92.08,255.45,0.7750,-1,-1,-1
477,58,1786.99,361.82,86.59,207.47,0.5018,-1,-1,-1
477,44,802.17,144.65,50.21,175.49,0.4651,-1,-1,-1
478,3,1023.35,928.13,78.26,151.90,0.7246,-1,-1,-1
478,4,1710.54,457.02,86.46,212.05,0.4684,-1,-1,-1
478,13,220.57,703.50,95.70,266.49,0.7401,-1,-1,-1
478,45,998.42,656.83,71.25,220.93,0.5603,-1,-1,-1
478,49,453.13,176.99,66.70,185.54,0.5338,-1,-1,-1
478,51,319.91,732.83,77.75,252.67,0.7587,-1,-1,-1
478,30,914.53,635.24,81.98,229.60,0.6714,-1,-1,-1
478,2,807.93,590.39,89.32,255.15,0.7848,-1,-1,-1
478,58,1789.18,360.34,82.51,206.63,0.4611,-1,-1,-1
478,44,802.24,145.45,50.36,174.85,0.4709,-1,-1,-1
479,3,1022.38,929.32,77.93,150.71,0.7199,-1,-1,-1
479,4,1710.78,457.40,86.64,211.05,0.4743,-1,-1,-1
479,13,220.01,704.45,96.63,265.26,0.7293,-1,-1,-1
479,45,997.76,657.20,72.35,222.13,0.6304,-1,-1,-1
479,49,452.38,176.63,67.69,185.88,0.5666,-1,-1,-1
479,51,317.91,734.80,79.49,254.34,0.7569,-1,-1,-1
479,30,914.86,638.43,81.17,231.48,0.7042,-1,-1,-1
479,2,807.19,591.10,86.50,254.42,0.7851,-1,-1,-1
479,58,1787.08,360.07,82.88,206.36,0.5366,-1,-1,-1
479,44,803.58,145.83,49.19,175.14,0.4562,-1,-1,-1
480,3,1020.80,931.63,78.31,148.55,0.7371,-1,-1,-1
480,4,1700.03,456.99,98.46,210.44,0.3887,-1,-1,-1
480,13,219.20,705.00,94.83,263.83,0.7455,-1,-1,-1
480,45,998.84,658.32,70.82,220.78,0.6105,-1,-1,-1
480,49,447.60,173.52,73.29,190.48,0.5275,-1,-1,-1
480,51,313.69,736.82,82.04,253.71,0.7508,-1,-1,-1
480,30,913.16,640.97,83.23,237.12,0.6699,-1,-1,-1
480,2,805.99,592.08,85.47,254.04,0.7775,-1,-1,-1
480,58,1787.01,359.44,78.71,206.68,0.5201,-1,-1,-1
480,44,804.93,146.26,47.47,175.21,0.4214,-1,-1,-1
480,52,1730.24,169.86,60.44,169.20,0.3439,-1,-1,-1
481,3,1019.76,931.37,78.63,148.70,0.7375,-1,-1,-1
481,4,1702.88,457.73,96.32,210.22,0.3960,-1,-1,-1
481,13,218.98,705.16,93.02,263.23,0.7620,-1,-1,-1
481,45,995.03,660.08,74.18,220.86,0.5935,-1,-1,-1
481,49,446.27,171.60,75.03,192.49,0.5352,-1,-1,-1
481,51,307.44,737.81,86.45,254.76,0.7765,-1,-1,-1
481,30,910.76,643.80,85.17,236.71,0.6780,-1,-1,-1
481,2,805.41,593.22,83.90,253.52,0.7920,-1,-1,-1
481,58,1787.63,358.26,74.71,205.20,0.5711,-1,-1,-1
481,44,804.57,144.61,47.87,176.18,0.4373,-1,-1,-1
481,52,1729.73,169.90,61.85,170.13,0.4173,-1,-1,-1
481,41,1000.47,-0.13,53.54,143.97,0.3817,-1,-1,-1
481,35,933.89,1.06,52.99,138.55,0.3851,-1,-1,-1
482,3,1019.42,932.60,78.67,147.49,0.7318,-1,-1,-1
482,4,1705.62,458.55,92.83,210.01,0.4341,-1,-1,-1
482,13,219.12,706.50,91.43,261.70,0.7567,-1,-1,-1
482,45,995.64,662.41,73.79,221.64,0.6288,-1,-1,-1
482,49,449.02,174.37,72.42,188.16,0.5106,-1,-1,-1
482,51,305.93,738.82,86.55,255.74,0.7730,-1,-1,-1
482,30,908.44,645.95,87.83,244.39,0.6959,-1,-1,-1
482,2,804.47,594.18,83.29,253.34,0.7817,-1,-1,-1
482,58,1786.59,356.71,72.78,205.86,0.5449,-1,-1,-1
482,44,805.26,144.32,47.44,176.98,0.4877,-1,-1,-1
482,52,1729.16,171.46,63.33,170.06,0.4141,-1,-1,-1
482,41,999.72,0.34,52.78,143.09,0.3558,-1,-1,-1
482,35,933.47,1.10,52.60,135.88,0.3260,-1,-1,-1
483,3,1019.02,933.06,78.95,146.96,0.7341,-1,-1,-1
483,4,1698.57,458.21,100.51,209.87,0.3725,-1,-1,-1
483,13,218.74,707.54,91.37,259.83,0.7560,-1,-1,-1
483,45,997.85,664.33,72.34,221.86,0.6214,-1,-1,-1
483,49,452.26,173.36,69.36,188.49,0.5149,-1,-1,-1
483,51,303.34,739.75,86.72,255.84,0.7747,-1,-1,-1
483,30,908.75,648.44,87.21,246.16,0.7108,-1,-1,-1
483,2,802.59,595.18,83.70,252.48,0.7749,-1,-1,-1
483,58,1784.83,355.59,72.83,206.47,0.5061,-1,-1,-1
483,44,805.65,143.63,47.21,176.76,0.4693,-1,-1,-1
483,52,1728.98,170.55,62.68,171.44,0.4124,-1,-1,-1
483,41,999.22,0.04,53.08,144.38,0.3856,-1,-1,-1
483,35,933.39,1.34,52.13,134.62,0.3301,-1,-1,-1
484,3,1018.34,933.45,79.91,146.48,0.7211,-1,-1,-1
484,4,1695.00,458.39,104.09,210.34,0.3799,-1,-1,-1
484,13,218.52,708.97,90.65,257.64,0.7553,-1,-1,-1
484,45,998.79,667.08,72.17,223.29,0.6051,-1,-1,-1
484,49,455.57,172.80,65.02,188.80,0.5114,-1,-1,-1
484,51,302.33,740.85,85.91,254.82,0.7661,-1,-1,-1
484,30,909.49,649.44,86.43,249.34,0.7006,-1,-1,-1
484,2,801.12,596.22,85.31,251.35,0.7704,-1,-1,-1
484,58,1785.75,354.06,68.23,205.49,0.5102,-1,-1,-1
484,44,807.28,144.62,45.74,175.47,0.4644,-1,-1,-1
484,52,1729.24,169.90,63.93,172.77,0.4064,-1,-1,-1
484,41,999.64,-0.07,52.59,144.81,0.4211,-1,-1,-1
484,35,933.15,2.27,51.99,131.45,0.3277,-1,-1,-1
485,3,1018.02,933.91,80.70,146.07,0.7110,-1,-1,-1
485,4,1683.04,457.91,116.17,209.37,0.3766,-1,-1,-1
485,13,218.05,710.84,90.61,256.70,0.7631,-1,-1,-1
485,45,999.17,668.79,72.81,225.66,0.6333,-1,-1,-1
485,49,456.41,171.05,63.84,190.23,0.5326,-1,-1,-1
485,51,300.64,742.23,85.89,253.16,0.7637,-1,-1,-1
485,30,910.97,650.44,84.10,248.18,0.7237,-1,-1,-1
485,2,799.75,597.08,86.84,250.72,0.7825,-1,-1,-1
485,58,1784.17,353.16,67.82,200.57,0.4362,-1,-1,-1
485,44,808.17,144.90,44.92,175.70,0.4741,-1,-1,-1
485,52,1728.99,170.00,65.53,174.72,0.3886,-1,-1,-1
485,41,999.65,-0.10,52.01,143.92,0.4202,-1,-1,-1
485,35,931.89,2.34,52.51,128.95,0.3161,-1,-1,-1
486,3,1017.16,934.34,81.71,145.66,0.7146,-1,-1,-1
486,13,216.99,712.70,90.77,258.52,0.7752,-1,-1,-1
486,45,1000.83,671.04,71.40,223.11,0.6571,-1,-1,-1
486,49,458.50,165.01,61.77,196.11,0.5532,-1,-1,-1
486,51,299.77,742.90,85.41,252.02,0.7718,-1,-1,-1
486,30,910.87,651.38,83.82,246.22,0.7323,-1,-1,-1
486,2,799.02,597.58,88.36,251.12,0.7894,-1,-1,-1
486,58,1782.46,351.43,67.35,200.54,0.4604,-1,-1,-1
486,44,808.51,145.44,45.27,175.14,0.4851,-1,-1,-1
486,52,1728.91,175.43,66.17,171.61,0.3636,-1,-1,-1
486,41,999.51,-0.09,51.30,143.67,0.4080,-1,-1,-1
486,35,932.00,2.47,51.81,128.34,0.3431,-1,-1,-1
487,3,1017.42,935.10,81.93,145.02,0.7063,-1,-1,-1
487,13,216.80,713.92,91.13,262.31,0.7684,-1,-1,-1
487,45,1003.90,673.22,69.08,223.62,0.6621,-1,-1,-1
487,49,459.38,163.42,59.75,196.14,0.5256,-1,-1,-1
487,51,300.73,744.50,83.11,250.71,0.7635,-1,-1,-1
487,30,911.02,652.25,84.09,242.89,0.7372,-1,-1,-1
487,2,798.09,598.33,91.40,251.13,0.7921,-1,-1,-1
487,58,1780.82,351.17,67.27,199.59,0.3960,-1,-1,-1
487,44,808.11,145.73,46.57,175.62,0.4553,-1,-1,-1
487,52,1729.81,175.72,65.28,175.00,0.3079,-1,-1,-1
487,41,999.59,-0.14,50.72,142.78,0.3556,-1,-1,-1
487,57,1632.96,326.19,56.86,188.61,0.4469,-1,-1,-1
487,4,1684.06,456.80,111.12,210.16,0.3792,-1,-1,-1
488,3,1017.69,936.11,82.04,143.98,0.7178,-1,-1,-1
488,13,216.61,715.87,91.54,268.54,0.7674,-1,-1,-1
488,45,1006.18,675.48,68.43,224.05,0.6982,-1,-1,-1
488,49,461.94,160.76,56.23,195.68,0.4915,-1,-1,-1
488,51,299.75,747.78,82.53,247.74,0.7647,-1,-1,-1
488,30,911.49,653.30,85.19,241.29,0.7077,-1,-1,-1
488,2,797.28,599.76,93.16,249.94,0.7807,-1,-1,-1
488,44,808.23,146.27,47.40,175.49,0.4589,-1,-1,-1
488,52,1730.16,176.21,65.30,176.08,0.3470,-1,-1,-1
488,41,1000.08,-0.08,50.30,142.05,0.3833,-1,-1,-1
488,57,1632.02,328.30,56.70,186.38,0.3776,-1,-1,-1
488,4,1681.22,456.57,112.13,210.60,0.3558,-1,-1,-1
489,3,1017.35,936.54,82.85,143.48,0.7169,-1,-1,-1
489,13,216.30,717.96,91.23,271.50,0.7681,-1,-1,-1
489,45,1008.01,677.10,68.58,225.20,0.6841,-1,-1,-1
489,49,463.19,159.81,53.91,192.43,0.4754,-1,-1,-1
489,51,299.43,749.97,82.13,249.78,0.7600,-1,-1,-1
489,30,911.92,654.29,86.47,239.21,0.6961,-1,-1,-1
489,2,797.21,600.65,93.30,251.47,0.7879,-1,-1,-1
489,44,809.13,145.21,47.09,175.15,0.4409,-1,-1,-1
489,52,1731.21,177.78,64.81,174.91,0.3642,-1,-1,-1
489,41,1001.05,2.00,49.03,139.87,0.3570,-1,-1,-1
489,57,1633.27,332.50,54.01,182.03,0.3795,-1,-1,-1
489,4,1687.40,455.50,105.08,212.08,0.3644,-1,-1,-1
489,35,931.23,2.35,51.88,127.87,0.3422,-1,-1,-1
490,3,1015.71,937.09,84.88,142.98,0.6999,-1,-1,-1
490,13,215.08,720.54,92.82,274.82,0.7642,-1,-1,-1
490,45,1009.78,678.28,68.88,226.54,0.7207,-1,-1,-1
490,49,464.60,159.88,52.59,187.03,0.4464,-1,-1,-1
490,51,299.46,751.86,80.62,251.61,0.7510,-1,-1,-1
490,30,914.07,655.66,85.42,234.49,0.6985,-1,-1,-1
490,2,796.99,601.23,94.17,254.65,0.7887,-1,-1,-1
490,44,810.55,144.74,46.30,175.69,0.3722,-1,-1,-1
490,52,1731.90,179.90,63.63,171.64,0.4089,-1,-1,-1
490,57,1632.35,329.14,54.24,186.55,0.4461,-1,-1,-1
490,4,1695.04,455.04,96.58,212.99,0.3644,-1,-1,-1
490,35,930.86,2.35,52.01,127.44,0.3175,-1,-1,-1
491,3,1016.45,937.74,84.43,142.28,0.6963,-1,-1,-1
491,13,214.19,722.92,93.30,277.37,0.7583,-1,-1,-1
491,45,1011.14,679.71,69.67,226.22,0.6897,-1,-1,-1
491,49,462.51,158.02,56.17,186.38,0.4018,-1,-1,-1
491,51,297.86,754.03,81.83,257.48,0.7472,-1,-1,-1
491,30,918.58,659.60,81.87,238.26,0.7045,-1,-1,-1
491,2,797.30,602.11,94.81,257.80,0.7815,-1,-1,-1
491,44,809.43,145.83,49.42,174.16,0.3810,-1,-1,-1
491,52,1732.76,181.36,62.60,170.20,0.3437,-1,-1,-1
491,57,1630.99,332.14,54.92,183.94,0.3466,-1,-1,-1
491,4,1703.78,455.72,88.08,214.55,0.4162,-1,-1,-1
492,3,1016.81,938.11,84.17,141.91,0.7052,-1,-1,-1
492,13,213.00,724.86,95.41,279.46,0.7728,-1,-1,-1
492,45,1012.21,682.00,71.42,224.71,0.6817,-1,-1,-1
492,49,464.71,157.83,54.50,186.03,0.3149,-1,-1,-1
492,51,297.59,756.43,80.83,257.91,0.7411,-1,-1,-1
492,30,920.24,661.48,80.63,239.63,0.7229,-1,-1,-1
492,2,798.12,603.37,94.96,258.27,0.7873,-1,-1,-1
492,44,809.14,146.10,50.92,172.71,0.3526,-1,-1,-1
492,52,1733.58,182.15,61.71,168.33,0.4372,-1,-1,-1
492,57,1629.53,328.69,55.64,186.95,0.4029,-1,-1,-1
492,4,1704.02,457.16,88.34,211.29,0.4302,-1,-1,-1
493,3,1016.82,938.27,84.47,141.73,0.6854,-1,-1,-1
493,13,212.26,727.80,95.37,278.40,0.7795,-1,-1,-1
493,45,1014.13,682.47,72.57,226.22,0.6374,-1,-1,-1
493,51,298.41,759.32,80.84,256.01,0.7377,-1,-1,-1
493,30,920.60,663.43,81.07,241.71,0.7047,-1,-1,-1
493,2,799.56,604.54,94.53,258.14,0.7696,-1,-1,-1
493,44,807.85,145.69,53.38,172.86,0.3329,-1,-1,-1
493,52,1734.10,184.20,61.39,167.17,0.4839,-1,-1,-1
493,57,1627.92,325.02,57.36,189.53,0.3513,-1,-1,-1
493,4,1709.18,457.47,84.85,211.89,0.4885,-1,-1,-1
493,61,1812.32,169.88,72.58,183.35,0.3694,-1,-1,-1
494,3,1016.99,938.67,84.50,141.37,0.6785,-1,-1,-1
494,13,212.47,730.11,95.10,278.43,0.7788,-1,-1,-1
494,45,1015.46,684.44,74.59,222.23,0.6311,-1,-1,-1
494,51,298.77,762.78,79.57,255.39,0.7432,-1,-1,-1
494,30,921.62,665.93,81.17,240.43,0.6696,-1,-1,-1
494,2,800.69,605.84,94.36,256.80,0.7555,-1,-1,-1
494,44,806.63,145.63,55.65,172.04,0.3061,-1,-1,-1
494,52,1734.95,184.74,62.47,167.20,0.4623,-1,-1,-1
494,57,1626.86,323.12,58.11,190.98,0.3999,-1,-1,-1
494,4,1715.67,454.52,78.85,215.94,0.5248,-1,-1,-1
494,61,1813.67,170.47,75.14,183.12,0.3285,-1,-1,-1
495,3,1017.59,938.10,84.47,141.90,0.6710,-1,-1,-1
495,13,212.10,732.29,94.21,276.79,0.7754,-1,-1,-1
495,45,1017.74,685.52,75.11,221.54,0.5849,-1,-1,-1
495,51,298.73,766.46,78.82,258.29,0.7373,-1,-1,-1
495,30,921.79,667.88,81.53,243.60,0.6567,-1,-1,-1
495,2,803.25,606.36,91.64,254.81,0.7531,-1,-1,-1
495,44,806.64,145.31,56.16,172.11,0.3357,-1,-1,-1
495,52,1734.52,186.15,63.85,170.91,0.4903,-1,-1,-1
495,57,1626.03,323.18,58.56,190.59,0.4025,-1,-1,-1
495,4,1720.91,452.15,74.60,217.09,0.6053,-1,-1,-1
495,61,1815.00,172.92,77.47,182.36,0.3452,-1,-1,-1
496,3,1019.00,939.00,83.43,141.00,0.6835,-1,-1,-1
496,13,211.50,735.34,94.28,274.14,0.7731,-1,-1,-1
496,45,1018.72,686.88,75.09,221.00,0.5953,-1,-1,-1
496,51,297.25,768.71,80.08,259.12,0.7489,-1,-1,-1
496,30,922.43,670.72,81.85,239.14,0.6905,-1,-1,-1
496,2,807.56,606.39,86.97,251.14,0.7422,-1,-1,-1
496,44,805.79,144.77,56.78,171.93,0.3310,-1,-1,-1
496,52,1734.23,187.55,64.96,172.20,0.4689,-1,-1,-1
496,57,1624.86,322.15,58.27,189.51,0.4355,-1,-1,-1
496,4,1724.43,451.90,72.15,217.34,0.5829,-1,-1,-1
496,63,1630.15,584.39,104.56,227.65,0.5684,-1,-1,-1
496,5,1538.87,610.09,87.36,220.19,0.4056,-1,-1,-1
497,3,1020.50,939.08,81.95,140.86,0.6768,-1,-1,-1
497,13,212.65,736.89,91.89,270.75,0.7466,-1,-1,-1
497,45,1020.51,687.78,73.78,221.18,0.5564,-1,-1,-1
497,51,294.90,770.46,82.13,259.23,0.7609,-1,-1,-1
497,30,923.27,673.45,81.54,237.77,0.6546,-1,-1,-1
497,2,812.66,606.55,82.11,248.77,0.7183,-1,-1,-1
497,44,805.76,145.06,56.30,172.42,0.3695,-1,-1,-1
497,52,1734.14,188.25,65.71,172.18,0.4950,-1,-1,-1
497,57,1623.91,321.89,59.21,188.86,0.3741,-1,-1,-1
497,4,1726.48,452.37,69.70,217.19,0.5619,-1,-1,-1
497,5,1538.84,609.73,87.59,220.41,0.4271,-1,-1,-1
497,61,1818.21,175.26,80.94,184.09,0.3811,-1,-1,-1
498,3,1020.79,938.45,81.84,141.47,0.6604,-1,-1,-1
498,13,212.89,738.54,90.85,267.59,0.7399,-1,-1,-1
498,45,1020.20,689.32,76.94,220.98,0.5130,-1,-1,-1
498,51,294.61,772.19,82.21,258.00,0.7493,-1,-1,-1
498,30,924.68,675.52,81.02,239.07,0.6437,-1,-1,-1
498,2,815.45,606.67,80.11,247.25,0.7065,-1,-1,-1
498,44,804.53,145.45,56.72,172.48,0.3527,-1,-1,-1
498,52,1733.34,188.69,66.79,172.38,0.4556,-1,-1,-1
498,57,1623.54,321.37,58.43,189.73,0.3610,-1,-1,-1
498,4,1728.26,453.20,68.73,215.93,0.5067,-1,-1,-1
498,5,1539.26,609.30,87.55,221.14,0.4614,-1,-1,-1
498,64,410.65,164.93,52.88,182.06,0.4127,-1,-1,-1
498,61,1819.70,176.11,80.53,186.90,0.3462,-1,-1,-1
498,63,1640.45,592.44,95.77,221.83,0.4391,-1,-1,-1
499,3,1022.45,937.82,80.12,142.11,0.6733,-1,-1,-1
499,13,212.39,740.68,90.81,265.87,0.7516,-1,-1,-1
499,45,1023.09,693.20,74.10,218.94,0.5118,-1,-1,-1
499,51,293.89,773.28,82.49,256.97,0.7413,-1,-1,-1
499,30,925.37,677.79,81.09,238.34,0.6096,-1,-1,-1
499,2,819.13,607.48,77.01,246.31,0.6843,-1,-1,-1
499,44,802.70,143.61,56.62,173.95,0.3382,-1,-1,-1
499,52,1732.52,188.80,67.98,170.38,0.4907,-1,-1,-1
499,5,1539.08,609.86,87.66,220.16,0.4849,-1,-1,-1
499,64,408.87,165.27,56.14,182.16,0.4461,-1,-1,-1
499,61,1820.74,177.48,80.92,186.83,0.3901,-1,-1,-1
499,63,1645.11,590.84,88.35,223.08,0.3680,-1,-1,-1
500,3,1024.72,936.43,78.50,143.50,0.6737,-1,-1,-1
500,13,209.89,742.11,92.80,266.62,0.7710,-1,-1,-1
500,45,1024.22,696.88,72.25,213.12,0.4809,-1,-1,-1
500,51,293.45,774.10,81.80,255.87,0.7339,-1,-1,-1
500,30,924.94,679.30,83.85,245.66,0.6173,-1,-1,-1
500,2,821.10,607.86,75.78,245.02,0.6898,-1,-1,-1
500,44,802.42,142.47,55.91,175.74,0.3537,-1,-1,-1
500,52,1732.08,189.28,69.07,169.31,0.4945,-1,-1,-1
500,5,1538.17,610.48,89.22,218.52,0.4108,-1,-1,-1
500,64,407.38,166.04,57.78,180.31,0.4762,-1,-1,-1
500,61,1821.85,178.74,81.08,188.25,0.3858,-1,-1,-1
500,63,1654.64,594.43,78.43,219.64,0.4562,-1,-1,-1
500,4,1728.87,450.99,67.18,217.64,0.4888,-1,-1,-1
501,3,1027.51,935.56,76.66,144.37,0.6431,-1,-1,-1
501,13,208.78,743.40,93.41,263.73,0.7791,-1,-1,-1
501,45,1024.29,698.80,72.95,212.09,0.5119,-1,-1,-1
501,51,293.29,774.93,80.60,255.41,0.7207,-1,-1,-1
501,30,927.49,680.04,82.67,250.54,0.6007,-1,-1,-1
501,2,822.52,608.60,74.80,244.96,0.7016,-1,-1,-1
501,44,802.15,143.70,54.74,174.09,0.3575,-1,-1,-1
501,52,1731.68,189.31,70.02,169.79,0.4953,-1,-1,-1
501,5,1538.47,611.09,87.92,214.92,0.3794,-1,-1,-1
501,64,407.18,167.82,58.29,178.92,0.5121,-1,-1,-1
501,61,1823.25,179.82,80.83,191.16,0.3555,-1,-1,-1
501,63,1659.61,593.39,72.99,220.28,0.5209,-1,-1,-1
501,4,1728.25,449.27,67.13,218.82,0.4562,-1,-1,-1
501,49,465.11,160.84,63.40,176.35,0.3619,-1,-1,-1
501,57,1622.34,313.37,59.27,182.99,0.3598,-1,-1,-1
502,3,1029.03,934.97,76.51,145.01,0.6754,-1,-1,-1
502,13,208.24,745.01,93.72,262.68,0.7750,-1,-1,-1
502,45,1025.40,701.19,73.34,208.72,0.5835,-1,-1,-1
502,51,292.57,775.64,80.80,254.33,0.7334,-1,-1,-1
502,30,927.67,681.73,83.65,254.62,0.6319,-1,-1,-1
502,2,822.94,609.12,74.50,245.98,0.7026,-1,-1,-1
502,44,800.70,144.20,54.50,174.52,0.3099,-1,-1,-1
502,52,1731.75,189.96,70.12,167.87,0.4923,-1,-1,-1
502,5,1538.62,610.13,87.05,215.10,0.3928,-1,-1,-1
502,64,406.53,169.38,58.60,177.17,0.4810,-1,-1,-1
502,61,1825.81,180.42,79.02,194.03,0.3009,-1,-1,-1
502,63,1663.20,595.83,69.33,219.72,0.4939,-1,-1,-1
502,4,1729.16,449.37,65.29,219.37,0.4434,-1,-1,-1
502,49,466.93,160.26,63.27,175.77,0.3315,-1,-1,-1
503,3,1030.42,934.22,76.36,145.74,0.6440,-1,-1,-1
503,13,208.29,746.53,93.09,263.50,0.7599,-1,-1,-1
503,45,1026.33,703.70,73.09,203.43,0.5887,-1,-1,-1
503,51,289.69,776.43,80.94,254.51,0.7495,-1,-1,-1
503,30,928.61,683.13,84.25,253.72,0.6169,-1,-1,-1
503,2,822.73,609.35,74.73,246.42,0.7175,-1,-1,-1
503,44,800.20,145.12,52.78,174.33,0.3193,-1,-1,-1
503,52,1732.45,190.45,69.69,168.34,0.4667,-1,-1,-1
503,5,1536.49,611.60,90.03,215.02,0.4742,-1,-1,-1
503,64,404.94,170.44,61.16,175.65,0.4872,-1,-1,-1
503,63,1667.98,600.33,64.79,214.08,0.4717,-1,-1,-1
503,4,1729.82,446.61,64.07,222.16,0.4008,-1,-1,-1
503,49,469.64,159.71,61.08,173.94,0.3056,-1,-1,-1
503,57,1621.27,308.39,59.18,181.48,0.3396,-1,-1,-1
504,3,1032.42,933.40,75.26,146.54,0.6368,-1,-1,-1
504,13,209.58,747.89,91.33,268.00,0.7556,-1,-1,-1
504,45,1028.65,705.02,70.77,211.37,0.5908,-1,-1,-1
504,51,286.87,777.46,81.29,253.51,0.7734,-1,-1,-1
504,30,927.85,684.26,86.61,252.11,0.5844,-1,-1,-1
504,2,822.71,609.68,74.36,247.33,0.6927,-1,-1,-1
504,52,1733.35,191.10,68.55,169.65,0.4795,-1,-1,-1
504,5,1534.92,611.72,91.96,214.72,0.3537,-1,-1,-1
504,64,403.75,170.78,64.20,174.14,0.4742,-1,-1,-1
504,4,1729.69,446.74,63.88,223.36,0.3405,-1,-1,-1
504,49,471.44,157.43,61.07,173.34,0.3164,-1,-1,-1
505,3,1033.38,933.73,74.89,146.25,0.6742,-1,-1,-1
505,13,209.40,749.82,89.66,272.59,0.7347,-1,-1,-1
505,45,1030.27,706.52,69.68,215.85,0.6070,-1,-1,-1
505,51,283.20,778.94,84.67,253.34,0.7731,-1,-1,-1
505,30,928.26,684.82,86.65,251.81,0.5511,-1,-1,-1
505,2,822.85,610.05,74.15,248.71,0.6718,-1,-1,-1
505,52,1736.59,190.77,65.26,170.56,0.4989,-1,-1,-1
505,64,402.36,170.81,66.55,174.20,0.4757,-1,-1,-1
505,4,1729.57,451.91,63.26,217.99,0.3928,-1,-1,-1
505,49,470.18,153.01,62.51,176.15,0.4156,-1,-1,-1
506,3,1034.86,932.93,74.56,147.04,0.6656,-1,-1,-1
506,13,209.26,751.47,87.93,277.38,0.7277,-1,-1,-1
506,45,1030.98,707.60,70.25,219.43,0.6350,-1,-1,-1
506,51,279.95,780.42,87.60,254.93,0.7597,-1,-1,-1
506,30,922.14,686.44,93.87,248.64,0.6131,-1,-1,-1
506,2,822.64,610.19,74.93,250.21,0.6797,-1,-1,-1
506,52,1738.53,193.54,63.66,167.95,0.4964,-1,-1,-1
506,64,401.14,170.94,67.72,175.47,0.4545,-1,-1,-1
506,4,1729.28,456.89,63.13,212.40,0.4967,-1,-1,-1
506,49,470.56,148.33,62.29,180.22,0.3819,-1,-1,-1
506,57,1619.96,304.87,59.38,185.44,0.4622,-1,-1,-1
507,3,1036.31,933.73,74.90,146.31,0.6482,-1,-1,-1
507,13,208.80,753.48,87.04,278.95,0.7257,-1,-1,-1
507,45,1030.77,708.87,71.07,222.42,0.6134,-1,-1,-1
507,51,278.33,782.15,89.30,259.31,0.7620,-1,-1,-1
507,30,927.07,687.50,90.57,246.25,0.6068,-1,-1,-1
507,2,823.61,611.26,73.49,249.56,0.6979,-1,-1,-1
507,52,1739.48,194.26,62.51,166.30,0.4658,-1,-1,-1
507,64,399.71,168.75,68.52,179.59,0.3865,-1,-1,-1
507,4,1728.47,458.07,63.54,211.41,0.3478,-1,-1,-1
507,49,469.88,151.47,60.76,174.74,0.3046,-1,-1,-1
507,57,1619.18,303.11,60.23,187.77,0.4307,-1,-1,-1
508,3,1037.38,933.51,75.49,146.50,0.6493,-1,-1,-1
508,13,208.08,755.51,87.53,279.08,0.7430,-1,-1,-1
508,45,1030.74,710.27,71.89,223.70,0.6238,-1,-1,-1
508,51,277.02,784.02,91.25,263.13,0.7674,-1,-1,-1
508,30,924.86,688.59,93.81,247.51,0.6068,-1,-1,-1
508,2,825.02,611.60,72.21,249.20,0.7005,-1,-1,-1
508,52,1741.08,195.44,60.80,165.14,0.5248,-1,-1,-1
508,4,1727.88,459.85,62.65,208.07,0.3725,-1,-1,-1
508,57,1618.86,303.34,60.88,187.34,0.4918,-1,-1,-1
509,3,1038.76,933.27,75.52,146.76,0.6428,-1,-1,-1
509,13,206.85,758.21,86.52,275.88,0.7324,-1,-1,-1
509,45,1031.16,710.74,74.19,228.09,0.6290,-1,-1,-1
509,51,278.24,787.50,88.30,261.13,0.7676,-1,-1,-1
509,30,928.77,690.35,92.00,248.77,0.6219,-1,-1,-1
509,2,825.88,611.75,71.64,249.63,0.7007,-1,-1,-1
509,52,1742.91,197.63,58.97,164.03,0.4763,-1,-1,-1
509,4,1727.38,459.51,63.91,206.93,0.3603,-1,-1,-1
509,57,1618.94,301.15,58.79,188.19,0.4190,-1,-1,-1
510,3,1039.87,934.14,76.19,145.91,0.6352,-1,-1,-1
510,13,206.26,761.35,82.69,275.84,0.7396,-1,-1,-1
510,45,1029.74,711.89,78.84,228.22,0.5969,-1,-1,-1
510,51,278.96,791.08,86.86,257.66,0.7570,-1,-1,-1
510,30,928.69,692.04,93.65,249.68,0.6185,-1,-1,-1
510,2,826.50,611.86,70.87,249.90,0.7005,-1,-1,-1
510,52,1744.73,199.93,57.79,163.32,0.5357,-1,-1,-1
510,4,1727.30,459.63,62.97,202.53,0.3777,-1,-1,-1
510,57,1618.62,300.61,57.92,189.26,0.4571,-1,-1,-1
511,3,1041.40,932.53,75.54,147.53,0.6252,-1,-1,-1
511,13,204.52,763.37,86.25,276.77,0.7621,-1,-1,-1
511,45,1030.65,713.70,78.86,220.39,0.5886,-1,-1,-1
511,51,280.02,795.99,83.83,255.29,0.7810,-1,-1,-1
511,30,932.60,694.88,92.06,255.87,0.6370,-1,-1,-1
511,2,826.94,612.15,70.86,249.73,0.6950,-1,-1,-1
511,52,1747.57,202.06,55.83,162.74,0.5114,-1,-1,-1
511,4,1725.29,459.64,64.53,202.06,0.3957,-1,-1,-1
511,57,1617.67,298.72,57.00,191.26,0.3588,-1,-1,-1
512,3,1042.02,931.86,75.40,148.16,0.6333,-1,-1,-1
512,13,202.86,765.95,89.91,276.13,0.7600,-1,-1,-1
512,45,1031.96,715.45,77.65,215.57,0.5685,-1,-1,-1
512,51,280.15,798.56,82.19,258.45,0.7715,-1,-1,-1
512,30,934.49,697.47,91.77,260.60,0.6314,-1,-1,-1
512,2,827.30,612.30,70.44,249.41,0.6945,-1,-1,-1
512,52,1750.36,203.42,53.67,163.05,0.5362,-1,-1,-1
512,4,1724.66,458.13,64.60,204.11,0.3420,-1,-1,-1
512,57,1616.54,299.35,56.61,190.25,0.3388,-1,-1,-1
513,3,1042.03,932.67,76.03,146.88,0.6101,-1,-1,-1
513,13,201.47,767.45,91.41,275.70,0.7576,-1,-1,-1
513,45,1034.55,717.35,75.94,222.87,0.5635,-1,-1,-1
513,51,280.04,800.64,80.58,262.39,0.7784,-1,-1,-1
513,30,937.06,700.85,88.22,260.52,0.6128,-1,-1,-1
513,2,827.61,611.98,69.75,250.20,0.6786,-1,-1,-1
513,52,1751.75,203.86,53.00,165.44,0.5080,-1,-1,-1
513,4,1724.29,458.26,63.49,202.56,0.3492,-1,-1,-1
513,57,1615.70,299.89,55.90,189.84,0.3846,-1,-1,-1
514,3,1042.62,932.24,75.39,147.03,0.6357,-1,-1,-1
514,13,198.92,769.76,92.56,275.01,0.7548,-1,-1,-1
514,45,1035.88,718.81,74.93,225.31,0.5792,-1,-1,-1
514,51,278.90,801.45,79.29,263.65,0.7985,-1,-1,-1
514,30,942.39,703.92,83.08,260.67,0.6248,-1,-1,-1
514,2,827.43,611.84,69.88,250.43,0.6590,-1,-1,-1
514,52,1753.76,204.35,52.65,167.66,0.4573,-1,-1,-1
514,4,1724.36,460.69,62.45,198.95,0.3388,-1,-1,-1
514,57,1615.57,300.73,54.28,189.53,0.3324,-1,-1,-1
515,3,1043.21,932.27,75.18,146.78,0.6428,-1,-1,-1
515,13,197.09,771.18,94.33,273.18,0.7595,-1,-1,-1
515,45,1035.19,719.99,76.36,229.60,0.6182,-1,-1,-1
515,51,276.45,802.18,80.59,263.85,0.8024,-1,-1,-1
515,30,938.81,706.22,87.88,257.39,0.5981,-1,-1,-1
515,2,827.83,611.90,69.24,250.23,0.6516,-1,-1,-1
515,52,1755.25,205.59,52.71,167.74,0.4316,-1,-1,-1
515,4,1724.28,460.01,61.37,198.74,0.3413,-1,-1,-1
515,57,1613.66,300.94,53.78,187.30,0.3133,-1,-1,-1
516,3,1044.15,932.34,74.52,146.85,0.6137,-1,-1,-1
516,13,194.27,772.81,96.18,270.83,0.7638,-1,-1,-1
516,45,1036.50,721.52,75.14,237.87,0.6360,-1,-1,-1
516,51,274.15,802.67,81.26,263.06,0.8159,-1,-1,-1
516,30,938.97,708.89,89.21,253.86,0.6531,-1,-1,-1
516,2,828.44,612.26,68.17,249.85,0.6382,-1,-1,-1
516,52,1756.23,205.52,52.86,165.75,0.4432,-1,-1,-1
516,4,1722.36,459.33,63.70,202.47,0.4058,-1,-1,-1
517,3,1044.75,931.71,74.07,147.26,0.6179,-1,-1,-1
517,13,192.99,775.08,94.57,266.17,0.7599,-1,-1,-1
517,45,1038.04,723.69,72.73,238.73,0.6404,-1,-1,-1
517,51,273.27,803.70,81.30,262.59,0.8187,-1,-1,-1
517,30,938.71,711.15,90.69,253.88,0.6462,-1,-1,-1
517,2,827.70,611.73,69.00,250.58,0.6499,-1,-1,-1
517,52,1758.41,204.93,52.68,159.50,0.4174,-1,-1,-1
517,4,1723.16,457.43,63.68,206.05,0.3170,-1,-1,-1
518,3,1044.95,930.14,73.14,148.64,0.6506,-1,-1,-1
518,13,191.53,776.67,92.64,263.82,0.7939,-1,-1,-1
518,45,1039.72,726.20,70.87,233.32,0.6212,-1,-1,-1
518,51,271.60,804.14,82.24,261.58,0.8227,-1,-1,-1
518,30,940.99,712.82,90.19,257.46,0.6353,-1,-1,-1
518,2,827.81,611.16,68.30,251.06,0.6394,-1,-1,-1
518,52,1760.42,205.25,52.39,155.57,0.3887,-1,-1,-1
518,4,1723.05,456.85,63.36,205.96,0.3666,-1,-1,-1
519,3,1044.90,929.16,72.72,149.49,0.6273,-1,-1,-1
519,13,190.10,778.42,92.31,262.11,0.7920,-1,-1,-1
519,45,1038.70,730.24,71.57,226.45,0.5525,-1,-1,-1
519,51,270.34,805.33,82.79,260.48,0.8200,-1,-1,-1
519,30,943.04,714.16,88.58,259.02,0.6377,-1,-1,-1
519,2,827.92,610.76,67.54,251.08,0.6207,-1,-1,-1
519,52,1759.84,204.95,56.00,164.41,0.3801,-1,-1,-1
519,4,1722.66,458.92,65.92,206.31,0.3301,-1,-1,-1
519,49,464.02,137.03,62.27,178.02,0.3591,-1,-1,-1
520,3,1044.84,926.95,72.75,151.92,0.6478,-1,-1,-1
520,13,189.08,779.96,92.33,261.73,0.7899,-1,-1,-1
520,45,1038.87,733.40,74.19,211.52,0.5963,-1,-1,-1
520,51,268.78,807.58,84.03,259.09,0.8219,-1,-1,-1
520,30,943.98,715.13,87.16,259.54,0.6922,-1,-1,-1
520,2,827.76,608.65,67.95,251.89,0.5866,-1,-1,-1
520,52,1760.11,205.42,58.49,167.33,0.3053,-1,-1,-1
520,4,1720.97,459.00,67.71,209.31,0.3657,-1,-1,-1
520,65,1731.46,629.42,81.52,222.55,0.4432,-1,-1,-1
520,49,465.94,136.62,59.66,174.52,0.3062,-1,-1,-1
521,3,1044.81,927.29,72.74,151.99,0.6577,-1,-1,-1
521,13,188.33,780.70,94.14,266.37,0.7921,-1,-1,-1
521,45,1039.75,735.62,75.15,203.65,0.6012,-1,-1,-1
521,51,267.21,810.10,84.60,258.17,0.8145,-1,-1,-1
521,30,947.42,717.63,84.90,257.91,0.6590,-1,-1,-1
521,2,828.39,607.97,67.03,253.08,0.6094,-1,-1,-1
521,4,1718.30,460.13,69.83,209.72,0.3698,-1,-1,-1
521,65,1732.58,632.61,86.97,215.95,0.5698,-1,-1,-1
521,49,466.98,143.73,56.79,163.08,0.3294,-1,-1,-1
522,3,1044.69,928.45,72.51,151.13,0.6439,-1,-1,-1
522,13,188.17,781.96,95.47,270.28,0.7774,-1,-1,-1
522,45,1040.70,738.69,76.08,202.80,0.6260,-1,-1,-1
522,51,267.48,812.89,83.94,256.53,0.7974,-1,-1,-1
522,30,947.99,719.16,85.24,256.38,0.6857,-1,-1,-1
522,2,828.40,607.05,66.59,254.07,0.6268,-1,-1,-1
522,4,1716.78,461.67,71.20,208.34,0.3256,-1,-1,-1
522,65,1736.16,635.31,90.44,213.59,0.5509,-1,-1,-1
522,49,467.84,143.73,55.23,161.22,0.3567,-1,-1,-1
523,3,1044.55,929.15,72.20,150.25,0.6096,-1,-1,-1
523,13,187.64,783.51,96.58,273.63,0.7728,-1,-1,-1
523,45,1043.57,740.27,74.02,206.02,0.6184,-1,-1,-1
523,51,266.11,816.24,84.83,255.68,0.8006,-1,-1,-1
523,30,949.76,720.05,85.35,256.10,0.6343,-1,-1,-1
523,2,828.56,607.37,66.28,254.12,0.6329,-1,-1,-1
523,4,1717.59,461.32,69.65,207.07,0.3884,-1,-1,-1
523,65,1741.79,637.17,90.27,214.02,0.4890,-1,-1,-1
523,49,467.55,134.83,56.54,170.89,0.3464,-1,-1,-1
523,58,1711.92,312.93,76.34,180.83,0.3923,-1,-1,-1
523,52,1765.02,209.45,59.47,166.60,0.3791,-1,-1,-1
524,3,1044.56,929.95,71.59,149.33,0.5853,-1,-1,-1
524,13,188.40,785.11,93.27,275.51,0.7695,-1,-1,-1
524,45,1044.61,742.61,74.44,216.18,0.6168,-1,-1,-1
524,51,262.86,819.21,87.14,256.55,0.8094,-1,-1,-1
524,30,952.60,720.68,83.52,251.17,0.5977,-1,-1,-1
524,2,827.69,607.93,66.09,253.43,0.6287,-1,-1,-1
524,4,1719.52,461.74,68.12,206.11,0.3746,-1,-1,-1
524,65,1742.75,640.56,93.12,215.16,0.3405,-1,-1,-1
524,58,1710.91,309.63,74.54,189.94,0.4368,-1,-1,-1
524,52,1767.02,210.99,59.65,170.66,0.3880,-1,-1,-1
525,3,1044.27,931.24,72.22,148.44,0.5426,-1,-1,-1
525,13,188.13,786.17,94.30,280.03,0.7708,-1,-1,-1
525,45,1045.48,743.67,75.45,224.27,0.6214,-1,-1,-1
525,51,263.03,822.07,86.52,256.60,0.8099,-1,-1,-1
525,30,957.28,721.34,80.34,240.35,0.5087,-1,-1,-1
525,2,827.30,607.81,66.22,253.28,0.6574,-1,-1,-1
525,4,1717.24,461.49,70.64,205.84,0.4629,-1,-1,-1
525,65,1751.09,643.26,87.70,218.97,0.3483,-1,-1,-1
525,58,1709.69,307.76,73.35,190.44,0.4013,-1,-1,-1
525,52,1767.66,212.32,60.11,170.04,0.4597,-1,-1,-1
526,3,1044.06,929.98,72.01,149.92,0.6021,-1,-1,-1
526,13,188.40,788.12,92.97,281.00,0.7714,-1,-1,-1
526,45,1049.00,743.97,74.41,217.10,0.5205,-1,-1,-1
526,51,260.82,824.72,88.22,254.91,0.8044,-1,-1,-1
526,30,959.69,719.63,76.52,245.35,0.4979,-1,-1,-1
526,2,826.84,606.71,66.63,254.67,0.6678,-1,-1,-1
526,4,1715.11,460.69,73.39,206.09,0.4467,-1,-1,-1
526,58,1707.27,306.24,73.54,188.86,0.3913,-1,-1,-1
526,52,1767.91,212.04,61.85,177.24,0.4270,-1,-1,-1
527,3,1043.59,927.84,71.90,152.16,0.6514,-1,-1,-1
527,13,188.59,789.13,92.80,283.05,0.7836,-1,-1,-1
527,45,1051.60,744.63,74.89,205.42,0.5252,-1,-1,-1
527,51,259.46,827.14,89.05,252.36,0.7869,-1,-1,-1
527,30,959.84,722.72,76.77,244.02,0.4360,-1,-1,-1
527,2,826.52,606.07,66.77,252.92,0.6680,-1,-1,-1
527,4,1714.71,460.56,74.51,206.06,0.4663,-1,-1,-1
527,58,1703.83,305.53,75.61,187.57,0.4029,-1,-1,-1
527,52,1767.43,213.66,64.21,176.72,0.4472,-1,-1,-1
527,44,778.25,140.58,56.17,179.67,0.3455,-1,-1,-1
528,3,1043.43,924.73,70.58,155.29,0.6971,-1,-1,-1
528,13,189.05,790.64,90.42,282.99,0.7786,-1,-1,-1
528,45,1053.58,745.44,75.40,199.42,0.5259,-1,-1,-1
528,51,257.64,828.57,90.11,250.61,0.7950,-1,-1,-1
528,30,961.97,725.72,75.61,184.14,0.4188,-1,-1,-1
528,2,826.22,605.55,66.98,252.59,0.6926,-1,-1,-1
528,4,1714.52,460.23,76.46,206.56,0.5019,-1,-1,-1
528,58,1700.84,305.40,76.61,186.54,0.4187,-1,-1,-1
528,52,1768.24,214.78,65.49,170.90,0.5166,-1,-1,-1
528,44,777.78,140.56,56.01,179.68,0.3187,-1,-1,-1
529,3,1042.12,924.79,70.93,155.21,0.7088,-1,-1,-1
529,13,190.31,791.92,88.37,282.14,0.7743,-1,-1,-1
529,45,1055.75,746.17,75.40,201.32,0.5672,-1,-1,-1
529,51,256.90,829.62,89.60,248.55,0.7873,-1,-1,-1
529,30,963.86,728.52,76.75,237.89,0.4716,-1,-1,-1
529,2,825.65,605.50,67.28,252.12,0.7107,-1,-1,-1
529,4,1714.55,460.38,77.45,206.68,0.5138,-1,-1,-1
529,58,1697.43,305.25,78.52,186.49,0.3176,-1,-1,-1
529,52,1767.65,213.88,67.14,173.83,0.5195,-1,-1,-1
529,44,774.73,141.81,60.08,178.96,0.3109,-1,-1,-1
529,49,466.48,125.76,57.68,181.49,0.3412,-1,-1,-1
530,3,1040.69,926.45,71.84,153.51,0.6416,-1,-1,-1
530,13,190.96,793.04,87.50,281.61,0.7637,-1,-1,-1
530,45,1056.45,747.79,76.40,199.48,0.5644,-1,-1,-1
530,51,256.12,831.55,90.16,246.36,0.7871,-1,-1,-1
530,30,965.08,731.50,77.39,248.07,0.6288,-1,-1,-1
530,2,824.20,604.94,67.15,251.93,0.7131,-1,-1,-1
530,4,1714.50,459.59,77.63,208.08,0.5285,-1,-1,-1
530,58,1695.36,306.40,78.54,183.08,0.3620,-1,-1,-1
530,52,1766.57,214.05,69.29,174.38,0.5135,-1,-1,-1
530,64,387.50,200.94,60.82,189.60,0.3470,-1,-1,-1
531,3,1039.67,928.82,72.03,151.12,0.6540,-1,-1,-1
531,13,191.43,794.72,86.98,280.09,0.7521,-1,-1,-1
531,45,1058.24,749.23,75.77,204.50,0.5973,-1,-1,-1
531,51,256.21,832.91,89.65,245.25,0.7844,-1,-1,-1
531,30,966.04,733.08,77.83,252.32,0.6366,-1,-1,-1
531,2,821.98,604.14,68.05,252.72,0.7079,-1,-1,-1
531,4,1714.82,460.29,77.26,207.27,0.5389,-1,-1,-1
531,58,1694.62,305.70,77.58,182.98,0.3705,-1,-1,-1
531,52,1765.25,214.50,71.10,173.89,0.5200,-1,-1,-1
531,64,378.20,198.13,69.62,193.73,0.4177,-1,-1,-1
532,3,1039.58,934.40,71.50,145.53,0.6097,-1,-1,-1
532,13,191.65,796.50,86.89,277.29,0.7768,-1,-1,-1
532,45,1058.84,750.62,76.32,208.64,0.6405,-1,-1,-1
532,51,256.34,833.94,89.59,244.54,0.7899,-1,-1,-1
532,30,966.96,735.80,81.33,254.37,0.6743,-1,-1,-1
532,2,819.08,603.28,69.41,251.80,0.7099,-1,-1,-1
532,4,1714.31,459.89,76.34,210.25,0.6018,-1,-1,-1
532,58,1695.64,305.00,75.73,184.59,0.3386,-1,-1,-1
532,52,1764.68,215.37,72.97,174.56,0.5165,-1,-1,-1
532,64,376.67,195.90,71.31,195.26,0.4117,-1,-1,-1
533,3,1039.21,942.32,71.39,137.62,0.5311,-1,-1,-1
533,13,190.71,797.97,89.12,274.96,0.7658,-1,-1,-1
533,45,1060.31,752.98,76.78,210.15,0.6015,-1,-1,-1
533,51,256.23,835.24,89.48,243.74,0.7916,-1,-1,-1
533,30,968.43,738.68,84.62,251.26,0.6902,-1,-1,-1
533,2,814.86,602.63,69.84,253.59,0.7122,-1,-1,-1
533,4,1714.24,458.93,75.54,211.11,0.6038,-1,-1,-1
533,58,1697.01,304.80,72.66,184.39,0.3674,-1,-1,-1
533,52,1765.18,217.90,73.26,173.11,0.4868,-1,-1,-1
533,64,376.19,196.25,71.52,195.65,0.3674,-1,-1,-1
534,3,1038.19,947.37,72.20,132.60,0.4488,-1,-1,-1
534,13,190.00,799.47,91.18,271.71,0.7755,-1,-1,-1
534,45,1063.21,754.91,74.65,213.51,0.5560,-1,-1,-1
534,51,256.30,836.55,89.93,242.09,0.7829,-1,-1,-1
534,30,968.02,740.64,87.64,249.78,0.6799,-1,-1,-1
534,2,810.73,601.53,70.65,255.90,0.7300,-1,-1,-1
534,4,1713.38,458.83,76.38,210.89,0.5888,-1,-1,-1
534,58,1696.17,303.61,71.81,184.61,0.4167,-1,-1,-1
534,52,1765.75,219.62,74.17,171.46,0.5252,-1,-1,-1
534,64,379.94,197.91,68.84,193.52,0.3665,-1,-1,-1
534,49,467.28,122.99,56.82,175.13,0.3688,-1,-1,-1
535,13,189.56,799.92,93.55,271.62,0.7963,-1,-1,-1
535,45,1062.02,757.30,77.10,222.98,0.4514,-1,-1,-1
535,51,256.47,837.59,90.28,240.48,0.7887,-1,-1,-1
535,30,968.65,742.87,88.29,248.17,0.6599,-1,-1,-1
535,2,806.07,600.20,72.52,255.14,0.7457,-1,-1,-1
535,4,1713.66,457.59,75.65,212.45,0.6176,-1,-1,-1
535,58,1694.57,300.77,72.66,186.68,0.3237,-1,-1,-1
535,52,1766.04,221.77,73.80,169.66,0.4699,-1,-1,-1
535,64,384.93,200.52,65.21,190.15,0.4037,-1,-1,-1
536,13,189.79,800.66,94.05,273.98,0.8008,-1,-1,-1
536,45,1062.39,760.63,77.66,222.33,0.4686,-1,-1,-1
536,51,256.93,838.83,89.14,239.36,0.7894,-1,-1,-1
536,30,971.79,743.49,87.32,250.98,0.6402,-1,-1,-1
536,2,802.99,599.72,73.11,254.07,0.7305,-1,-1,-1
536,4,1714.16,458.43,75.32,211.14,0.6237,-1,-1,-1
536,58,1693.88,300.00,72.17,187.18,0.3111,-1,-1,-1
536,52,1765.89,222.97,73.85,168.37,0.5121,-1,-1,-1
536,64,388.30,199.81,62.99,190.95,0.3940,-1,-1,-1
537,13,190.97,801.59,93.30,276.93,0.7857,-1,-1,-1
537,45,1064.43,762.66,76.35,226.30,0.5254,-1,-1,-1
537,51,257.25,840.90,87.66,237.75,0.7763,-1,-1,-1
537,30,972.68,745.76,89.29,249.37,0.6561,-1,-1,-1
537,2,798.84,599.68,75.75,254.99,0.7274,-1,-1,-1
537,4,1715.27,459.71,74.49,210.37,0.6184,-1,-1,-1
537,52,1767.28,223.66,73.36,167.82,0.5019,-1,-1,-1
537,64,389.22,200.22,62.45,190.15,0.4261,-1,-1,-1
537,67,142.02,309.57,90.95,189.59,0.4440,-1,-1,-1
538,13,192.27,802.98,92.45,277.06,0.7956,-1,-1,-1
538,45,1063.13,764.85,77.86,226.39,0.5723,-1,-1,-1
538,51,256.41,843.72,87.73,235.78,0.7830,-1,-1,-1
538,30,974.54,747.65,90.17,247.01,0.6989,-1,-1,-1
538,2,796.96,600.01,77.30,254.61,0.7362,-1,-1,-1
538,4,1716.47,460.49,73.07,209.35,0.6259,-1,-1,-1
538,52,1770.31,223.92,69.57,167.40,0.5207,-1,-1,-1
538,64,389.96,197.22,61.65,193.65,0.3624,-1,-1,-1
538,67,144.10,309.60,90.43,188.82,0.3817,-1,-1,-1
538,58,1690.54,296.72,69.18,189.97,0.3831,-1,-1,-1
539,13,193.00,804.68,92.06,275.84,0.7848,-1,-1,-1
539,45,1061.46,767.25,80.62,228.02,0.6095,-1,-1,-1
539,51,254.80,846.34,88.30,233.49,0.7834,-1,-1,-1
539,30,975.78,748.96,89.85,245.25,0.7038,-1,-1,-1
539,2,794.84,599.81,77.87,254.93,0.7297,-1,-1,-1
539,4,1716.23,460.37,73.44,209.14,0.6110,-1,-1,-1
539,52,1773.69,224.73,66.09,166.55,0.4939,-1,-1,-1
539,64,390.10,192.83,61.09,198.75,0.4182,-1,-1,-1
539,58,1688.64,294.36,70.63,193.67,0.3624,-1,-1,-1
539,3,1029.75,941.16,80.34,139.11,0.5008,-1,-1,-1
540,13,193.05,806.12,92.06,273.98,0.7671,-1,-1,-1
540,45,1061.99,769.31,81.29,223.24,0.5426,-1,-1,-1
540,51,254.11,848.71,87.41,230.10,0.7685,-1,-1,-1
540,30,977.61,749.46,89.60,243.43,0.6745,-1,-1,-1
540,2,792.53,599.66,79.10,254.40,0.7462,-1,-1,-1
540,4,1716.16,459.63,73.49,209.82,0.6306,-1,-1,-1
540,52,1775.13,225.19,64.26,166.44,0.4509,-1,-1,-1
540,64,390.74,188.23,59.77,203.62,0.4420,-1,-1,-1
540,58,1685.11,291.61,71.58,196.04,0.4186,-1,-1,-1
540,3,1029.07,943.25,80.86,137.02,0.3970,-1,-1,-1
541,13,195.63,808.80,90.47,271.44,0.7777,-1,-1,-1
541,45,1056.72,770.30,86.74,223.35,0.6325,-1,-1,-1
541,51,254.41,850.56,86.82,228.36,0.7680,-1,-1,-1
541,30,981.16,751.03,86.65,239.79,0.6863,-1,-1,-1
541,2,791.64,599.74,79.05,252.58,0.7224,-1,-1,-1
541,4,1716.32,458.95,73.33,209.90,0.6412,-1,-1,-1
541,52,1776.40,225.77,63.38,166.30,0.4483,-1,-1,-1
541,64,390.37,187.27,59.86,206.31,0.4692,-1,-1,-1
541,58,1679.86,288.72,74.99,198.13,0.4099,-1,-1,-1
541,3,1027.65,940.55,82.22,139.73,0.5404,-1,-1,-1
542,13,199.35,810.55,87.68,269.88,0.7557,-1,-1,-1
542,45,1064.90,771.63,79.78,224.01,0.5655,-1,-1,-1
542,51,255.69,852.68,84.75,226.73,0.7469,-1,-1,-1
542,30,984.86,751.48,82.54,239.47,0.6710,-1,-1,-1
542,2,790.20,599.21,78.80,252.09,0.7132,-1,-1,-1
542,4,1715.97,458.16,73.64,210.67,0.5984,-1,-1,-1
542,52,1777.65,227.09,62.60,165.26,0.4327,-1,-1,-1
542,64,390.78,189.41,58.21,205.35,0.3987,-1,-1,-1
542,58,1676.39,285.38,78.38,201.36,0.4371,-1,-1,-1
542,3,1029.71,946.37,79.44,133.90,0.3613,-1,-1,-1
543,13,202.38,811.88,86.01,268.61,0.7123,-1,-1,-1
543,45,1069.09,772.58,76.77,227.39,0.5949,-1,-1,-1
543,51,256.12,856.69,82.80,223.11,0.7136,-1,-1,-1
543,30,988.20,753.16,81.46,233.65,0.6377,-1,-1,-1
543,2,788.03,599.14,80.27,251.66,0.7077,-1,-1,-1
543,4,1715.12,457.09,74.83,211.68,0.5699,-1,-1,-1
543,52,1779.45,227.59,61.61,165.73,0.4199,-1,-1,-1
543,64,390.85,202.93,56.21,193.36,0.3006,-1,-1,-1
543,58,1672.66,283.82,81.62,202.58,0.4385,-1,-1,-1
543,3,1029.67,945.81,79.18,134.46,0.4403,-1,-1,-1
544,13,205.52,813.12,84.37,267.29,0.7178,-1,-1,-1
544,45,1070.89,773.14,76.84,227.40,0.5996,-1,-1,-1
544,51,256.11,861.47,82.36,217.70,0.6976,-1,-1,-1
544,30,988.21,755.17,84.49,227.88,0.6524,-1,-1,-1
544,2,784.68,598.86,82.36,252.12,0.7251,-1,-1,-1
544,4,1714.42,456.92,75.60,212.11,0.5608,-1,-1,-1
544,52,1780.54,228.07,61.04,166.11,0.4219,-1,-1,-1
544,64,390.88,202.22,56.37,194.69,0.3186,-1,-1,-1
544,58,1669.70,283.19,84.39,202.84,0.4205,-1,-1,-1
544,3,1027.95,944.58,80.96,135.62,0.4525,-1,-1,-1
545,13,207.98,814.73,82.81,265.69,0.6978,-1,-1,-1
545,45,1070.60,775.53,78.68,226.11,0.5953,-1,-1,-1
545,51,254.17,865.47,83.36,213.64,0.7242,-1,-1,-1
545,30,990.97,756.93,83.37,225.47,0.6540,-1,-1,-1
545,2,777.95,598.46,88.05,253.05,0.7364,-1,-1,-1
545,4,1713.69,457.88,75.98,209.87,0.6114,-1,-1,-1
545,52,1783.44,227.96,59.34,169.15,0.4187,-1,-1,-1
545,64,390.92,209.55,56.27,189.77,0.3657,-1,-1,-1
545,58,1666.46,282.81,86.84,203.47,0.3899,-1,-1,-1
545,3,1021.09,943.14,87.25,137.06,0.5469,-1,-1,-1
545,44,777.22,87.29,72.67,233.72,0.3533,-1,-1,-1
546,13,209.69,815.84,82.44,264.49,0.6788,-1,-1,-1
546,45,1072.49,776.93,78.64,227.60,0.6101,-1,-1,-1
546,51,252.50,868.56,83.46,210.97,0.7188,-1,-1,-1
546,30,992.62,759.22,84.21,225.34,0.6304,-1,-1,-1
546,2,772.44,598.32,92.05,253.04,0.7461,-1,-1,-1
546,4,1711.86,457.55,78.02,210.83,0.6235,-1,-1,-1
546,52,1786.40,229.36,57.38,170.13,0.3927,-1,-1,-1
546,58,1665.61,283.31,87.34,202.18,0.3893,-1,-1,-1
546,3,1020.70,942.84,86.82,137.33,0.5612,-1,-1,-1
546,44,778.61,84.80,71.98,235.48,0.4338,-1,-1,-1
547,13,211.15,817.33,82.53,262.97,0.6817,-1,-1,-1
547,45,1074.16,779.04,78.55,229.74,0.6291,-1,-1,-1
547,51,251.93,872.15,83.73,207.75,0.6903,-1,-1,-1
547,30,994.87,761.54,85.21,220.60,0.6357,-1,-1,-1
547,2,770.48,597.95,93.32,254.63,0.7605,-1,-1,-1
547,4,1711.66,457.15,81.76,211.19,0.5921,-1,-1,-1
547,52,1788.25,231.35,57.91,171.37,0.3923,-1,-1,-1
547,58,1661.43,284.39,90.46,198.97,0.3394,-1,-1,-1
547,3,1024.82,944.10,82.53,136.06,0.5319,-1,-1,-1
547,44,778.68,84.07,72.52,236.28,0.4511,-1,-1,-1
548,13,212.61,818.59,81.55,261.71,0.6488,-1,-1,-1
548,45,1069.67,781.34,85.28,235.71,0.6415,-1,-1,-1
548,51,251.83,875.25,81.66,204.82,0.6880,-1,-1,-1
548,30,994.88,765.11,86.61,217.25,0.6599,-1,-1,-1
548,2,768.87,598.00,94.20,255.62,0.7462,-1,-1,-1
548,4,1714.68,458.21,76.88,210.90,0.5886,-1,-1,-1
548,52,1789.22,234.33,59.79,173.09,0.4258,-1,-1,-1
548,58,1659.89,284.81,92.03,197.25,0.3616,-1,-1,-1
548,3,1025.72,940.29,81.33,139.88,0.5494,-1,-1,-1
548,44,779.11,82.96,72.44,238.62,0.4320,-1,-1,-1
548,64,384.90,217.77,61.26,188.09,0.3723,-1,-1,-1
549,13,213.77,820.00,81.63,260.24,0.5254,-1,-1,-1
549,45,1069.02,783.31,86.92,241.45,0.6419,-1,-1,-1
549,51,249.88,874.67,81.13,205.41,0.6309,-1,-1,-1
549,30,996.83,768.17,84.34,212.59,0.5850,-1,-1,-1
549,2,768.41,598.78,93.90,254.71,0.7488,-1,-1,-1
549,4,1719.20,458.88,71.25,209.35,0.6295,-1,-1,-1
549,52,1790.40,236.32,61.11,174.25,0.3902,-1,-1,-1
549,58,1658.59,284.52,94.29,198.19,0.3832,-1,-1,-1
549,3,1024.60,936.31,82.45,143.82,0.5255,-1,-1,-1
549,44,779.60,83.28,71.58,237.76,0.4413,-1,-1,-1
549,64,385.98,224.01,58.29,183.87,0.4233,-1,-1,-1
550,13,215.11,821.87,82.30,258.36,0.4100,-1,-1,-1
550,45,1068.47,786.33,88.93,244.21,0.5967,-1,-1,-1
550,51,247.63,874.75,81.16,205.36,0.5721,-1,-1,-1
550,30,999.03,772.25,81.07,201.27,0.5128,-1,-1,-1
550,2,766.86,599.58,94.69,253.44,0.7335,-1,-1,-1
550,4,1718.91,458.63,71.27,209.76,0.6131,-1,-1,-1
550,52,1793.34,236.41,59.51,175.20,0.4180,-1,-1,-1
550,58,1658.04,283.86,94.39,197.56,0.4002,-1,-1,-1
550,3,1023.84,935.07,82.62,145.06,0.5165,-1,-1,-1
550,44,781.50,83.70,70.68,237.63,0.4438,-1,-1,-1
550,64,384.07,228.24,60.04,179.71,0.3811,-1,-1,-1
551,13,217.33,823.43,84.47,256.71,0.3523,-1,-1,-1
551,45,1073.76,789.49,86.84,242.92,0.5681,-1,-1,-1
551,51,241.66,874.94,86.57,205.11,0.5715,-1,-1,-1
551,30,1002.23,773.52,79.39,190.50,0.4895,-1,-1,-1
551,2,766.17,598.83,93.75,254.66,0.7295,-1,-1,-1
551,4,1720.54,459.06,69.39,209.30,0.6051,-1,-1,-1
551,52,1795.57,236.40,58.55,175.96,0.4389,-1,-1,-1
551,58,1658.99,282.34,93.45,201.36,0.4083,-1,-1,-1
551,3,1020.32,935.85,85.50,144.24,0.5713,-1,-1,-1
551,44,781.97,83.72,70.76,237.78,0.4775,-1,-1,-1
551,64,381.87,227.00,62.05,181.31,0.4695,-1,-1,-1
552,13,228.54,858.03,90.83,222.05,0.6563,-1,-1,-1
552,45,1073.63,792.59,90.12,241.83,0.5720,-1,-1,-1
552,51,235.94,875.41,91.62,204.60,0.6563,-1,-1,-1
552,30,1006.55,775.56,77.03,178.69,0.4712,-1,-1,-1
552,2,765.78,598.15,92.92,254.31,0.7420,-1,-1,-1
552,4,1723.42,458.58,66.13,208.78,0.6062,-1,-1,-1
552,52,1797.07,236.97,57.94,176.59,0.3951,-1,-1,-1
552,58,1660.35,281.09,90.33,207.86,0.3966,-1,-1,-1
552,3,1014.64,934.60,90.00,145.43,0.5270,-1,-1,-1
552,44,783.85,82.90,70.59,238.52,0.4573,-1,-1,-1
552,64,380.40,226.49,63.86,181.77,0.4154,-1,-1,-1
553,13,233.27,871.93,91.61,208.14,0.6737,-1,-1,-1
553,45,1073.30,794.93,94.19,243.42,0.5789,-1,-1,-1
553,51,234.31,876.08,91.97,203.94,0.6737,-1,-1,-1
553,30,1010.00,777.88,74.17,167.78,0.5104,-1,-1,-1
553,2,765.51,596.48,92.46,254.41,0.7524,-1,-1,-1
553,4,1722.88,458.75,66.50,208.25,0.5768,-1,-1,-1
553,52,1799.00,237.24,57.76,176.23,0.3755,-1,-1,-1
553,58,1660.69,279.18,89.86,216.61,0.3751,-1,-1,-1
553,3,1001.84,929.99,102.94,149.92,0.5364,-1,-1,-1
553,44,785.70,83.66,70.98,236.37,0.4183,-1,-1,-1
553,64,379.88,224.26,64.84,183.48,0.4120,-1,-1,-1
554,13,233.56,846.62,94.13,233.48,0.6351,-1,-1,-1
554,45,1079.34,797.17,92.20,242.99,0.5158,-1,-1,-1
554,51,232.29,847.88,94.31,232.16,0.6351,-1,-1,-1
554,30,1010.21,781.08,72.22,165.84,0.3104,-1,-1,-1
554,2,765.68,595.84,89.74,252.44,0.7511,-1,-1,-1
554,4,1722.88,458.98,66.49,207.88,0.5985,-1,-1,-1
554,52,1802.43,236.90,56.41,176.17,0.3026,-1,-1,-1
554,58,1662.45,277.08,85.59,210.50,0.4109,-1,-1,-1
554,44,787.81,84.33,71.41,234.84,0.4258,-1,-1,-1
554,64,377.85,221.27,66.48,185.84,0.5271,-1,-1,-1
555,13,233.94,839.30,96.03,240.81,0.7003,-1,-1,-1
555,45,1085.30,799.05,87.90,240.30,0.6162,-1,-1,-1
555,51,231.93,838.68,96.13,241.39,0.7003,-1,-1,-1
555,30,1013.00,783.53,70.70,158.28,0.3537,-1,-1,-1
555,2,764.61,595.80,89.17,251.49,0.7344,-1,-1,-1
555,4,1723.09,457.71,66.13,208.96,0.6001,-1,-1,-1
555,58,1666.14,275.81,80.93,201.43,0.4645,-1,-1,-1
555,44,787.66,83.97,73.64,235.15,0.3998,-1,-1,-1
555,64,376.81,219.19,66.48,188.08,0.5312,-1,-1,-1
556,13,236.94,864.45,93.72,215.45,0.6131,-1,-1,-1
556,45,1092.90,799.76,83.66,239.51,0.5739,-1,-1,-1
556,51,234.79,862.49,93.79,217.38,0.6131,-1,-1,-1
556,30,1015.51,784.93,70.59,175.70,0.3027,-1,-1,-1
556,2,762.99,594.30,88.16,250.55,0.7562,-1,-1,-1
556,4,1723.47,456.46,65.16,208.26,0.6181,-1,-1,-1
556,58,1666.79,274.03,77.51,196.37,0.4873,-1,-1,-1
556,44,787.99,84.92,74.55,233.70,0.4121,-1,-1,-1
556,64,376.99,220.10,66.31,189.22,0.5016,-1,-1,-1
556,3,1011.58,807.24,95.88,272.47,0.4625,-1,-1,-1
557,13,239.13,846.69,94.71,233.34,0.7365,-1,-1,-1
557,45,1099.44,800.99,79.99,236.95,0.5541,-1,-1,-1
557,51,237.13,845.36,94.76,234.64,0.7365,-1,-1,-1
557,30,1014.14,786.23,83.62,251.19,0.4499,-1,-1,-1
557,2,760.90,593.79,87.35,247.98,0.7159,-1,-1,-1
557,4,1724.32,457.36,66.47,207.24,0.6170,-1,-1,-1
557,58,1667.94,273.45,77.90,194.93,0.5163,-1,-1,-1
557,44,789.41,84.49,73.15,233.71,0.4474,-1,-1,-1
557,64,375.76,222.15,67.50,187.32,0.5111,-1,-1,-1
557,3,1012.06,790.08,91.87,288.67,0.4499,-1,-1,-1
557,52,1806.34,237.54,61.15,174.09,0.3461,-1,-1,-1
558,13,240.14,841.25,97.73,238.75,0.7190,-1,-1,-1
558,45,1102.04,801.12,80.13,235.07,0.6041,-1,-1,-1
558,51,238.30,839.88,97.77,240.08,0.7190,-1,-1,-1
558,30,1014.05,786.58,87.57,278.90,0.5358,-1,-1,-1
558,2,757.91,593.83,87.17,245.07,0.7109,-1,-1,-1
558,4,1722.18,456.30,66.86,209.05,0.6835,-1,-1,-1
558,58,1668.72,271.74,76.13,193.88,0.5492,-1,-1,-1
558,44,791.17,83.89,71.68,234.98,0.4338,-1,-1,-1
558,64,375.45,223.00,67.73,187.70,0.5429,-1,-1,-1
558,3,1012.59,782.40,89.92,296.26,0.5358,-1,-1,-1
558,52,1810.09,237.38,61.88,174.77,0.3606,-1,-1,-1
559,13,240.62,872.76,96.82,207.27,0.7282,-1,-1,-1
559,45,1102.52,801.92,83.09,234.06,0.6068,-1,-1,-1
559,51,238.93,871.05,96.86,208.94,0.7282,-1,-1,-1
559,30,1017.66,786.73,79.95,233.52,0.4999,-1,-1,-1
559,2,755.22,593.41,84.01,243.20,0.6848,-1,-1,-1
559,4,1724.31,457.58,65.62,206.50,0.6567,-1,-1,-1
559,58,1669.35,271.48,75.02,193.80,0.5372,-1,-1,-1
559,44,792.05,82.88,70.18,236.74,0.3929,-1,-1,-1
559,64,374.97,224.97,67.89,187.27,0.5571,-1,-1,-1
559,3,1016.72,779.79,79.54,240.24,0.4999,-1,-1,-1
559,52,1813.58,237.37,61.15,174.55,0.3662,-1,-1,-1
560,13,241.16,886.56,94.91,193.48,0.7417,-1,-1,-1
560,45,1103.43,802.40,84.15,232.98,0.5581,-1,-1,-1
560,51,239.67,885.11,94.94,194.91,0.7417,-1,-1,-1
560,30,1018.90,787.10,80.07,211.66,0.5257,-1,-1,-1
560,2,752.62,591.47,80.94,243.89,0.6902,-1,-1,-1
560,4,1725.52,458.46,64.87,203.66,0.6607,-1,-1,-1
560,58,1668.44,270.89,74.71,192.94,0.5489,-1,-1,-1
560,44,793.82,90.05,67.44,229.01,0.4046,-1,-1,-1
560,64,373.82,225.72,67.59,188.69,0.5476,-1,-1,-1
560,3,1018.19,780.55,79.20,214.58,0.5257,-1,-1,-1
560,52,1816.76,237.45,59.55,175.51,0.3580,-1,-1,-1
561,13,243.10,893.90,92.63,186.06,0.6748,-1,-1,-1
561,45,1105.01,803.27,83.16,232.47,0.5990,-1,-1,-1
561,51,241.79,892.68,92.66,187.26,0.6748,-1,-1,-1
561,30,1019.22,788.08,79.34,204.18,0.4826,-1,-1,-1
561,2,749.91,590.93,76.04,242.37,0.6932,-1,-1,-1
561,4,1724.82,458.25,63.87,203.32,0.6692,-1,-1,-1
561,58,1667.15,270.79,75.12,192.72,0.5644,-1,-1,-1
561,44,794.78,83.96,66.46,234.78,0.4365,-1,-1,-1
561,64,373.50,227.61,67.32,188.17,0.5728,-1,-1,-1
561,3,1018.57,781.97,78.33,205.89,0.4826,-1,-1,-1
561,52,1818.54,237.82,60.66,176.65,0.3352,-1,-1,-1
561,49,462.45,92.83,56.95,174.57,0.3462,-1,-1,-1
562,13,244.63,898.68,92.19,180.90,0.6623,-1,-1,-1
562,45,1105.87,805.17,85.25,234.13,0.6008,-1,-1,-1
562,51,243.49,897.66,92.21,181.91,0.6623,-1,-1,-1
562,30,1018.66,790.67,80.67,200.21,0.6257,-1,-1,-1
562,2,747.38,592.31,72.42,237.68,0.6951,-1,-1,-1
562,4,1723.62,457.29,63.75,205.37,0.6457,-1,-1,-1
562,58,1664.74,270.44,76.43,192.13,0.5677,-1,-1,-1
562,44,794.47,80.32,67.06,237.82,0.4263,-1,-1,-1
562,64,373.20,230.31,67.76,186.91,0.5958,-1,-1,-1
562,3,1018.05,784.96,79.75,201.47,0.6257,-1,-1,-1
562,52,1820.28,238.14,61.90,179.14,0.3342,-1,-1,-1
563,13,260.34,860.76,86.86,213.37,0.5089,-1,-1,-1
563,45,1106.71,808.53,87.58,235.94,0.5827,-1,-1,-1
563,51,244.65,901.95,85.56,177.77,0.6873,-1,-1,-1
563,30,1018.14,793.09,83.90,216.55,0.5468,-1,-1,-1
563,2,742.16,591.16,74.08,239.93,0.7023,-1,-1,-1
563,4,1721.71,456.61,69.54,206.79,0.6362,-1,-1,-1
563,58,1663.58,270.21,75.90,189.86,0.5080,-1,-1,-1
563,44,795.38,79.05,66.50,239.40,0.3966,-1,-1,-1
563,64,374.45,233.48,67.05,185.43,0.5617,-1,-1,-1
563,3,1017.58,787.93,83.11,217.52,0.5468,-1,-1,-1
563,52,1820.68,241.09,62.61,177.78,0.3142,-1,-1,-1
563,69,989.54,936.61,106.08,142.33,0.5193,-1,-1,-1
564,13,266.96,849.00,86.67,224.11,0.5922,-1,-1,-1
564,45,1106.91,811.32,87.41,240.45,0.5645,-1,-1,-1
564,51,245.88,905.55,81.44,174.35,0.7043,-1,-1,-1
564,30,1019.95,795.96,82.92,241.17,0.5989,-1,-1,-1
564,2,736.66,590.01,76.86,241.67,0.6926,-1,-1,-1
564,4,1720.78,454.65,69.33,208.16,0.6452,-1,-1,-1
564,58,1663.29,269.53,74.91,189.07,0.5098,-1,-1,-1
564,44,796.13,77.37,67.06,241.53,0.4446,-1,-1,-1
564,64,374.79,234.48,66.54,188.29,0.6126,-1,-1,-1
564,3,1019.47,791.08,82.15,242.03,0.5989,-1,-1,-1
564,52,1822.02,242.41,65.32,178.76,0.3452,-1,-1,-1
564,69,986.90,936.10,109.11,142.67,0.5763,-1,-1,-1
565,13,269.50,844.99,90.25,229.61,0.5832,-1,-1,-1
565,45,1106.96,813.88,88.98,242.38,0.6163,-1,-1,-1
565,51,247.63,907.31,79.85,172.45,0.7141,-1,-1,-1
565,30,1020.12,798.05,85.83,259.82,0.6417,-1,-1,-1
565,2,733.50,589.37,78.35,242.11,0.6092,-1,-1,-1
565,4,1719.55,455.93,73.37,207.74,0.6391,-1,-1,-1
565,58,1664.05,268.78,73.49,189.58,0.4923,-1,-1,-1
565,44,796.81,75.98,67.70,243.57,0.4424,-1,-1,-1
565,64,375.13,235.75,65.14,190.35,0.6520,-1,-1,-1
565,3,1019.69,793.43,85.20,260.64,0.6417,-1,-1,-1
565,52,1823.50,244.69,66.66,177.05,0.3827,-1,-1,-1
565,69,985.11,936.62,107.96,141.70,0.4413,-1,-1,-1
566,13,271.15,845.03,95.99,232.01,0.6399,-1,-1,-1
566,45,1103.63,816.76,93.42,243.68,0.6226,-1,-1,-1
566,51,248.49,909.29,79.35,170.61,0.7456,-1,-1,-1
566,30,1021.48,800.77,86.09,266.68,0.5945,-1,-1,-1
566,2,732.78,590.10,76.98,240.88,0.6116,-1,-1,-1
566,4,1718.33,456.03,75.36,208.20,0.6350,-1,-1,-1
566,58,1666.32,269.29,69.74,184.46,0.5109,-1,-1,-1
566,44,797.36,75.80,68.02,243.46,0.4446,-1,-1,-1
566,64,375.30,235.73,64.27,191.41,0.6633,-1,-1,-1
566,3,1021.11,796.53,85.50,267.46,0.5945,-1,-1,-1
566,52,1824.91,246.47,67.61,173.41,0.4078,-1,-1,-1
566,69,984.39,933.72,105.30,145.23,0.5274,-1,-1,-1
567,13,271.64,846.23,101.80,232.54,0.6446,-1,-1,-1
567,45,1110.28,819.62,87.82,241.66,0.4847,-1,-1,-1
567,51,249.02,911.41,78.87,168.54,0.7539,-1,-1,-1
567,30,1025.27,804.53,83.51,263.59,0.4887,-1,-1,-1
567,2,730.22,590.34,77.84,242.00,0.5696,-1,-1,-1
567,4,1717.01,456.61,78.39,209.44,0.6463,-1,-1,-1
567,58,1667.86,269.73,66.18,181.91,0.5393,-1,-1,-1
567,44,796.72,76.36,69.60,242.82,0.4445,-1,-1,-1
567,64,374.96,236.51,63.85,191.60,0.6653,-1,-1,-1
567,3,1024.96,800.76,82.97,264.30,0.4887,-1,-1,-1
567,52,1825.76,248.75,67.87,171.36,0.4119,-1,-1,-1
567,69,984.73,931.91,101.92,146.68,0.6045,-1,-1,-1
568,13,272.64,847.55,105.51,231.63,0.6575,-1,-1,-1
568,45,1112.86,821.97,85.87,240.71,0.4960,-1,-1,-1
568,51,249.00,913.30,80.00,166.66,0.7605,-1,-1,-1
568,30,1026.95,808.13,83.80,263.11,0.4812,-1,-1,-1
568,2,729.51,589.35,76.92,243.67,0.6217,-1,-1,-1
568,4,1716.60,456.58,78.17,210.15,0.6965,-1,-1,-1
568,58,1668.92,270.13,63.00,181.66,0.5738,-1,-1,-1
568,44,795.65,75.66,71.99,243.65,0.4727,-1,-1,-1
568,64,375.25,237.74,63.71,190.82,0.6409,-1,-1,-1
568,3,1026.69,804.83,83.34,263.73,0.4812,-1,-1,-1
568,52,1825.87,251.36,67.86,171.18,0.3843,-1,-1,-1
568,69,984.96,932.74,99.99,144.90,0.3815,-1,-1,-1
568,70,1566.93,588.02,110.10,236.95,0.4046,-1,-1,-1
569,13,276.97,849.51,106.76,230.03,0.6480,-1,-1,-1
569,45,1115.19,824.90,84.02,240.11,0.4755,-1,-1,-1
569,51,249.06,914.84,80.56,165.16,0.7553,-1,-1,-1
569,30,1031.17,810.21,83.05,265.25,0.5718,-1,-1,-1
569,2,726.42,588.27,78.85,245.28,0.6255,-1,-1,-1
569,4,1715.73,457.16,78.83,209.90,0.6937,-1,-1,-1
569,58,1668.16,267.83,61.90,183.40,0.5477,-1,-1,-1
569,44,796.01,74.69,72.56,244.79,0.4433,-1,-1,-1
569,64,374.98,237.36,65.21,192.34,0.6382,-1,-1,-1
569,3,1030.95,807.29,82.64,265.80,0.5718,-1,-1,-1
569,52,1826.73,252.94,67.73,172.29,0.3846,-1,-1,-1
569,70,1569.32,594.01,109.46,231.90,0.4364,-1,-1,-1
570,13,280.26,851.17,108.30,228.69,0.6638,-1,-1,-1
570,45,1118.47,826.60,83.86,241.39,0.5841,-1,-1,-1
570,51,248.99,916.26,80.50,163.77,0.7440,-1,-1,-1
570,30,1033.77,812.16,82.18,266.41,0.6019,-1,-1,-1
570,2,724.22,586.85,80.17,248.19,0.6121,-1,-1,-1
570,4,1714.93,457.07,79.25,209.55,0.6843,-1,-1,-1
570,58,1667.22,266.36,61.52,182.23,0.5398,-1,-1,-1
570,44,795.54,73.05,73.92,246.86,0.4924,-1,-1,-1
570,64,375.15,237.49,65.76,192.70,0.6360,-1,-1,-1
570,3,1033.58,809.55,81.82,266.90,0.6019,-1,-1,-1
570,52,1827.11,254.20,68.76,173.48,0.3345,-1,-1,-1
570,70,1569.89,594.14,108.12,231.62,0.5573,-1,-1,-1
570,69,989.33,932.35,88.98,145.71,0.3424,-1,-1,-1
571,13,283.09,853.78,107.48,226.23,0.6721,-1,-1,-1
571,45,1125.82,828.65,78.05,242.38,0.6648,-1,-1,-1
571,51,247.98,918.89,80.99,161.17,0.7474,-1,-1,-1
571,30,1038.79,814.08,79.11,265.75,0.6702,-1,-1,-1
571,2,720.06,587.26,83.81,247.39,0.5525,-1,-1,-1
571,4,1714.68,456.08,80.53,209.46,0.6716,-1,-1,-1
571,58,1665.01,263.81,61.50,180.29,0.5539,-1,-1,-1
571,44,794.71,71.45,76.36,247.94,0.4730,-1,-1,-1
571,64,374.97,236.96,66.50,192.25,0.6212,-1,-1,-1
571,3,1038.63,811.75,78.78,266.19,0.6702,-1,-1,-1
571,70,1563.06,589.52,114.78,235.74,0.5822,-1,-1,-1
571,69,993.06,931.40,82.31,146.65,0.4004,-1,-1,-1
572,13,291.43,855.89,101.94,224.14,0.6897,-1,-1,-1
572,45,1124.86,830.01,79.33,241.84,0.6073,-1,-1,-1
572,51,248.83,919.61,81.51,160.27,0.7480,-1,-1,-1
572,30,1041.85,816.81,78.53,262.08,0.6373,-1,-1,-1
572,2,715.56,586.86,87.42,249.17,0.5177,-1,-1,-1
572,4,1714.71,457.19,80.65,208.59,0.6369,-1,-1,-1
572,58,1663.67,261.04,62.99,180.22,0.5111,-1,-1,-1
572,44,793.39,71.50,78.51,247.58,0.4477,-1,-1,-1
572,64,376.48,238.39,65.11,189.28,0.6144,-1,-1,-1
572,3,1041.71,814.74,78.26,262.47,0.6373,-1,-1,-1
572,70,1564.99,590.06,113.08,235.70,0.5144,-1,-1,-1
572,69,992.40,929.92,81.85,148.69,0.5683,-1,-1,-1
573,13,293.29,858.08,97.28,221.57,0.6913,-1,-1,-1
573,45,1125.36,831.68,78.94,244.27,0.6401,-1,-1,-1
573,51,247.71,924.24,82.47,155.76,0.7368,-1,-1,-1
573,30,1044.48,819.06,79.40,257.65,0.6230,-1,-1,-1
573,2,712.80,586.94,88.18,249.61,0.6433,-1,-1,-1
573,4,1714.68,457.04,81.69,209.84,0.6214,-1,-1,-1
573,58,1661.09,258.81,63.81,182.24,0.5203,-1,-1,-1
573,44,792.95,70.37,80.25,248.86,0.4695,-1,-1,-1
573,64,377.06,240.03,64.35,185.91,0.6200,-1,-1,-1
573,3,1044.36,817.25,79.16,257.99,0.6230,-1,-1,-1
573,70,1563.19,588.21,115.76,237.26,0.4860,-1,-1,-1
573,69,993.26,929.63,80.47,149.16,0.6001,-1,-1,-1
574,13,296.33,859.92,97.25,219.96,0.6987,-1,-1,-1
574,45,1125.48,832.62,80.10,244.90,0.6194,-1,-1,-1
574,51,247.90,927.72,82.58,152.29,0.7365,-1,-1,-1
574,30,1046.53,820.08,80.61,254.36,0.6010,-1,-1,-1
574,2,709.52,585.78,89.50,249.62,0.6973,-1,-1,-1
574,4,1715.46,457.53,81.02,208.55,0.6429,-1,-1,-1
574,58,1660.07,257.11,65.74,183.76,0.5341,-1,-1,-1
574,44,791.94,69.47,81.84,250.77,0.4648,-1,-1,-1
574,64,377.67,241.07,63.66,184.70,0.6426,-1,-1,-1
574,3,1046.41,818.49,80.40,254.65,0.6010,-1,-1,-1
574,70,1565.01,594.38,115.64,232.18,0.4310,-1,-1,-1
574,69,995.51,928.97,77.60,149.59,0.6000,-1,-1,-1
575,13,298.20,862.13,95.67,217.85,0.6977,-1,-1,-1
575,45,1123.24,834.37,86.02,244.34,0.6431,-1,-1,-1
575,51,248.87,926.83,81.33,153.18,0.7335,-1,-1,-1
575,30,1047.24,820.92,82.47,254.10,0.6199,-1,-1,-1
575,2,707.94,584.57,89.76,249.53,0.6841,-1,-1,-1
575,4,1715.57,456.77,80.82,208.65,0.6428,-1,-1,-1
575,58,1658.73,255.56,67.23,185.50,0.5477,-1,-1,-1
575,44,797.52,69.71,76.88,249.68,0.4354,-1,-1,-1
575,64,377.79,240.92,64.11,186.48,0.6438,-1,-1,-1
575,3,1047.14,819.53,82.29,254.35,0.6199,-1,-1,-1
575,70,1564.91,598.81,114.19,228.12,0.5406,-1,-1,-1
575,69,998.85,928.45,73.81,149.61,0.5780,-1,-1,-1
576,13,298.57,864.74,94.31,215.11,0.6981,-1,-1,-1
576,45,1124.22,835.45,88.42,242.78,0.5978,-1,-1,-1
576,51,249.01,929.58,81.51,150.37,0.7418,-1,-1,-1
576,30,1048.16,821.57,82.05,253.35,0.5828,-1,-1,-1
576,2,706.39,583.20,89.99,250.86,0.7062,-1,-1,-1
576,4,1715.87,456.72,81.25,209.52,0.6138,-1,-1,-1
576,58,1657.21,254.07,68.90,185.79,0.5612,-1,-1,-1
576,44,802.32,69.67,72.31,249.07,0.4033,-1,-1,-1
576,64,377.78,243.45,64.38,187.10,0.6619,-1,-1,-1
576,3,1048.07,820.34,81.89,253.58,0.5828,-1,-1,-1
576,70,1566.35,598.89,111.04,226.78,0.6099,-1,-1,-1
576,69,1003.80,927.88,67.06,149.59,0.4797,-1,-1,-1
577,13,298.83,868.76,96.55,210.95,0.6998,-1,-1,-1
577,45,1122.33,837.69,94.07,240.15,0.5126,-1,-1,-1
577,51,248.79,934.35,82.55,145.59,0.7432,-1,-1,-1
577,30,1049.78,823.19,80.97,250.46,0.5016,-1,-1,-1
577,2,704.51,581.29,89.80,249.64,0.7005,-1,-1,-1
577,4,1716.31,457.48,81.07,208.83,0.5880,-1,-1,-1
577,58,1655.45,252.00,70.84,187.17,0.5222,-1,-1,-1
577,44,804.75,69.97,70.53,248.15,0.4469,-1,-1,-1
577,64,378.37,246.56,63.80,187.33,0.6273,-1,-1,-1
577,3,1049.70,822.10,80.82,250.65,0.5016,-1,-1,-1
577,70,1564.51,600.19,112.70,226.28,0.5659,-1,-1,-1
577,69,1004.99,927.15,66.33,150.11,0.5718,-1,-1,-1
578,13,298.69,871.34,96.20,208.07,0.6970,-1,-1,-1
578,45,1125.24,839.69,86.05,238.57,0.4747,-1,-1,-1
578,51,248.92,939.58,82.44,140.41,0.7391,-1,-1,-1
578,30,1052.77,824.32,78.97,247.41,0.4853,-1,-1,-1
578,2,702.93,578.02,89.05,247.37,0.6775,-1,-1,-1
578,4,1716.46,458.23,80.89,209.27,0.5575,-1,-1,-1
578,58,1654.38,250.41,72.42,188.83,0.5596,-1,-1,-1
578,44,807.40,70.05,68.39,247.38,0.4341,-1,-1,-1
578,64,377.95,249.05,63.77,188.08,0.6461,-1,-1,-1
578,3,1052.70,823.37,78.84,247.58,0.4853,-1,-1,-1
578,70,1562.88,601.39,112.90,225.86,0.5775,-1,-1,-1
578,69,1005.64,926.60,67.99,150.67,0.5379,-1,-1,-1
579,13,298.56,873.38,95.96,205.51,0.6986,-1,-1,-1
579,45,1127.33,840.15,89.64,237.94,0.5749,-1,-1,-1
579,51,248.79,943.65,82.19,136.34,0.7279,-1,-1,-1
579,30,1053.51,826.15,81.33,248.19,0.4999,-1,-1,-1
579,2,702.45,575.81,84.93,236.77,0.5908,-1,-1,-1
579,4,1716.79,458.87,80.53,209.13,0.5637,-1,-1,-1
579,58,1651.12,248.68,76.46,191.65,0.5490,-1,-1,-1
579,44,808.57,69.35,67.16,248.09,0.4626,-1,-1,-1
579,64,377.88,250.46,63.64,187.97,0.6678,-1,-1,-1
579,3,1053.45,825.32,81.22,248.34,0.4999,-1,-1,-1
579,70,1562.87,602.04,113.05,225.26,0.6078,-1,-1,-1
579,69,1007.07,925.68,70.13,151.14,0.5378,-1,-1,-1
579,52,1841.91,256.12,62.93,173.74,0.3459,-1,-1,-1
580,13,296.81,874.54,96.29,205.05,0.7240,-1,-1,-1
580,45,1128.90,841.57,85.37,237.96,0.5564,-1,-1,-1
580,51,247.48,946.14,82.81,133.47,0.7220,-1,-1,-1
580,30,1055.21,828.32,80.76,247.11,0.4887,-1,-1,-1
580,2,702.83,575.12,80.76,245.23,0.5795,-1,-1,-1
580,4,1716.92,459.01,80.08,210.81,0.5831,-1,-1,-1
580,58,1649.14,248.10,78.33,191.20,0.5543,-1,-1,-1
580,44,807.80,67.83,67.67,250.01,0.4907,-1,-1,-1
580,64,377.70,252.43,63.34,187.37,0.6868,-1,-1,-1
580,3,1055.16,827.60,80.66,247.24,0.4887,-1,-1,-1
580,70,1561.64,602.24,114.89,225.35,0.6064,-1,-1,-1
580,69,1006.58,925.59,74.48,150.95,0.5670,-1,-1,-1
580,52,1844.16,256.12,64.53,175.41,0.3610,-1,-1,-1
581,13,295.43,875.87,98.62,203.94,0.7253,-1,-1,-1
581,45,1130.69,841.96,92.79,238.22,0.5224,-1,-1,-1
581,51,248.07,948.09,82.04,131.59,0.7270,-1,-1,-1
581,30,1057.97,831.05,80.78,243.51,0.5535,-1,-1,-1
581,2,702.94,573.91,76.13,248.33,0.6000,-1,-1,-1
581,4,1717.68,458.31,78.20,210.75,0.5733,-1,-1,-1
581,58,1647.73,246.78,78.84,191.44,0.4979,-1,-1,-1
581,44,807.79,68.05,67.17,249.46,0.4384,-1,-1,-1
581,64,377.20,254.64,63.63,185.53,0.6495,-1,-1,-1
581,3,1057.92,830.42,80.69,243.62,0.5535,-1,-1,-1
581,70,1561.84,601.68,114.90,225.67,0.5761,-1,-1,-1
581,69,1006.47,925.30,77.05,151.16,0.5918,-1,-1,-1
581,52,1847.41,255.69,62.63,179.00,0.3798,-1,-1,-1
582,13,296.33,877.51,100.00,202.49,0.7379,-1,-1,-1
582,45,1130.26,844.63,96.60,235.91,0.5294,-1,-1,-1
582,51,247.64,949.16,82.01,130.59,0.7115,-1,-1,-1
582,30,1060.46,834.43,80.00,237.55,0.5550,-1,-1,-1
582,2,702.79,571.80,73.51,242.69,0.4719,-1,-1,-1
582,4,1719.23,458.11,77.23,208.65,0.5333,-1,-1,-1
582,58,1646.58,246.50,79.29,191.73,0.4698,-1,-1,-1
582,44,808.04,67.23,66.78,250.18,0.4474,-1,-1,-1
582,64,376.36,255.82,64.25,186.07,0.6421,-1,-1,-1
582,3,1060.41,833.88,79.92,237.65,0.5550,-1,-1,-1
582,70,1562.86,602.95,113.98,223.98,0.5262,-1,-1,-1
582,69,1005.27,925.42,81.94,152.06,0.6060,-1,-1,-1
583,13,297.76,879.42,98.59,200.61,0.7513,-1,-1,-1
583,45,1138.00,845.86,91.92,234.75,0.6566,-1,-1,-1
583,51,246.76,949.70,82.25,130.19,0.7088,-1,-1,-1
583,30,1063.54,837.96,78.96,237.79,0.6572,-1,-1,-1
583,2,702.21,570.35,69.70,234.09,0.4284,-1,-1,-1
583,4,1719.78,457.82,76.48,208.63,0.5856,-1,-1,-1
583,58,1645.75,246.40,80.22,190.84,0.4968,-1,-1,-1
583,44,808.13,65.83,66.68,251.54,0.4598,-1,-1,-1
583,64,375.12,256.89,65.57,187.93,0.6739,-1,-1,-1
583,3,1063.51,837.49,78.89,237.88,0.6572,-1,-1,-1
583,70,1560.33,605.32,112.71,223.85,0.4246,-1,-1,-1
583,69,1005.26,926.00,80.64,152.11,0.5773,-1,-1,-1
583,52,1851.13,257.23,63.64,181.92,0.3632,-1,-1,-1
584,13,299.31,881.15,96.93,198.87,0.7555,-1,-1,-1
584,45,1139.52,847.99,91.37,232.61,0.6701,-1,-1,-1
584,51,246.00,950.46,81.72,129.50,0.7005,-1,-1,-1
584,30,1062.40,841.42,81.49,237.71,0.6877,-1,-1,-1
584,4,1718.88,455.14,78.27,211.57,0.6184,-1,-1,-1
584,58,1645.25,246.73,80.44,189.40,0.5106,-1,-1,-1
584,44,809.82,66.27,64.98,250.90,0.4434,-1,-1,-1
584,64,373.44,257.64,66.41,189.44,0.6968,-1,-1,-1
584,3,1062.37,841.00,81.43,237.78,0.6877,-1,-1,-1
584,70,1560.92,603.58,112.41,224.41,0.5065,-1,-1,-1
584,69,1004.56,926.20,69.75,152.27,0.5637,-1,-1,-1
585,13,299.86,883.17,95.90,196.92,0.7540,-1,-1,-1
585,45,1140.83,851.14,90.58,229.43,0.7216,-1,-1,-1
585,51,245.79,951.58,81.45,128.29,0.7086,-1,-1,-1
585,30,1062.43,843.91,80.08,236.09,0.7316,-1,-1,-1
585,4,1719.76,456.06,76.60,209.06,0.6331,-1,-1,-1
585,58,1644.16,246.89,82.27,188.40,0.5317,-1,-1,-1
585,44,809.30,67.60,65.33,249.87,0.4724,-1,-1,-1
585,64,372.49,258.28,66.49,189.24,0.7123,-1,-1,-1
585,3,1062.40,843.54,80.03,236.16,0.7316,-1,-1,-1
585,70,1559.81,605.61,112.20,223.96,0.4350,-1,-1,-1
585,69,1003.77,927.02,65.58,151.12,0.5902,-1,-1,-1
586,13,300.98,885.81,94.78,194.27,0.7595,-1,-1,-1
586,45,1144.53,854.22,89.17,226.27,0.6960,-1,-1,-1
586,51,244.41,952.96,82.58,126.91,0.7044,-1,-1,-1
586,30,1062.87,846.16,80.33,233.14,0.7109,-1,-1,-1
586,4,1719.79,456.54,74.90,207.01,0.6221,-1,-1,-1
586,58,1645.12,247.25,81.46,187.24,0.5339,-1,-1,-1
586,44,809.29,68.46,64.86,249.58,0.4833,-1,-1,-1
586,64,372.16,258.52,65.81,189.62,0.7196,-1,-1,-1
586,3,1062.84,845.84,80.28,233.20,0.7109,-1,-1,-1
586,70,1562.23,604.17,113.26,223.94,0.5337,-1,-1,-1
586,69,1004.40,927.86,61.60,150.33,0.6019,-1,-1,-1
587,13,302.30,888.22,94.37,191.72,0.7587,-1,-1,-1
587,45,1148.26,857.67,88.83,222.76,0.6704,-1,-1,-1
587,51,245.78,954.98,81.74,124.99,0.7236,-1,-1,-1
587,30,1065.24,847.90,79.17,230.71,0.7135,-1,-1,-1
587,4,1721.13,455.45,73.71,209.06,0.6410,-1,-1,-1
587,58,1645.52,247.09,81.09,186.24,0.5087,-1,-1,-1
587,44,808.63,69.97,64.92,248.87,0.4748,-1,-1,-1
587,64,371.39,258.87,65.70,189.49,0.7010,-1,-1,-1
587,3,1065.22,847.62,79.13,230.76,0.7135,-1,-1,-1
587,70,1561.17,603.41,112.70,226.43,0.5409,-1,-1,-1
587,69,1003.41,928.88,61.87,149.32,0.6297,-1,-1,-1
588,13,302.86,890.81,93.95,189.20,0.7552,-1,-1,-1
588,45,1149.77,858.43,91.64,221.93,0.6634,-1,-1,-1
588,51,246.30,957.47,81.72,122.54,0.7202,-1,-1,-1
588,30,1066.89,849.76,77.69,227.95,0.7055,-1,-1,-1
588,4,1721.65,453.63,69.48,212.36,0.6281,-1,-1,-1
588,58,1647.06,245.68,79.47,186.71,0.4996,-1,-1,-1
588,44,808.62,70.02,64.56,248.70,0.4542,-1,-1,-1
588,64,371.18,259.03,65.68,189.56,0.7073,-1,-1,-1
588,3,1066.87,849.51,77.65,227.99,0.7055,-1,-1,-1
588,70,1562.42,603.04,112.67,225.11,0.5299,-1,-1,-1
588,69,1002.16,929.85,62.53,149.47,0.6196,-1,-1,-1
589,13,302.92,894.22,93.85,185.80,0.7672,-1,-1,-1
589,45,1153.61,858.72,91.36,221.59,0.6849,-1,-1,-1
589,51,246.65,960.61,82.15,119.41,0.7211,-1,-1,-1
589,30,1067.41,851.05,78.36,226.93,0.7150,-1,-1,-1
589,4,1723.26,455.11,69.61,209.45,0.6433,-1,-1,-1
589,58,1649.58,243.44,77.17,183.73,0.5037,-1,-1,-1
589,44,809.25,74.50,63.35,243.31,0.4087,-1,-1,-1
589,64,370.56,260.02,65.54,187.86,0.7045,-1,-1,-1
589,3,1067.39,850.84,78.33,226.97,0.7150,-1,-1,-1
589,70,1560.39,603.47,112.60,226.16,0.5504,-1,-1,-1
589,69,1002.35,930.53,61.35,149.28,0.6252,-1,-1,-1
590,13,304.74,895.89,92.74,183.74,0.7620,-1,-1,-1
590,45,1156.70,861.39,90.33,218.86,0.6945,-1,-1,-1
590,51,246.40,963.11,82.14,116.90,0.6994,-1,-1,-1
590,30,1068.00,852.51,80.20,225.97,0.7313,-1,-1,-1
590,4,1723.00,455.55,71.34,209.15,0.6039,-1,-1,-1
590,58,1652.62,241.15,74.62,183.60,0.5250,-1,-1,-1
590,44,809.07,73.28,62.71,244.63,0.3700,-1,-1,-1
590,64,370.05,261.42,65.26,186.43,0.7152,-1,-1,-1
590,3,1067.98,852.32,80.18,226.00,0.7313,-1,-1,-1
590,70,1559.69,603.84,112.33,226.05,0.5481,-1,-1,-1
590,69,1001.78,931.00,61.19,148.98,0.6389,-1,-1,-1
590,71,284.89,118.78,58.96,176.49,0.3605,-1,-1,-1
591,13,306.17,897.89,91.86,180.41,0.7609,-1,-1,-1
591,45,1158.74,863.06,90.41,217.12,0.6913,-1,-1,-1
591,51,246.17,966.18,82.20,113.75,0.7018,-1,-1,-1
591,30,1068.96,853.49,81.78,225.30,0.7235,-1,-1,-1
591,4,1723.25,457.04,71.37,207.31,0.6259,-1,-1,-1
591,58,1654.63,239.81,73.35,183.00,0.5817,-1,-1,-1
591,44,808.73,76.29,60.96,241.28,0.3316,-1,-1,-1
591,64,369.09,262.62,66.00,185.30,0.7217,-1,-1,-1
591,3,1068.94,853.33,81.76,225.32,0.7235,-1,-1,-1
591,70,1560.00,603.81,112.21,225.79,0.5709,-1,-1,-1
591,69,1001.40,931.87,59.68,148.13,0.6280,-1,-1,-1
591,71,284.29,120.28,58.87,175.57,0.3591,-1,-1,-1
592,13,307.77,901.33,90.72,177.07,0.7391,-1,-1,-1
592,45,1158.25,865.61,92.68,214.55,0.6864,-1,-1,-1
592,51,247.64,968.83,82.24,111.16,0.7213,-1,-1,-1
592,30,1070.05,854.75,81.40,223.02,0.7154,-1,-1,-1
592,4,1722.79,457.24,71.39,206.86,0.6256,-1,-1,-1
592,58,1655.93,237.92,73.61,185.36,0.6350,-1,-1,-1
592,44,809.01,81.66,59.03,235.41,0.3065,-1,-1,-1
592,64,368.35,264.27,65.93,182.83,0.7176,-1,-1,-1
592,3,1070.04,854.61,81.38,223.05,0.7154,-1,-1,-1
592,70,1560.21,603.32,112.35,226.50,0.5074,-1,-1,-1
592,69,1000.73,932.71,59.42,147.33,0.5837,-1,-1,-1
592,71,284.66,118.82,57.82,176.39,0.3563,-1,-1,-1
593,13,308.37,906.63,91.12,172.83,0.7728,-1,-1,-1
593,45,1161.26,868.13,91.07,212.01,0.6762,-1,-1,-1
593,51,248.91,971.42,82.27,108.61,0.7289,-1,-1,-1
593,30,1071.59,855.76,80.65,221.42,0.7240,-1,-1,-1
593,4,1721.34,455.37,70.44,211.20,0.6501,-1,-1,-1
593,58,1656.12,235.76,73.21,185.45,0.6653,-1,-1,-1
593,44,809.48,83.40,58.35,233.68,0.3156,-1,-1,-1
593,64,367.63,265.25,66.23,183.60,0.7253,-1,-1,-1
593,3,1071.58,855.64,80.64,221.44,0.7240,-1,-1,-1
593,70,1560.63,603.34,111.49,226.38,0.4749,-1,-1,-1
593,69,1000.73,933.31,59.00,146.45,0.5825,-1,-1,-1
593,71,283.92,118.06,58.44,177.59,0.3425,-1,-1,-1
594,13,309.32,909.93,92.66,169.92,0.7756,-1,-1,-1
594,45,1163.14,870.37,90.07,209.78,0.6682,-1,-1,-1
594,51,249.75,974.85,84.54,105.18,0.7218,-1,-1,-1
594,30,1072.90,856.91,79.73,221.61,0.7187,-1,-1,-1
594,4,1720.82,455.02,69.97,212.48,0.6487,-1,-1,-1
594,58,1657.08,233.38,71.91,186.42,0.6364,-1,-1,-1
594,64,367.23,266.72,65.66,185.41,0.7209,-1,-1,-1
594,3,1072.89,856.80,79.71,221.63,0.7187,-1,-1,-1
594,70,1561.41,605.08,110.12,224.29,0.4861,-1,-1,-1
594,69,1000.98,934.68,58.18,145.28,0.5750,-1,-1,-1
594,71,283.48,117.07,58.75,179.16,0.3426,-1,-1,-1
595,13,310.27,911.84,94.41,168.12,0.7620,-1,-1,-1
595,45,1165.28,872.12,88.86,208.02,0.6596,-1,-1,-1
595,51,250.29,978.26,83.44,101.74,0.7018,-1,-1,-1
595,30,1074.10,858.76,80.19,220.92,0.7198,-1,-1,-1
595,4,1720.85,454.01,70.32,213.30,0.6796,-1,-1,-1
595,58,1657.88,231.26,71.05,187.99,0.6287,-1,-1,-1
595,64,366.34,269.07,65.94,187.64,0.7235,-1,-1,-1
595,3,1074.09,858.66,80.17,220.94,0.7198,-1,-1,-1
595,70,1562.07,605.34,109.55,223.94,0.4457,-1,-1,-1
595,69,1000.64,935.42,57.37,144.61,0.5936,-1,-1,-1
595,71,282.99,115.18,59.24,180.49,0.3436,-1,-1,-1
596,13,311.81,913.12,94.72,166.90,0.7688,-1,-1,-1
596,45,1169.16,873.95,85.26,206.19,0.6872,-1,-1,-1
596,51,251.01,981.13,83.46,98.89,0.7023,-1,-1,-1
596,30,1074.54,860.91,81.27,219.21,0.7210,-1,-1,-1
596,4,1719.32,453.33,72.27,214.53,0.7018,-1,-1,-1
596,58,1657.81,229.73,70.68,187.79,0.6107,-1,-1,-1
596,64,365.45,269.99,66.11,190.70,0.7263,-1,-1,-1
596,3,1074.54,860.82,81.26,219.22,0.7210,-1,-1,-1
596,70,1562.31,606.08,109.25,223.78,0.4586,-1,-1,-1
596,69,1000.02,935.35,57.60,143.34,0.5730,-1,-1,-1
596,71,283.02,116.78,59.27,178.90,0.3265,-1,-1,-1
597,13,313.73,913.71,94.52,166.32,0.7388,-1,-1,-1
597,45,1171.77,875.75,83.48,204.36,0.6498,-1,-1,-1
597,51,251.31,982.76,83.93,97.26,0.6963,-1,-1,-1
597,30,1076.12,863.25,79.13,216.99,0.6754,-1,-1,-1
597,4,1717.99,454.00,73.89,213.68,0.6876,-1,-1,-1
597,58,1658.38,227.72,70.22,188.62,0.5942,-1,-1,-1
597,64,364.51,271.68,66.49,191.17,0.7106,-1,-1,-1
597,3,1076.11,863.17,79.12,217.00,0.6754,-1,-1,-1
597,70,1561.31,608.18,110.21,221.91,0.4109,-1,-1,-1
597,69,999.42,935.82,58.39,142.10,0.6177,-1,-1,-1
598,13,314.20,914.20,97.18,165.14,0.7353,-1,-1,-1
598,45,1170.29,877.67,86.49,202.40,0.6631,-1,-1,-1
598,51,251.90,984.33,83.96,95.65,0.6773,-1,-1,-1
598,30,1077.33,865.02,79.50,215.21,0.6628,-1,-1,-1
598,4,1716.23,453.85,75.83,213.50,0.7063,-1,-1,-1
598,58,1657.65,226.62,69.82,189.21,0.5918,-1,-1,-1
598,64,363.98,272.68,66.65,190.91,0.7063,-1,-1,-1
598,3,1077.32,864.95,79.49,215.22,0.6628,-1,-1,-1
598,70,1560.27,610.63,111.14,219.66,0.3846,-1,-1,-1
598,69,999.42,936.41,60.61,141.24,0.6250,-1,-1,-1
599,13,314.06,915.96,100.12,162.87,0.7269,-1,-1,-1
599,45,1171.62,880.41,86.38,199.64,0.6585,-1,-1,-1
599,51,253.10,985.47,81.20,94.50,0.6593,-1,-1,-1
599,30,1078.45,867.22,81.18,212.99,0.6202,-1,-1,-1
599,4,1714.52,453.81,78.24,213.20,0.7033,-1,-1,-1
599,58,1655.13,226.93,70.32,188.59,0.5505,-1,-1,-1
599,64,364.38,273.13,66.16,191.63,0.6714,-1,-1,-1
599,3,1078.45,867.16,81.17,213.00,0.6202,-1,-1,-1
599,70,1559.86,609.39,112.04,221.21,0.3645,-1,-1,-1
599,69,998.76,936.81,60.62,140.77,0.6461,-1,-1,-1
600,13,314.58,918.00,103.32,160.11,0.7043,-1,-1,-1
600,45,1176.35,883.94,82.29,196.15,0.6587,-1,-1,-1
600,51,253.32,986.53,82.68,93.50,0.6489,-1,-1,-1
600,30,1079.89,869.39,81.64,210.85,0.6532,-1,-1,-1
600,4,1714.11,453.89,79.01,212.06,0.7201,-1,-1,-1
600,58,1652.61,226.65,70.95,186.08,0.5433,-1,-1,-1
600,64,364.80,274.77,65.81,192.03,0.6770,-1,-1,-1
600,3,1079.88,869.34,81.63,210.86,0.6532,-1,-1,-1
600,70,1560.31,608.10,112.33,221.26,0.3525,-1,-1,-1
600,69,998.58,938.28,60.44,139.45,0.6405,-1,-1,-1
600,72,429.58,74.29,53.97,160.66,0.3705,-1,-1,-1
601,13,314.88,919.71,103.85,158.39,0.7216,-1,-1,-1
601,45,1176.11,886.43,83.18,193.63,0.6561,-1,-1,-1
601,51,253.44,986.87,84.10,93.13,0.6263,-1,-1,-1
601,30,1081.02,871.92,84.18,208.26,0.6059,-1,-1,-1
601,4,1713.95,453.94,80.03,212.91,0.7016,-1,-1,-1
601,58,1649.11,226.41,72.38,186.34,0.5767,-1,-1,-1
601,64,364.22,274.95,65.54,195.73,0.7021,-1,-1,-1
601,3,1081.02,871.88,84.18,208.27,0.6059,-1,-1,-1
601,70,1561.46,603.94,111.34,224.11,0.3923,-1,-1,-1
601,69,998.55,939.55,59.06,138.16,0.6213,-1,-1,-1
602,13,315.95,921.40,104.57,156.13,0.7223,-1,-1,-1
602,45,1175.76,888.52,84.45,191.50,0.6497,-1,-1,-1
602,51,253.61,988.53,84.72,91.42,0.6100,-1,-1,-1
602,30,1080.28,874.86,86.93,205.27,0.6725,-1,-1,-1
602,4,1712.39,454.94,82.00,212.23,0.6954,-1,-1,-1
602,58,1648.00,226.89,72.04,184.10,0.5898,-1,-1,-1
602,64,364.89,274.78,64.30,196.61,0.6821,-1,-1,-1
602,3,1080.28,874.82,86.93,205.28,0.6725,-1,-1,-1
602,70,1562.11,600.56,113.94,225.89,0.5916,-1,-1,-1
602,69,996.75,940.28,59.78,137.51,0.6516,-1,-1,-1
603,13,316.66,924.19,104.64,153.82,0.7365,-1,-1,-1
603,45,1176.47,890.86,83.52,189.17,0.6049,-1,-1,-1
603,51,254.08,990.97,84.69,89.00,0.6235,-1,-1,-1
603,30,1080.85,877.75,87.67,202.38,0.6606,-1,-1,-1
603,4,1711.17,455.18,83.72,213.68,0.7157,-1,-1,-1
603,58,1647.29,227.56,70.36,183.13,0.6220,-1,-1,-1
603,64,363.99,276.28,65.44,195.69,0.6959,-1,-1,-1
603,3,1080.85,877.71,87.66,202.39,0.6606,-1,-1,-1
603,70,1562.85,600.10,112.93,226.69,0.4890,-1,-1,-1
603,69,996.08,940.92,59.38,136.91,0.6627,-1,-1,-1
604,13,317.77,926.90,104.64,151.31,0.7546,-1,-1,-1
604,45,1178.52,893.15,80.85,186.86,0.5312,-1,-1,-1
604,51,254.59,992.81,84.91,87.18,0.6277,-1,-1,-1
604,30,1080.61,880.64,90.42,199.46,0.6017,-1,-1,-1
604,4,1709.74,454.79,85.23,212.33,0.7131,-1,-1,-1
604,58,1648.55,227.46,67.00,182.22,0.6060,-1,-1,-1
604,64,364.68,276.86,64.76,196.27,0.6813,-1,-1,-1
604,3,1080.61,880.61,90.42,199.46,0.6017,-1,-1,-1
604,70,1563.18,599.07,112.72,227.79,0.4353,-1,-1,-1
604,69,996.33,942.16,59.27,136.01,0.6399,-1,-1,-1
605,13,319.72,929.75,102.30,148.69,0.7468,-1,-1,-1
605,45,1182.03,895.90,75.34,184.12,0.5162,-1,-1,-1
605,51,254.66,994.68,85.44,85.32,0.6278,-1,-1,-1
605,30,1083.94,883.08,89.83,197.01,0.5588,-1,-1,-1
605,4,1710.22,454.31,85.19,213.24,0.7033,-1,-1,-1
605,58,1648.23,227.93,66.19,179.60,0.5553,-1,-1,-1
605,64,363.64,276.99,66.27,196.04,0.6851,-1,-1,-1
605,3,1083.93,883.06,89.83,197.02,0.5588,-1,-1,-1
605,70,1563.98,601.42,109.64,225.55,0.3535,-1,-1,-1
605,69,996.43,943.36,59.11,135.30,0.6214,-1,-1,-1
606,13,321.73,932.87,99.70,146.47,0.7544,-1,-1,-1
606,45,1181.69,898.16,75.72,181.86,0.5178,-1,-1,-1
606,51,254.34,997.34,85.32,82.65,0.6128,-1,-1,-1
606,30,1088.50,885.83,86.71,194.25,0.5627,-1,-1,-1
606,4,1711.01,454.70,84.95,213.05,0.6995,-1,-1,-1
606,58,1647.16,228.06,66.15,178.10,0.5478,-1,-1,-1
606,64,363.06,277.46,66.77,195.49,0.6935,-1,-1,-1
606,3,1088.50,885.81,86.70,194.25,0.5627,-1,-1,-1
606,70,1562.15,605.51,109.83,223.49,0.5028,-1,-1,-1
606,69,996.10,944.55,58.69,134.76,0.5915,-1,-1,-1
607,13,322.96,935.68,97.42,144.12,0.7348,-1,-1,-1
607,45,1182.11,898.37,75.94,181.64,0.4722,-1,-1,-1
607,51,254.12,1000.05,84.17,79.93,0.6117,-1,-1,-1
607,30,1093.46,887.42,84.61,192.64,0.5634,-1,-1,-1
607,4,1710.13,455.05,86.30,212.61,0.7107,-1,-1,-1
607,58,1646.44,227.40,65.60,177.67,0.5484,-1,-1,-1
607,64,363.35,278.18,66.42,194.49,0.6974,-1,-1,-1
607,3,1093.45,887.40,84.61,192.65,0.5634,-1,-1,-1
607,70,1562.97,608.82,108.80,220.77,0.4497,-1,-1,-1
607,69,995.52,945.32,58.81,134.21,0.5981,-1,-1,-1
607,72,433.55,72.18,51.49,172.44,0.4022,-1,-1,-1
608,13,323.25,939.95,97.27,140.04,0.7450,-1,-1,-1
608,45,1183.73,899.35,74.03,180.67,0.5002,-1,-1,-1
608,51,253.52,1002.29,84.58,77.73,0.6197,-1,-1,-1
608,30,1097.98,889.37,81.86,190.69,0.5824,-1,-1,-1
608,4,1709.94,454.61,86.70,213.17,0.7104,-1,-1,-1
608,58,1645.84,226.35,64.10,180.11,0.5322,-1,-1,-1
608,64,362.45,278.14,66.64,193.75,0.6765,-1,-1,-1
608,3,1097.98,889.36,81.86,190.70,0.5824,-1,-1,-1
608,70,1562.71,610.30,108.60,219.12,0.4514,-1,-1,-1
608,69,995.17,945.76,59.30,134.12,0.5930,-1,-1,-1
608,72,434.48,71.75,51.13,174.23,0.3617,-1,-1,-1
609,13,321.75,942.75,98.26,135.12,0.7327,-1,-1,-1
609,45,1183.34,900.33,78.84,179.69,0.5185,-1,-1,-1
609,51,253.58,1005.10,84.06,74.74,0.6135,-1,-1,-1
609,30,1100.52,890.31,80.97,189.75,0.5874,-1,-1,-1
609,4,1711.03,454.48,85.24,212.59,0.7434,-1,-1,-1
609,58,1642.99,223.82,66.14,185.02,0.5487,-1,-1,-1
609,64,362.43,277.73,66.34,193.97,0.6860,-1,-1,-1
609,3,1100.52,890.30,80.97,189.75,0.5874,-1,-1,-1
609,70,1562.54,608.55,108.21,221.39,0.4508,-1,-1,-1
609,69,994.03,946.57,60.37,133.44,0.6183,-1,-1,-1
609,72,435.24,70.78,51.08,176.00,0.3797,-1,-1,-1
610,13,321.51,945.42,97.49,131.69,0.7272,-1,-1,-1
610,45,1183.43,900.73,79.64,179.26,0.5102,-1,-1,-1
610,51,253.64,1008.21,81.48,71.17,0.5548,-1,-1,-1
610,30,1101.81,890.63,80.73,189.40,0.5694,-1,-1,-1
610,4,1711.40,454.32,84.82,212.26,0.7385,-1,-1,-1
610,58,1640.87,221.96,66.75,183.77,0.5339,-1,-1,-1
610,64,361.83,278.33,66.48,193.81,0.6984,-1,-1,-1
610,3,1101.81,890.62,80.73,189.40,0.5694,-1,-1,-1
610,70,1563.84,600.98,110.58,226.24,0.3978,-1,-1,-1
610,69,992.70,946.55,61.10,133.48,0.6246,-1,-1,-1
610,72,435.49,72.12,51.41,174.72,0.3620,-1,-1,-1
610,73,592.42,552.93,85.50,228.51,0.5013,-1,-1,-1
611,13,320.26,948.10,96.76,130.82,0.7304,-1,-1,-1
611,45,1183.34,902.07,81.03,177.90,0.5078,-1,-1,-1
611,51,254.10,1011.47,77.46,67.64,0.5000,-1,-1,-1
611,30,1102.94,891.28,82.12,188.72,0.5769,-1,-1,-1
611,4,1710.93,454.51,85.33,212.96,0.7411,-1,-1,-1
611,58,1639.70,219.16,66.49,184.05,0.5441,-1,-1,-1
611,64,360.93,279.92,67.40,193.03,0.7044,-1,-1,-1
611,3,1102.94,891.27,82.12,188.72,0.5769,-1,-1,-1
611,70,1564.83,596.57,111.59,228.95,0.5345,-1,-1,-1
611,69,991.54,946.35,61.76,133.66,0.6313,-1,-1,-1
611,72,436.23,74.45,51.63,172.47,0.3355,-1,-1,-1
611,73,586.63,549.46,91.31,232.73,0.5637,-1,-1,-1
612,13,319.71,949.42,96.79,130.22,0.7591,-1,-1,-1
612,45,1181.78,903.99,82.96,175.99,0.5083,-1,-1,-1
612,51,253.45,1014.56,76.81,65.04,0.4775,-1,-1,-1
612,30,1105.75,892.45,80.20,187.55,0.5754,-1,-1,-1
612,4,1709.92,453.90,86.45,213.13,0.7544,-1,-1,-1
612,58,1637.95,216.52,67.09,185.42,0.5590,-1,-1,-1
612,64,359.84,282.22,67.84,192.29,0.6710,-1,-1,-1
612,3,1105.75,892.44,80.19,187.55,0.5754,-1,-1,-1
612,70,1565.87,600.19,109.77,225.78,0.4832,-1,-1,-1
612,69,990.75,946.27,62.31,133.76,0.6087,-1,-1,-1
612,73,580.71,548.20,97.35,234.67,0.6284,-1,-1,-1
613,13,319.80,951.66,95.81,128.16,0.7302,-1,-1,-1
613,45,1183.19,906.61,83.21,173.34,0.3367,-1,-1,-1
613,51,253.51,1017.12,75.94,62.62,0.3951,-1,-1,-1
613,30,1106.80,893.55,80.04,186.43,0.5127,-1,-1,-1
613,4,1710.91,453.49,85.03,213.43,0.7486,-1,-1,-1
613,58,1636.52,213.78,67.49,187.97,0.5704,-1,-1,-1
613,64,359.82,285.19,66.88,192.95,0.6754,-1,-1,-1
613,3,1106.80,893.54,80.04,186.43,0.5127,-1,-1,-1
613,70,1564.49,604.61,108.59,223.50,0.5298,-1,-1,-1
613,69,989.59,946.97,63.03,133.01,0.6227,-1,-1,-1
613,73,578.92,547.85,99.81,235.43,0.6566,-1,-1,-1
613,44,804.61,136.09,59.92,182.72,0.3800,-1,-1,-1
614,13,319.77,953.08,95.93,126.91,0.7285,-1,-1,-1
614,45,1185.65,909.98,81.36,170.01,0.4906,-1,-1,-1
614,51,254.00,1020.07,74.83,59.86,0.3781,-1,-1,-1
614,30,1107.66,896.24,81.99,183.78,0.5913,-1,-1,-1
614,4,1711.72,453.12,83.91,213.41,0.7400,-1,-1,-1
614,58,1634.65,212.14,68.18,185.97,0.5782,-1,-1,-1
614,64,358.80,285.80,67.19,196.09,0.6760,-1,-1,-1
614,3,1107.66,896.23,81.99,183.78,0.5913,-1,-1,-1
614,70,1563.33,607.78,108.61,221.66,0.4839,-1,-1,-1
614,69,988.06,946.49,64.09,133.54,0.6450,-1,-1,-1
614,73,576.47,548.21,101.70,236.06,0.6421,-1,-1,-1
614,44,806.15,138.60,58.43,179.72,0.3854,-1,-1,-1
615,13,319.91,955.67,94.82,124.39,0.7235,-1,-1,-1
615,45,1189.12,913.49,79.98,166.53,0.4067,-1,-1,-1
615,51,252.23,1023.69,72.28,56.32,0.3560,-1,-1,-1
615,30,1107.69,898.32,81.89,181.72,0.5788,-1,-1,-1
615,4,1712.14,452.52,83.28,214.74,0.7523,-1,-1,-1
615,58,1632.41,210.39,69.15,185.13,0.5846,-1,-1,-1
615,64,357.53,286.66,67.60,197.40,0.6712,-1,-1,-1
615,3,1107.69,898.31,81.89,181.73,0.5788,-1,-1,-1
615,70,1562.50,607.21,109.25,222.49,0.4943,-1,-1,-1
615,69,987.20,946.25,64.05,133.80,0.6479,-1,-1,-1
615,73,575.87,548.13,100.89,235.85,0.6234,-1,-1,-1
615,44,806.10,141.90,58.24,177.34,0.3922,-1,-1,-1
616,13,320.19,958.37,93.96,121.60,0.7304,-1,-1,-1
616,45,1194.38,915.62,77.90,164.14,0.4821,-1,-1,-1
616,51,254.72,1023.85,70.03,56.08,0.3791,-1,-1,-1
616,30,1109.04,900.93,83.14,179.06,0.6107,-1,-1,-1
616,4,1712.89,452.25,82.50,215.77,0.7282,-1,-1,-1
616,58,1630.76,209.70,70.05,183.93,0.5463,-1,-1,-1
616,64,356.17,287.16,68.92,197.45,0.6786,-1,-1,-1
616,3,1109.04,900.92,83.14,179.06,0.6107,-1,-1,-1
616,70,1561.62,606.14,110.43,223.68,0.5195,-1,-1,-1
616,69,985.41,946.95,64.23,133.05,0.6756,-1,-1,-1
616,73,576.44,547.22,97.39,233.30,0.5548,-1,-1,-1
616,44,805.79,143.67,58.57,176.07,0.3829,-1,-1,-1
617,13,320.73,960.66,94.05,119.38,0.7207,-1,-1,-1
617,45,1194.51,918.18,78.74,161.76,0.3866,-1,-1,-1
617,51,254.08,1025.98,67.91,54.02,0.3569,-1,-1,-1
617,30,1110.01,902.95,81.81,177.08,0.6094,-1,-1,-1
617,4,1713.21,452.62,82.35,215.01,0.7014,-1,-1,-1
617,58,1629.30,208.95,71.15,185.33,0.5325,-1,-1,-1
617,64,355.28,289.87,68.21,196.37,0.6572,-1,-1,-1
617,3,1110.01,902.94,81.81,177.08,0.6094,-1,-1,-1
617,70,1560.79,602.73,112.09,226.86,0.5699,-1,-1,-1
617,69,983.09,946.14,65.32,133.90,0.6921,-1,-1,-1
617,73,577.30,545.51,81.13,232.64,0.4812,-1,-1,-1
617,44,806.17,145.01,58.36,175.53,0.3680,-1,-1,-1
618,13,320.47,963.26,94.74,116.82,0.7010,-1,-1,-1
618,45,1193.85,920.37,79.79,159.63,0.4311,-1,-1,-1
618,51,254.46,1027.36,65.24,52.69,0.3309,-1,-1,-1
618,30,1111.70,906.48,79.46,173.56,0.6349,-1,-1,-1
618,4,1714.21,453.23,80.88,212.88,0.6878,-1,-1,-1
618,58,1627.44,208.60,72.68,185.74,0.4843,-1,-1,-1
618,64,354.47,291.57,67.89,195.97,0.6649,-1,-1,-1
618,3,1111.70,906.48,79.46,173.56,0.6349,-1,-1,-1
618,70,1561.80,603.18,110.48,226.11,0.4444,-1,-1,-1
618,69,981.45,945.42,65.72,134.63,0.6971,-1,-1,-1
618,73,574.98,542.22,73.86,234.51,0.5767,-1,-1,-1
618,44,806.09,145.87,58.29,174.22,0.3665,-1,-1,-1
619,13,320.61,965.87,95.25,114.19,0.6981,-1,-1,-1
619,45,1193.86,922.10,82.08,157.61,0.5310,-1,-1,-1
619,51,255.10,1028.59,60.87,51.44,0.3195,-1,-1,-1
619,30,1112.42,910.36,79.19,169.66,0.6639,-1,-1,-1
619,4,1714.86,452.79,80.07,213.55,0.6913,-1,-1,-1
619,58,1624.85,208.00,75.22,188.78,0.4458,-1,-1,-1
619,64,353.25,294.12,67.60,195.68,0.6102,-1,-1,-1
619,3,1112.42,910.35,79.19,169.66,0.6639,-1,-1,-1
619,70,1560.96,607.64,110.48,222.17,0.3766,-1,-1,-1
619,69,978.77,944.22,66.08,135.82,0.7036,-1,-1,-1
619,73,572.59,540.95,70.84,236.59,0.6149,-1,-1,-1
619,44,806.85,146.70,57.42,172.53,0.3631,-1,-1,-1
620,13,321.23,968.60,95.89,110.96,0.6984,-1,-1,-1
620,45,1192.79,922.78,84.59,157.01,0.5654,-1,-1,-1
620,51,257.32,1028.52,55.29,51.01,0.3048,-1,-1,-1
620,30,1113.33,913.65,77.75,166.32,0.6598,-1,-1,-1
620,4,1715.22,453.10,79.76,212.58,0.6928,-1,-1,-1
620,58,1623.03,208.15,77.13,187.94,0.4151,-1,-1,-1
620,64,353.33,294.79,66.38,196.88,0.5667,-1,-1,-1
620,3,1113.33,913.65,77.75,166.32,0.6598,-1,-1,-1
620,70,1562.68,606.51,108.53,223.39,0.4069,-1,-1,-1
620,69,976.08,943.67,66.44,136.32,0.6942,-1,-1,-1
620,73,570.93,539.51,71.73,237.46,0.6439,-1,-1,-1
620,44,806.98,146.44,59.05,171.80,0.3251,-1,-1,-1
621,13,320.96,971.69,97.32,107.69,0.6487,-1,-1,-1
621,45,1192.59,924.12,85.59,155.38,0.4723,-1,-1,-1
621,51,258.57,1030.22,53.20,49.51,0.3094,-1,-1,-1
621,30,1113.67,916.00,75.97,163.99,0.6781,-1,-1,-1
621,4,1715.42,452.39,79.50,213.03,0.7084,-1,-1,-1
621,58,1621.56,209.00,77.81,185.07,0.4494,-1,-1,-1
621,64,352.08,294.56,66.81,197.61,0.6335,-1,-1,-1
621,3,1113.67,915.99,75.97,163.99,0.6781,-1,-1,-1
621,70,1562.62,607.52,108.61,221.94,0.4362,-1,-1,-1
621,69,973.87,943.26,66.38,136.75,0.6659,-1,-1,-1
621,73,569.41,538.29,69.36,237.89,0.6566,-1,-1,-1
621,44,806.22,146.43,59.19,172.35,0.3377,-1,-1,-1
622,13,321.21,974.91,97.33,104.72,0.6335,-1,-1,-1
622,45,1193.58,925.06,85.04,153.96,0.3598,-1,-1,-1
622,51,259.28,1035.75,52.73,44.19,0.3253,-1,-1,-1
622,30,1114.29,917.71,73.93,162.07,0.6790,-1,-1,-1
622,4,1716.55,452.25,78.13,212.59,0.6977,-1,-1,-1
622,58,1621.13,209.48,78.11,183.26,0.4798,-1,-1,-1
622,64,351.17,294.76,66.84,197.66,0.5798,-1,-1,-1
622,3,1114.29,917.71,73.93,162.07,0.6790,-1,-1,-1
622,70,1562.70,609.83,108.41,219.27,0.3877,-1,-1,-1
622,69,971.59,943.04,65.28,136.98,0.6660,-1,-1,-1
622,73,566.69,537.25,63.88,238.41,0.7016,-1,-1,-1
622,44,806.61,145.28,59.64,173.78,0.3439,-1,-1,-1
623,13,321.75,978.81,96.07,101.19,0.6840,-1,-1,-1
623,45,1194.09,926.28,87.99,152.39,0.3888,-1,-1,-1
623,51,260.37,1039.80,49.79,40.07,0.3110,-1,-1,-1
623,30,1114.84,919.11,75.30,160.44,0.6545,-1,-1,-1
623,4,1717.60,452.36,77.27,212.60,0.6935,-1,-1,-1
623,58,1621.04,209.83,77.24,182.11,0.4723,-1,-1,-1
623,64,348.50,294.18,67.38,197.75,0.5878,-1,-1,-1
623,3,1114.84,919.11,75.30,160.44,0.6545,-1,-1,-1
623,70,1562.07,612.16,108.69,217.27,0.3152,-1,-1,-1
623,69,969.46,943.52,64.48,136.57,0.6761,-1,-1,-1
623,73,562.92,537.56,61.23,241.72,0.6762,-1,-1,-1
623,44,806.55,146.27,58.53,173.26,0.3250,-1,-1,-1
624,13,323.07,981.94,94.33,98.08,0.6977,-1,-1,-1
624,45,1195.13,927.59,88.76,150.55,0.4411,-1,-1,-1
624,30,1114.91,920.45,75.89,159.39,0.6740,-1,-1,-1
624,4,1718.02,452.14,76.97,212.95,0.6891,-1,-1,-1
624,58,1621.54,208.70,76.45,182.25,0.4558,-1,-1,-1
624,64,346.16,294.49,68.80,196.96,0.5785,-1,-1,-1
624,3,1114.91,920.45,75.89,159.39,0.6740,-1,-1,-1
624,70,1561.74,610.68,109.58,218.80,0.4427,-1,-1,-1
624,69,965.25,942.61,65.33,137.45,0.6751,-1,-1,-1
624,73,559.95,537.16,61.27,242.40,0.6919,-1,-1,-1
624,44,806.59,144.90,59.12,174.61,0.3645,-1,-1,-1
625,13,323.55,984.88,93.35,95.16,0.6973,-1,-1,-1
625,45,1196.52,930.87,87.73,147.17,0.5396,-1,-1,-1
625,30,1115.54,922.15,76.13,157.82,0.6685,-1,-1,-1
625,4,1718.30,452.22,77.40,214.11,0.6915,-1,-1,-1
625,58,1622.10,207.96,74.86,184.27,0.4251,-1,-1,-1
625,64,345.52,294.39,68.42,196.75,0.5616,-1,-1,-1
625,3,1115.54,922.15,76.13,157.82,0.6685,-1,-1,-1
625,70,1562.07,608.65,109.11,220.88,0.3744,-1,-1,-1
625,69,962.48,939.92,65.17,140.13,0.6794,-1,-1,-1
625,73,555.10,537.32,62.62,242.41,0.7065,-1,-1,-1
625,44,807.02,144.12,58.85,174.99,0.3862,-1,-1,-1
626,13,323.68,987.88,93.51,92.16,0.6837,-1,-1,-1
626,45,1196.48,932.32,88.24,146.08,0.4685,-1,-1,-1
626,30,1115.27,922.22,77.92,157.79,0.6546,-1,-1,-1
626,4,1718.60,451.96,77.31,213.98,0.6842,-1,-1,-1
626,58,1622.76,206.06,73.99,181.88,0.4388,-1,-1,-1
626,64,343.83,294.71,68.73,196.70,0.6188,-1,-1,-1
626,3,1115.27,922.22,77.92,157.79,0.6546,-1,-1,-1
626,70,1562.27,606.73,108.71,222.85,0.4676,-1,-1,-1
626,69,959.01,938.66,65.72,141.37,0.6710,-1,-1,-1
626,73,547.94,537.97,66.75,241.24,0.6980,-1,-1,-1
626,44,806.15,143.25,59.75,176.20,0.3895,-1,-1,-1
627,13,324.74,990.78,93.36,89.18,0.6585,-1,-1,-1
627,45,1194.31,933.75,91.52,144.71,0.6068,-1,-1,-1
627,30,1115.84,923.32,77.75,156.66,0.6883,-1,-1,-1
627,4,1718.61,452.80,77.62,213.57,0.6828,-1,-1,-1
627,58,1625.15,205.77,70.73,181.94,0.4339,-1,-1,-1
627,64,342.99,295.37,69.02,195.99,0.6238,-1,-1,-1
627,3,1115.84,923.32,77.75,156.66,0.6883,-1,-1,-1
627,70,1562.06,605.24,108.13,224.23,0.3559,-1,-1,-1
627,69,957.91,937.52,64.20,142.46,0.6849,-1,-1,-1
627,73,531.18,538.59,83.71,241.80,0.6546,-1,-1,-1
627,44,806.29,142.75,59.45,175.93,0.3768,-1,-1,-1
628,13,325.02,992.35,93.99,87.64,0.6304,-1,-1,-1
628,45,1195.38,934.89,91.27,144.07,0.5781,-1,-1,-1
628,30,1115.40,924.38,79.89,155.62,0.6672,-1,-1,-1
628,4,1718.36,452.06,77.02,215.25,0.6621,-1,-1,-1
628,58,1625.91,202.33,69.59,186.93,0.3919,-1,-1,-1
628,64,342.42,295.59,69.02,195.92,0.6479,-1,-1,-1
628,3,1115.40,924.38,79.89,155.62,0.6672,-1,-1,-1
628,70,1563.20,604.10,106.87,225.13,0.3661,-1,-1,-1
628,69,956.13,936.29,62.59,143.71,0.6828,-1,-1,-1
628,73,516.53,538.51,98.09,241.37,0.7207,-1,-1,-1
628,44,806.73,142.77,59.17,175.15,0.3741,-1,-1,-1
629,13,324.72,994.84,94.65,85.18,0.6706,-1,-1,-1
629,45,1194.58,936.34,94.68,143.19,0.6305,-1,-1,-1
629,30,1115.25,924.93,81.59,155.08,0.7073,-1,-1,-1
629,4,1718.69,451.68,76.89,215.75,0.6913,-1,-1,-1
629,58,1625.99,202.25,70.05,187.13,0.4385,-1,-1,-1
629,64,342.34,296.47,68.56,195.54,0.6597,-1,-1,-1
629,3,1115.25,924.93,81.59,155.08,0.7073,-1,-1,-1
629,70,1563.93,601.71,106.48,227.61,0.4912,-1,-1,-1
629,69,954.07,934.97,61.95,145.04,0.6795,-1,-1,-1
629,73,506.10,538.06,108.76,240.64,0.7400,-1,-1,-1
629,44,806.65,142.82,58.34,175.50,0.3713,-1,-1,-1
630,13,324.28,997.68,95.72,82.28,0.6843,-1,-1,-1
630,45,1195.01,939.77,95.59,139.54,0.5785,-1,-1,-1
630,30,1115.09,926.24,83.73,153.73,0.7034,-1,-1,-1
630,4,1717.95,450.94,78.35,215.73,0.6904,-1,-1,-1
630,58,1626.16,201.03,69.26,186.72,0.5137,-1,-1,-1
630,64,341.15,296.72,69.04,196.90,0.6676,-1,-1,-1
630,3,1115.09,926.24,83.73,153.73,0.7034,-1,-1,-1
630,70,1564.10,603.77,106.10,225.07,0.4069,-1,-1,-1
630,69,952.59,933.56,60.27,146.41,0.6849,-1,-1,-1
630,73,499.61,537.76,114.38,239.29,0.7698,-1,-1,-1
630,44,808.15,143.11,56.32,174.73,0.4160,-1,-1,-1
631,13,324.39,998.93,96.15,81.05,0.6658,-1,-1,-1
631,45,1196.77,942.53,93.57,135.73,0.5439,-1,-1,-1
631,30,1115.28,927.71,86.18,152.27,0.6888,-1,-1,-1
631,4,1717.55,450.89,78.66,216.64,0.6824,-1,-1,-1
631,58,1626.60,199.70,68.70,184.05,0.5342,-1,-1,-1
631,64,340.34,297.73,69.52,199.82,0.6773,-1,-1,-1
631,3,1115.28,927.71,86.18,152.27,0.6888,-1,-1,-1
631,70,1563.48,603.40,107.00,224.93,0.4547,-1,-1,-1
631,69,950.56,932.17,59.68,147.55,0.6879,-1,-1,-1
631,73,497.11,538.94,116.73,237.37,0.7585,-1,-1,-1
631,44,808.34,142.80,56.12,173.53,0.3792,-1,-1,-1
631,74,1440.75,1001.70,76.29,77.01,0.3643,-1,-1,-1
632,13,323.92,1001.30,97.20,78.69,0.6477,-1,-1,-1
632,45,1197.89,944.44,91.39,133.00,0.5040,-1,-1,-1
632,30,1115.11,930.29,91.54,149.36,0.7012,-1,-1,-1
632,4,1717.17,451.36,79.77,216.33,0.7065,-1,-1,-1
632,58,1627.03,197.07,67.97,182.16,0.5563,-1,-1,-1
632,64,339.61,298.16,69.55,202.96,0.6922,-1,-1,-1
632,3,1115.11,930.29,91.54,149.36,0.7012,-1,-1,-1
632,70,1563.49,606.40,106.65,222.11,0.3836,-1,-1,-1
632,69,948.65,930.77,59.56,149.11,0.7065,-1,-1,-1
632,73,492.73,539.74,121.59,237.28,0.7760,-1,-1,-1
632,44,807.22,143.76,57.22,173.14,0.4202,-1,-1,-1
632,74,1438.19,995.86,76.37,82.80,0.3548,-1,-1,-1
632,75,1512.44,979.32,94.66,97.93,0.3799,-1,-1,-1
633,13,324.87,1002.29,96.26,77.40,0.6305,-1,-1,-1
633,45,1201.02,947.83,87.00,128.79,0.3319,-1,-1,-1
633,30,1115.36,933.54,95.85,145.77,0.6815,-1,-1,-1
633,4,1717.51,451.18,79.71,216.13,0.7134,-1,-1,-1
633,58,1627.68,194.69,66.19,182.26,0.5706,-1,-1,-1
633,64,339.37,299.07,68.86,204.29,0.6827,-1,-1,-1
633,3,1115.36,933.54,95.85,145.77,0.6815,-1,-1,-1
633,70,1564.65,603.64,107.21,223.66,0.4567,-1,-1,-1
633,69,947.01,929.68,59.36,150.32,0.6643,-1,-1,-1
633,73,490.99,540.03,121.93,236.97,0.7857,-1,-1,-1
633,44,805.97,144.53,58.38,173.28,0.3769,-1,-1,-1
633,74,1436.56,989.61,75.57,90.05,0.3082,-1,-1,-1
633,75,1508.36,976.09,96.74,101.78,0.4561,-1,-1,-1
634,13,324.96,1004.52,96.30,74.75,0.6331,-1,-1,-1
634,45,1203.88,950.93,82.40,125.94,0.3175,-1,-1,-1
634,30,1114.75,937.53,98.81,141.71,0.7034,-1,-1,-1
634,4,1717.05,450.40,80.34,215.96,0.7251,-1,-1,-1
634,58,1627.95,192.70,65.38,182.85,0.5690,-1,-1,-1
634,64,339.01,299.97,68.63,205.16,0.7077,-1,-1,-1
634,3,1114.75,937.53,98.81,141.71,0.7034,-1,-1,-1
634,70,1563.38,601.74,107.83,226.84,0.4650,-1,-1,-1
634,69,945.54,928.65,58.96,151.31,0.6844,-1,-1,-1
634,73,490.53,540.07,122.41,236.86,0.7749,-1,-1,-1
634,44,806.63,145.01,57.72,173.18,0.3950,-1,-1,-1
634,75,1503.17,972.15,98.35,106.57,0.3793,-1,-1,-1
635,13,325.27,1007.31,95.70,71.71,0.6349,-1,-1,-1
635,45,1203.16,954.38,81.76,123.30,0.3275,-1,-1,-1
635,30,1114.05,940.17,101.33,139.45,0.6974,-1,-1,-1
635,4,1716.70,450.58,80.64,215.41,0.7383,-1,-1,-1
635,58,1626.99,191.92,65.36,182.67,0.5665,-1,-1,-1
635,64,339.14,302.03,67.54,205.38,0.7039,-1,-1,-1
635,3,1114.05,940.17,101.33,139.45,0.6974,-1,-1,-1
635,70,1563.00,603.79,107.38,225.51,0.3776,-1,-1,-1
635,69,941.74,928.32,61.14,151.71,0.6760,-1,-1,-1
635,73,490.17,538.87,122.60,238.31,0.7706,-1,-1,-1
635,44,806.60,145.09,57.88,173.13,0.4201,-1,-1,-1
635,75,1500.71,968.26,96.43,110.81,0.4734,-1,-1,-1
636,13,326.45,1010.45,93.33,68.78,0.6310,-1,-1,-1
636,45,1201.90,956.89,81.55,121.55,0.4316,-1,-1,-1
636,30,1113.71,943.10,102.76,136.83,0.6897,-1,-1,-1
636,4,1716.37,450.92,81.22,215.61,0.7288,-1,-1,-1
636,58,1626.28,190.66,65.08,183.32,0.5488,-1,-1,-1
636,64,338.59,305.25,68.08,204.69,0.7111,-1,-1,-1
636,3,1113.71,943.10,102.76,136.83,0.6897,-1,-1,-1
636,70,1562.41,605.01,108.13,224.56,0.3686,-1,-1,-1
636,69,940.39,928.53,60.07,151.22,0.6554,-1,-1,-1
636,73,491.70,538.87,118.45,237.83,0.7661,-1,-1,-1
636,44,806.89,145.57,57.34,173.69,0.3971,-1,-1,-1
636,75,1497.37,963.90,97.34,115.98,0.5061,-1,-1,-1
636,74,1427.05,979.50,78.75,100.16,0.4346,-1,-1,-1
637,13,327.72,1014.17,91.07,65.65,0.6051,-1,-1,-1
637,45,1202.28,957.83,79.77,120.58,0.4507,-1,-1,-1
637,30,1113.62,946.59,105.23,133.47,0.6872,-1,-1,-1
637,4,1716.45,450.78,81.21,216.29,0.7386,-1,-1,-1
637,58,1625.48,189.61,64.74,184.22,0.5964,-1,-1,-1
637,64,338.85,307.38,67.92,204.30,0.7040,-1,-1,-1
637,3,1113.62,946.59,105.23,133.47,0.6872,-1,-1,-1
637,69,937.83,928.68,61.02,150.37,0.6502,-1,-1,-1
637,73,493.72,538.89,115.34,236.98,0.7360,-1,-1,-1
637,44,806.82,145.40,57.57,174.76,0.4155,-1,-1,-1
637,75,1495.45,959.31,94.69,119.91,0.5610,-1,-1,-1
637,74,1425.26,978.31,78.32,101.25,0.3235,-1,-1,-1
638,13,328.80,1019.02,88.20,60.96,0.5722,-1,-1,-1
638,45,1201.84,960.00,76.82,119.15,0.3872,-1,-1,-1
638,30,1114.02,949.47,107.89,130.60,0.6372,-1,-1,-1
638,4,1716.72,451.00,80.30,215.68,0.7214,-1,-1,-1
638,58,1625.15,190.29,63.74,182.98,0.5917,-1,-1,-1
638,64,338.69,308.79,68.08,205.43,0.7074,-1,-1,-1
638,3,1114.02,949.47,107.89,130.60,0.6372,-1,-1,-1
638,69,936.56,928.86,60.47,150.42,0.6523,-1,-1,-1
638,73,495.06,539.23,107.05,236.46,0.7293,-1,-1,-1
638,44,806.76,145.32,57.82,174.72,0.4126,-1,-1,-1
638,75,1494.67,956.26,93.85,122.51,0.5613,-1,-1,-1
638,74,1422.19,977.80,76.84,101.73,0.5275,-1,-1,-1
639,13,330.59,1023.77,83.68,56.26,0.5290,-1,-1,-1
639,45,1201.29,961.71,74.53,118.08,0.3352,-1,-1,-1
639,30,1115.08,951.62,112.78,128.44,0.5282,-1,-1,-1
639,4,1716.95,451.66,79.88,215.91,0.7479,-1,-1,-1
639,58,1624.85,190.57,63.15,182.40,0.6118,-1,-1,-1
639,64,338.63,309.92,67.79,205.87,0.7234,-1,-1,-1
639,3,1115.08,951.62,112.78,128.44,0.5282,-1,-1,-1
639,69,934.28,928.46,60.47,151.09,0.6439,-1,-1,-1
639,73,497.23,539.79,98.54,235.84,0.7100,-1,-1,-1
639,44,806.32,144.27,58.19,176.16,0.4030,-1,-1,-1
639,75,1492.48,952.48,94.78,126.40,0.4894,-1,-1,-1
639,74,1418.26,977.95,77.34,101.59,0.5720,-1,-1,-1
640,13,333.24,1027.74,74.64,52.28,0.4231,-1,-1,-1
640,45,1199.05,963.11,75.09,116.86,0.3441,-1,-1,-1
640,30,1116.57,954.10,109.61,125.92,0.5273,-1,-1,-1
640,4,1716.55,451.90,80.29,215.24,0.7387,-1,-1,-1
640,58,1625.25,190.82,61.53,182.12,0.6058,-1,-1,-1
640,64,338.46,310.51,68.44,206.58,0.7183,-1,-1,-1
640,3,1116.57,954.10,109.61,125.92,0.5273,-1,-1,-1
640,69,931.91,928.14,61.25,151.70,0.6263,-1,-1,-1
640,73,498.59,539.81,90.02,236.05,0.7166,-1,-1,-1
640,44,806.50,144.59,58.22,176.02,0.4137,-1,-1,-1
640,75,1490.64,950.10,95.45,128.88,0.4893,-1,-1,-1
640,74,1414.72,977.02,77.91,102.53,0.5615,-1,-1,-1
641,45,1197.44,962.96,75.72,116.74,0.4449,-1,-1,-1
641,30,1118.61,956.31,101.57,123.70,0.6075,-1,-1,-1
641,4,1716.33,452.15,80.81,214.43,0.7378,-1,-1,-1
641,58,1624.81,189.32,61.24,182.20,0.5626,-1,-1,-1
641,64,338.05,311.41,68.61,205.36,0.7134,-1,-1,-1
641,3,1118.61,956.31,101.57,123.70,0.6075,-1,-1,-1
641,69,930.09,927.77,61.80,152.07,0.6147,-1,-1,-1
641,73,498.83,539.51,83.52,236.14,0.7124,-1,-1,-1
641,44,806.37,144.12,58.59,176.33,0.4100,-1,-1,-1
641,75,1486.22,948.01,98.16,130.68,0.5458,-1,-1,-1
641,74,1412.22,975.20,77.81,104.40,0.5778,-1,-1,-1
641,77,209.98,249.30,61.26,175.50,0.3862,-1,-1,-1
642,45,1194.53,964.33,78.07,115.60,0.5282,-1,-1,-1
642,30,1121.53,957.86,92.22,122.14,0.6291,-1,-1,-1
642,4,1716.26,452.52,80.51,214.41,0.7294,-1,-1,-1
642,58,1625.21,189.85,59.40,180.39,0.5612,-1,-1,-1
642,64,337.95,311.64,68.99,204.95,0.7162,-1,-1,-1
642,3,1121.53,957.86,92.22,122.14,0.6291,-1,-1,-1
642,69,927.21,927.55,62.30,152.39,0.6153,-1,-1,-1
642,73,496.15,539.01,77.72,237.35,0.7326,-1,-1,-1
642,44,806.03,144.79,59.05,175.56,0.4088,-1,-1,-1
642,75,1484.66,945.90,96.12,132.76,0.5385,-1,-1,-1
642,74,1410.23,972.76,76.56,106.87,0.6042,-1,-1,-1
642,77,211.54,243.43,58.54,180.86,0.3441,-1,-1,-1
643,45,1194.07,966.32,77.84,113.41,0.3805,-1,-1,-1
643,30,1123.52,959.01,86.26,120.98,0.5928,-1,-1,-1
643,4,1715.66,453.62,80.89,213.47,0.7248,-1,-1,-1
643,58,1624.45,189.61,58.80,182.30,0.5622,-1,-1,-1
643,64,337.88,312.56,69.19,203.88,0.6934,-1,-1,-1
643,3,1123.52,959.00,86.26,120.98,0.5928,-1,-1,-1
643,69,925.49,927.37,62.06,151.89,0.6340,-1,-1,-1
643,73,492.05,539.03,71.37,236.53,0.7055,-1,-1,-1
643,44,805.94,145.34,59.10,175.14,0.4266,-1,-1,-1
643,75,1482.35,943.93,94.56,134.23,0.6202,-1,-1,-1
643,74,1407.11,970.10,78.04,109.54,0.6171,-1,-1,-1
644,45,1196.60,966.81,75.07,113.12,0.3692,-1,-1,-1
644,30,1123.34,960.16,85.84,119.82,0.5938,-1,-1,-1
644,4,1715.36,452.82,81.22,213.82,0.7200,-1,-1,-1
644,58,1624.05,188.78,57.74,180.60,0.6121,-1,-1,-1
644,64,337.20,313.38,70.05,202.68,0.7101,-1,-1,-1
644,3,1123.34,960.16,85.84,119.82,0.5938,-1,-1,-1
644,69,923.58,927.91,61.64,151.51,0.6790,-1,-1,-1
644,73,485.83,539.25,66.76,237.24,0.7517,-1,-1,-1
644,44,805.91,145.62,58.99,175.69,0.4295,-1,-1,-1
644,75,1479.76,943.15,94.38,135.12,0.5813,-1,-1,-1
644,74,1403.47,966.66,79.58,113.02,0.6073,-1,-1,-1
645,30,1122.39,961.06,89.39,118.87,0.4906,-1,-1,-1
645,4,1715.66,452.86,81.10,213.85,0.7229,-1,-1,-1
645,58,1623.45,188.14,57.10,179.23,0.6223,-1,-1,-1
645,64,337.14,314.56,70.16,200.73,0.6924,-1,-1,-1
645,3,1122.39,961.06,89.39,118.87,0.4906,-1,-1,-1
645,69,921.49,928.35,62.10,150.86,0.6906,-1,-1,-1
645,73,477.91,539.59,68.17,238.12,0.7676,-1,-1,-1
645,44,805.85,145.55,58.96,175.53,0.4718,-1,-1,-1
645,75,1475.23,942.59,95.83,136.02,0.5267,-1,-1,-1
645,74,1400.31,963.67,79.56,116.01,0.6027,-1,-1,-1
646,30,1124.10,962.47,82.25,117.49,0.5773,-1,-1,-1
646,4,1715.44,453.77,81.64,213.35,0.7332,-1,-1,-1
646,58,1622.67,186.51,57.64,178.53,0.6405,-1,-1,-1
646,64,336.62,316.84,70.38,198.67,0.7010,-1,-1,-1
646,3,1124.10,962.47,82.25,117.49,0.5773,-1,-1,-1
646,69,919.40,928.28,62.60,150.82,0.6762,-1,-1,-1
646,73,470.71,538.96,72.55,239.05,0.7732,-1,-1,-1
646,44,806.28,145.70,58.51,174.67,0.4739,-1,-1,-1
646,75,1470.17,941.31,97.38,137.50,0.4550,-1,-1,-1
646,74,1395.29,959.83,82.36,119.90,0.6705,-1,-1,-1
646,70,1562.17,605.58,107.54,224.57,0.3774,-1,-1,-1
646,45,1195.91,969.38,75.20,110.75,0.4398,-1,-1,-1
647,30,1125.51,963.70,76.16,116.27,0.5147,-1,-1,-1
647,4,1715.41,453.30,82.04,213.87,0.7302,-1,-1,-1
647,58,1622.09,184.43,58.30,180.62,0.6471,-1,-1,-1
647,64,336.02,319.60,69.92,197.29,0.7115,-1,-1,-1
647,3,1125.51,963.70,76.16,116.27,0.5147,-1,-1,-1
647,69,915.07,928.46,64.96,150.22,0.6718,-1,-1,-1
647,73,466.51,538.52,74.54,239.43,0.7619,-1,-1,-1
647,44,806.48,145.78,58.21,174.08,0.4338,-1,-1,-1
647,75,1467.98,939.51,94.78,140.06,0.5775,-1,-1,-1
647,74,1389.97,955.67,86.64,123.84,0.7061,-1,-1,-1
647,70,1562.08,610.83,107.91,219.62,0.3846,-1,-1,-1
647,45,1197.30,971.62,73.73,108.65,0.3710,-1,-1,-1
648,30,1125.46,965.64,76.19,114.30,0.5521,-1,-1,-1
648,4,1716.01,453.10,81.23,213.04,0.7300,-1,-1,-1
648,58,1620.84,182.70,59.14,177.68,0.6567,-1,-1,-1
648,64,336.00,320.50,68.96,197.78,0.7189,-1,-1,-1
648,3,1125.46,965.64,76.19,114.30,0.5521,-1,-1,-1
648,69,911.38,929.05,67.88,149.50,0.6892,-1,-1,-1
648,73,461.98,537.94,77.27,239.60,0.7499,-1,-1,-1
648,44,806.51,145.72,58.00,173.84,0.4485,-1,-1,-1
648,75,1466.54,937.42,92.39,141.56,0.6301,-1,-1,-1
648,74,1386.68,952.20,88.44,126.93,0.7037,-1,-1,-1
648,70,1562.77,608.10,107.09,221.76,0.3636,-1,-1,-1
648,45,1198.01,975.02,72.50,105.24,0.4518,-1,-1,-1
649,30,1124.97,967.90,78.58,112.04,0.5285,-1,-1,-1
649,4,1716.53,453.52,82.32,213.20,0.7300,-1,-1,-1
649,58,1619.50,181.39,60.31,178.14,0.6595,-1,-1,-1
649,64,335.26,321.38,68.48,199.54,0.7241,-1,-1,-1
649,3,1124.97,967.90,78.58,112.04,0.5285,-1,-1,-1
649,69,907.36,929.40,69.87,149.16,0.7042,-1,-1,-1
649,73,458.97,538.45,78.70,238.30,0.7665,-1,-1,-1
649,44,806.50,145.43,58.23,173.99,0.4677,-1,-1,-1
649,75,1462.26,933.70,94.07,144.32,0.6274,-1,-1,-1
649,74,1383.28,950.42,88.91,128.19,0.6953,-1,-1,-1
649,45,1196.59,977.40,73.27,102.85,0.4520,-1,-1,-1
650,30,1125.68,970.78,74.82,108.84,0.4842,-1,-1,-1
650,4,1717.19,453.40,80.75,212.91,0.7358,-1,-1,-1
650,58,1618.46,180.06,61.53,178.96,0.6244,-1,-1,-1
650,64,334.91,322.55,67.40,202.97,0.7115,-1,-1,-1
650,3,1125.68,970.78,74.82,108.84,0.4842,-1,-1,-1
650,69,904.43,931.03,70.79,147.54,0.7192,-1,-1,-1
650,73,455.13,537.36,80.98,238.81,0.7775,-1,-1,-1
650,44,806.31,144.63,58.26,175.56,0.4638,-1,-1,-1
650,75,1456.91,929.92,95.72,148.13,0.6492,-1,-1,-1
650,74,1378.99,947.60,88.32,130.79,0.7016,-1,-1,-1
650,45,1194.46,981.10,74.89,99.17,0.4099,-1,-1,-1
651,30,1125.22,972.69,77.33,107.19,0.5221,-1,-1,-1
651,4,1717.39,453.69,80.40,212.53,0.7262,-1,-1,-1
651,58,1617.14,177.90,63.22,178.32,0.6217,-1,-1,-1
651,64,334.05,323.31,67.35,204.61,0.7222,-1,-1,-1
651,3,1125.22,972.69,77.33,107.19,0.5221,-1,-1,-1
651,69,902.11,931.25,71.41,147.64,0.7264,-1,-1,-1
651,73,453.18,537.18,81.94,238.66,0.7802,-1,-1,-1
651,44,805.64,143.82,59.00,176.84,0.4501,-1,-1,-1
651,75,1455.59,927.25,94.23,151.75,0.6642,-1,-1,-1
651,74,1372.65,945.73,89.93,132.80,0.6956,-1,-1,-1
651,45,1193.43,983.01,75.20,97.23,0.4304,-1,-1,-1
652,30,1125.82,975.58,69.62,104.39,0.4874,-1,-1,-1
652,4,1717.46,453.74,79.48,212.41,0.7171,-1,-1,-1
652,58,1616.41,175.34,63.89,178.59,0.6510,-1,-1,-1
652,64,333.44,325.24,66.81,205.26,0.7090,-1,-1,-1
652,3,1125.82,975.58,69.62,104.39,0.4874,-1,-1,-1
652,69,900.10,931.04,71.30,147.24,0.6997,-1,-1,-1
652,73,451.41,536.78,83.22,238.63,0.7725,-1,-1,-1
652,44,806.93,143.99,58.05,176.15,0.4759,-1,-1,-1
652,75,1454.42,923.89,92.37,154.81,0.6132,-1,-1,-1
652,74,1368.45,943.72,91.49,134.84,0.6665,-1,-1,-1
652,45,1188.23,986.81,78.81,93.41,0.4591,-1,-1,-1
653,30,1124.69,979.52,71.37,100.26,0.5599,-1,-1,-1
653,4,1718.16,453.19,79.11,212.94,0.7314,-1,-1,-1
653,58,1615.76,174.55,65.02,176.22,0.6819,-1,-1,-1
653,64,333.49,326.97,65.69,205.52,0.7245,-1,-1,-1
653,3,1124.69,979.52,71.37,100.26,0.5599,-1,-1,-1
653,69,898.56,931.55,69.71,146.24,0.6970,-1,-1,-1
653,73,449.78,536.58,85.02,238.34,0.7784,-1,-1,-1
653,44,806.49,144.77,58.20,175.42,0.5210,-1,-1,-1
653,75,1451.08,918.46,92.25,160.67,0.6484,-1,-1,-1
653,74,1364.99,941.67,92.38,136.55,0.7052,-1,-1,-1
653,45,1189.64,988.99,77.34,90.47,0.5711,-1,-1,-1
653,70,1561.17,598.55,111.13,229.53,0.3987,-1,-1,-1
654,30,1124.00,982.71,69.15,96.73,0.5158,-1,-1,-1
654,4,1718.74,452.79,78.88,212.83,0.7316,-1,-1,-1
654,58,1614.98,173.58,66.41,176.88,0.6421,-1,-1,-1
654,64,333.83,328.56,64.13,206.11,0.7105,-1,-1,-1
654,3,1124.00,982.71,69.15,96.73,0.5158,-1,-1,-1
654,69,898.03,932.16,66.47,145.49,0.6881,-1,-1,-1
654,73,450.59,536.26,84.69,238.48,0.7813,-1,-1,-1
654,44,806.62,145.10,58.06,174.07,0.5031,-1,-1,-1
654,75,1448.96,914.90,91.54,164.43,0.6315,-1,-1,-1
654,74,1361.22,939.90,92.29,137.27,0.6924,-1,-1,-1
654,45,1193.97,991.30,73.14,87.26,0.5471,-1,-1,-1
654,70,1561.07,597.93,111.29,229.74,0.4418,-1,-1,-1
655,30,1123.05,985.84,74.76,93.50,0.5832,-1,-1,-1
655,4,1718.57,452.58,78.95,213.22,0.7276,-1,-1,-1
655,58,1614.33,169.36,67.92,180.82,0.5920,-1,-1,-1
655,64,333.29,330.22,63.67,205.27,0.6950,-1,-1,-1
655,3,1123.05,985.84,74.76,93.50,0.5832,-1,-1,-1
655,69,895.30,932.20,66.06,145.28,0.6859,-1,-1,-1
655,73,451.33,536.09,83.25,238.60,0.7840,-1,-1,-1
655,44,806.45,144.62,58.36,174.96,0.4859,-1,-1,-1
655,75,1445.76,914.16,91.64,165.58,0.6456,-1,-1,-1
655,74,1359.12,938.14,92.10,139.06,0.6731,-1,-1,-1
655,45,1198.34,993.60,70.15,84.55,0.5788,-1,-1,-1
655,70,1562.19,598.41,110.60,229.84,0.4130,-1,-1,-1
656,30,1122.79,988.26,72.85,90.35,0.5592,-1,-1,-1
656,4,1718.78,452.19,78.53,213.88,0.7408,-1,-1,-1
656,58,1613.69,167.04,69.05,181.32,0.5936,-1,-1,-1
656,64,332.08,331.54,64.51,206.02,0.6912,-1,-1,-1
656,3,1122.79,988.26,72.85,90.35,0.5592,-1,-1,-1
656,69,892.00,932.36,66.65,144.93,0.7028,-1,-1,-1
656,73,453.00,535.07,81.09,239.40,0.7881,-1,-1,-1
656,44,807.24,144.72,57.41,175.06,0.4742,-1,-1,-1
656,75,1441.07,911.16,93.92,168.60,0.6134,-1,-1,-1
656,74,1357.90,935.89,91.70,141.30,0.6797,-1,-1,-1
656,45,1199.82,995.21,70.29,83.09,0.5795,-1,-1,-1
656,70,1561.31,595.92,110.53,231.88,0.3194,-1,-1,-1
657,30,1122.13,990.07,68.71,88.22,0.5343,-1,-1,-1
657,4,1718.67,452.11,79.03,213.91,0.7387,-1,-1,-1
657,58,1612.62,167.72,70.83,178.77,0.6008,-1,-1,-1
657,64,330.50,332.91,64.95,205.99,0.6783,-1,-1,-1
657,3,1122.13,990.07,68.71,88.22,0.5343,-1,-1,-1
657,69,888.29,932.06,67.87,145.60,0.6986,-1,-1,-1
657,73,453.94,534.99,79.45,239.62,0.7761,-1,-1,-1
657,44,805.66,145.21,59.10,175.53,0.4420,-1,-1,-1
657,75,1435.58,907.91,96.44,171.37,0.6414,-1,-1,-1
657,74,1357.85,933.16,90.70,144.41,0.6722,-1,-1,-1
657,45,1197.97,996.66,73.26,81.85,0.5637,-1,-1,-1
657,70,1562.22,593.81,110.33,233.59,0.3849,-1,-1,-1
658,30,1119.54,990.69,70.54,87.46,0.5450,-1,-1,-1
658,4,1719.04,451.93,78.20,214.69,0.7164,-1,-1,-1
658,58,1611.44,167.42,72.65,177.03,0.5999,-1,-1,-1
658,64,328.84,333.70,65.22,205.78,0.6805,-1,-1,-1
658,3,1119.54,990.69,70.54,87.46,0.5450,-1,-1,-1
658,69,885.43,932.37,68.78,145.71,0.7055,-1,-1,-1
658,73,453.09,533.99,78.92,240.55,0.7578,-1,-1,-1
658,44,805.97,144.36,59.10,175.27,0.4296,-1,-1,-1
658,75,1432.22,905.71,96.26,173.18,0.6657,-1,-1,-1
658,74,1355.08,929.69,90.91,147.52,0.6750,-1,-1,-1
658,45,1196.00,998.16,76.99,80.63,0.5983,-1,-1,-1
658,70,1561.69,594.98,110.58,232.61,0.3064,-1,-1,-1
659,30,1117.95,991.85,75.44,86.56,0.6017,-1,-1,-1
659,4,1718.45,452.11,79.33,214.68,0.7405,-1,-1,-1
659,58,1611.10,167.06,74.11,176.50,0.6066,-1,-1,-1
659,64,325.72,333.10,67.63,206.40,0.7248,-1,-1,-1
659,3,1117.95,991.85,75.44,86.56,0.6017,-1,-1,-1
659,69,882.79,932.60,68.46,145.24,0.7052,-1,-1,-1
659,73,451.89,531.72,79.18,241.72,0.7662,-1,-1,-1
659,44,806.18,143.87,58.95,176.63,0.4360,-1,-1,-1
659,75,1429.38,904.63,95.99,173.63,0.6155,-1,-1,-1
659,74,1352.40,926.84,91.21,150.47,0.6723,-1,-1,-1
659,45,1195.22,999.52,80.10,80.09,0.6217,-1,-1,-1
660,30,1115.99,993.53,77.32,84.94,0.6365,-1,-1,-1
660,4,1718.21,451.81,79.05,214.59,0.7281,-1,-1,-1
660,58,1612.04,166.44,74.10,177.89,0.6504,-1,-1,-1
660,64,323.33,333.37,68.89,205.87,0.7227,-1,-1,-1
660,3,1115.99,993.53,77.32,84.94,0.6365,-1,-1,-1
660,69,880.58,932.21,67.76,145.29,0.6978,-1,-1,-1
660,73,449.85,530.55,77.59,240.56,0.7579,-1,-1,-1
660,44,805.74,144.43,59.12,176.05,0.4491,-1,-1,-1
660,75,1426.79,902.56,98.09,175.39,0.6228,-1,-1,-1
660,74,1350.12,923.58,91.62,152.90,0.6752,-1,-1,-1
660,45,1194.19,1001.79,82.97,78.08,0.6206,-1,-1,-1
661,30,1113.37,994.25,75.48,84.48,0.5997,-1,-1,-1
661,4,1718.26,451.88,79.50,213.61,0.7519,-1,-1,-1
661,58,1613.38,166.42,74.33,175.89,0.6517,-1,-1,-1
661,64,321.81,333.81,69.26,204.81,0.6933,-1,-1,-1
661,3,1113.37,994.25,75.48,84.48,0.5997,-1,-1,-1
661,69,878.77,931.45,66.26,146.98,0.6722,-1,-1,-1
661,73,447.97,530.50,71.79,239.67,0.7663,-1,-1,-1
661,44,806.38,144.36,58.66,175.48,0.4406,-1,-1,-1
661,75,1425.06,900.82,98.93,176.84,0.6329,-1,-1,-1
661,74,1348.31,920.84,90.39,155.30,0.6756,-1,-1,-1
661,45,1192.66,1004.77,85.91,75.27,0.5822,-1,-1,-1
662,30,1111.80,996.15,74.95,82.61,0.6012,-1,-1,-1
662,4,1717.99,451.76,79.86,213.68,0.7496,-1,-1,-1
662,58,1613.49,165.83,75.18,175.72,0.6382,-1,-1,-1
662,64,320.72,333.96,69.30,204.62,0.7002,-1,-1,-1
662,3,1111.80,996.15,74.95,82.61,0.6012,-1,-1,-1
662,69,876.24,930.30,65.34,148.71,0.6624,-1,-1,-1
662,73,443.82,530.18,70.38,240.03,0.7829,-1,-1,-1
662,44,806.23,143.37,58.61,175.55,0.4638,-1,-1,-1
662,75,1423.12,898.48,100.21,179.52,0.4911,-1,-1,-1
662,74,1345.83,916.38,87.96,159.85,0.6168,-1,-1,-1
662,45,1192.67,1005.78,86.84,73.95,0.5335,-1,-1,-1
662,70,1560.80,594.72,114.34,233.08,0.3862,-1,-1,-1
663,30,1110.64,997.77,70.21,80.91,0.5350,-1,-1,-1
663,4,1717.90,452.26,81.25,212.98,0.7377,-1,-1,-1
663,58,1615.20,164.86,74.25,175.16,0.6153,-1,-1,-1
663,64,320.49,334.24,68.71,204.15,0.7130,-1,-1,-1
663,3,1110.64,997.77,70.21,80.91,0.5350,-1,-1,-1
663,69,874.54,929.64,63.76,149.21,0.6632,-1,-1,-1
663,73,439.55,529.28,68.92,239.60,0.8057,-1,-1,-1
663,44,806.81,143.27,58.01,175.15,0.4405,-1,-1,-1
663,75,1421.81,895.96,98.63,183.30,0.6283,-1,-1,-1
663,74,1342.55,911.66,87.23,165.63,0.6731,-1,-1,-1
663,45,1192.90,1007.77,85.93,71.51,0.5120,-1,-1,-1
663,70,1562.45,599.12,112.75,227.71,0.3749,-1,-1,-1
664,30,1109.19,1000.25,66.46,78.59,0.5255,-1,-1,-1
664,4,1717.77,452.55,82.09,213.36,0.7252,-1,-1,-1
664,58,1616.23,163.89,74.04,178.04,0.6268,-1,-1,-1
664,64,320.14,335.09,68.21,203.17,0.7015,-1,-1,-1
664,3,1109.19,1000.25,66.46,78.59,0.5255,-1,-1,-1
664,69,872.09,929.52,64.05,148.67,0.6802,-1,-1,-1
664,73,435.16,528.18,67.62,240.70,0.7957,-1,-1,-1
664,44,805.89,143.10,58.49,175.31,0.4364,-1,-1,-1
664,75,1420.89,892.91,95.77,186.83,0.6074,-1,-1,-1
664,74,1340.46,907.80,86.01,170.35,0.6328,-1,-1,-1
664,45,1193.39,1009.66,84.61,69.86,0.4593,-1,-1,-1
664,70,1560.62,611.50,111.19,216.46,0.3208,-1,-1,-1
665,30,1106.50,1001.99,73.59,77.50,0.5655,-1,-1,-1
665,4,1718.05,452.46,82.08,213.25,0.7288,-1,-1,-1
665,58,1617.60,162.51,73.18,182.14,0.5983,-1,-1,-1
665,64,317.93,335.04,69.43,203.14,0.6931,-1,-1,-1
665,3,1106.50,1001.99,73.59,77.50,0.5655,-1,-1,-1
665,69,869.12,930.28,64.98,148.47,0.6747,-1,-1,-1
665,73,431.75,526.78,63.99,243.12,0.7424,-1,-1,-1
665,44,806.81,143.20,57.63,175.17,0.4678,-1,-1,-1
665,75,1417.57,886.96,97.43,193.03,0.6325,-1,-1,-1
665,74,1338.32,904.41,83.49,173.88,0.6500,-1,-1,-1
665,45,1194.83,1012.39,76.60,67.52,0.4696,-1,-1,-1
665,70,1560.68,602.90,112.47,224.01,0.3465,-1,-1,-1
666,30,1104.61,1004.57,76.98,74.73,0.5717,-1,-1,-1
666,4,1717.93,452.20,81.85,213.97,0.7037,-1,-1,-1
666,58,1618.61,161.15,72.66,182.99,0.6059,-1,-1,-1
666,64,314.20,335.67,72.33,203.66,0.6713,-1,-1,-1
666,3,1104.61,1004.57,76.98,74.73,0.5717,-1,-1,-1
666,69,866.98,930.20,65.56,148.27,0.6917,-1,-1,-1
666,73,428.58,526.53,62.90,246.16,0.7489,-1,-1,-1
666,44,807.42,143.13,56.77,173.86,0.4453,-1,-1,-1
666,75,1413.85,883.01,100.47,197.05,0.6420,-1,-1,-1
666,74,1334.66,902.48,82.36,175.73,0.6548,-1,-1,-1
666,45,1194.82,1014.70,72.44,65.33,0.4931,-1,-1,-1
666,70,1560.01,601.09,114.32,226.18,0.3517,-1,-1,-1
667,30,1103.49,1007.09,72.73,71.59,0.5468,-1,-1,-1
667,4,1717.23,452.66,82.61,214.11,0.6936,-1,-1,-1
667,58,1619.80,159.70,72.15,183.96,0.6140,-1,-1,-1
667,64,309.46,337.84,77.25,203.50,0.7022,-1,-1,-1
667,3,1103.49,1007.09,72.73,71.59,0.5468,-1,-1,-1
667,69,864.47,930.02,66.06,148.41,0.6827,-1,-1,-1
667,73,425.87,526.26,62.62,247.70,0.7494,-1,-1,-1
667,44,807.11,144.19,57.08,173.49,0.4432,-1,-1,-1
667,75,1409.37,880.25,99.73,199.86,0.6887,-1,-1,-1
667,74,1331.80,899.80,81.67,179.02,0.6582,-1,-1,-1
667,45,1195.68,1017.23,68.19,62.86,0.5358,-1,-1,-1
667,70,1559.75,599.57,114.10,227.07,0.4136,-1,-1,-1
668,30,1103.32,1009.74,70.80,68.16,0.5577,-1,-1,-1
668,4,1717.06,452.70,83.47,214.08,0.7211,-1,-1,-1
668,58,1621.44,157.31,72.14,183.29,0.5986,-1,-1,-1
668,64,309.29,340.70,77.11,204.02,0.6965,-1,-1,-1
668,3,1103.32,1009.74,70.80,68.16,0.5577,-1,-1,-1
668,69,862.27,929.72,66.37,148.56,0.6842,-1,-1,-1
668,73,422.93,526.62,63.29,246.26,0.7642,-1,-1,-1
668,44,807.91,143.30,56.15,173.66,0.4508,-1,-1,-1
668,75,1406.51,876.83,99.24,203.26,0.6790,-1,-1,-1
668,74,1330.09,898.43,81.83,180.40,0.6540,-1,-1,-1
668,45,1195.79,1019.99,64.11,59.84,0.5497,-1,-1,-1
668,70,1559.80,600.98,114.28,226.23,0.3893,-1,-1,-1
668,72,479.08,122.36,51.90,166.13,0.3398,-1,-1,-1
669,30,1104.11,1012.79,63.12,64.22,0.4825,-1,-1,-1
669,4,1717.61,452.04,83.09,215.37,0.6930,-1,-1,-1
669,58,1622.35,154.26,72.42,184.27,0.6092,-1,-1,-1
669,64,310.21,344.40,76.17,203.98,0.7222,-1,-1,-1
669,3,1104.11,1012.79,63.12,64.22,0.4825,-1,-1,-1
669,69,859.56,930.07,67.10,148.42,0.6618,-1,-1,-1
669,73,417.96,526.97,67.31,246.48,0.7522,-1,-1,-1
669,44,807.52,144.34,56.66,173.23,0.4310,-1,-1,-1
669,75,1404.27,874.42,98.87,205.65,0.7231,-1,-1,-1
669,74,1328.89,897.41,80.76,181.30,0.6975,-1,-1,-1
669,45,1196.04,1024.44,60.90,55.34,0.4728,-1,-1,-1
669,70,1560.04,601.48,114.48,225.84,0.3875,-1,-1,-1
669,72,479.43,124.28,53.26,164.19,0.3489,-1,-1,-1
670,30,1104.39,1016.01,62.74,60.75,0.4967,-1,-1,-1
670,4,1717.00,452.19,84.10,214.97,0.7121,-1,-1,-1
670,58,1623.74,153.17,71.99,184.14,0.6214,-1,-1,-1
670,64,310.92,346.31,74.57,205.18,0.7317,-1,-1,-1
670,3,1104.39,1016.01,62.74,60.75,0.4967,-1,-1,-1
670,69,857.40,929.66,67.71,149.03,0.6724,-1,-1,-1
670,73,411.38,527.43,72.84,245.71,0.7736,-1,-1,-1
670,44,806.43,144.72,57.78,173.96,0.4429,-1,-1,-1
670,75,1401.47,871.07,101.36,208.99,0.6869,-1,-1,-1
670,74,1326.71,896.03,80.23,182.81,0.7181,-1,-1,-1
670,45,1196.53,1028.11,57.89,51.09,0.4299,-1,-1,-1
670,70,1561.56,599.86,112.32,226.66,0.3952,-1,-1,-1
670,72,479.41,118.23,54.41,170.14,0.3427,-1,-1,-1
671,30,1103.80,1019.82,55.68,57.41,0.5073,-1,-1,-1
671,4,1716.71,452.59,84.97,214.54,0.7191,-1,-1,-1
671,58,1625.13,152.11,70.90,182.70,0.6195,-1,-1,-1
671,64,310.92,347.73,73.97,207.59,0.7608,-1,-1,-1
671,3,1103.80,1019.82,55.68,57.41,0.5073,-1,-1,-1
671,69,855.43,929.98,68.11,148.67,0.6828,-1,-1,-1
671,73,406.29,527.43,76.67,245.67,0.7843,-1,-1,-1
671,44,806.65,144.62,57.43,174.03,0.4940,-1,-1,-1
671,75,1400.04,866.85,101.40,213.07,0.6959,-1,-1,-1
671,74,1324.83,895.00,78.65,183.96,0.7093,-1,-1,-1
671,45,1197.30,1031.76,52.98,47.76,0.3961,-1,-1,-1
671,70,1561.82,601.11,113.06,226.16,0.4000,-1,-1,-1
671,72,478.89,117.67,55.78,171.07,0.3796,-1,-1,-1
672,30,1105.53,1024.35,49.47,54.03,0.4839,-1,-1,-1
672,4,1716.66,452.03,84.88,214.75,0.7041,-1,-1,-1
672,58,1626.78,154.81,69.02,177.14,0.5869,-1,-1,-1
672,64,311.28,348.96,72.87,207.69,0.7650,-1,-1,-1
672,3,1105.53,1024.35,49.47,54.03,0.4839,-1,-1,-1
672,69,854.19,929.40,67.61,149.10,0.6779,-1,-1,-1
672,73,402.81,528.40,79.46,244.47,0.7850,-1,-1,-1
672,44,806.29,143.98,57.65,175.46,0.4744,-1,-1,-1
672,75,1399.89,862.44,100.69,217.60,0.7246,-1,-1,-1
672,74,1320.09,894.12,80.94,185.41,0.7340,-1,-1,-1
672,45,1197.42,1034.47,49.45,45.31,0.3781,-1,-1,-1
672,70,1560.80,599.96,113.72,227.46,0.3610,-1,-1,-1
672,72,480.10,123.28,53.60,166.48,0.3251,-1,-1,-1
673,30,1107.34,1028.98,45.57,50.37,0.4311,-1,-1,-1
673,4,1716.42,452.59,85.82,214.79,0.7261,-1,-1,-1
673,58,1627.50,155.69,68.15,175.90,0.5827,-1,-1,-1
673,64,311.54,350.85,71.98,207.92,0.7739,-1,-1,-1
673,3,1107.34,1028.98,45.57,50.37,0.4311,-1,-1,-1
673,69,853.30,929.63,66.69,149.40,0.6823,-1,-1,-1
673,73,400.25,529.96,81.65,243.49,0.7856,-1,-1,-1
673,44,807.22,144.12,56.69,175.62,0.4711,-1,-1,-1
673,75,1400.97,860.73,96.69,219.35,0.6946,-1,-1,-1
673,74,1316.79,892.07,81.68,187.86,0.7126,-1,-1,-1
673,45,1197.24,1036.18,44.87,43.67,0.3754,-1,-1,-1
673,70,1560.31,600.33,112.90,226.82,0.3480,-1,-1,-1
673,72,480.67,126.88,53.04,164.67,0.3662,-1,-1,-1
673,78,428.72,134.76,45.41,153.34,0.3555,-1,-1,-1
673,77,228.22,233.65,59.83,173.56,0.3534,-1,-1,-1
674,30,1108.66,1031.62,42.77,48.29,0.4071,-1,-1,-1
674,4,1715.87,452.64,87.34,215.02,0.7271,-1,-1,-1
674,58,1628.04,156.14,67.48,173.99,0.5283,-1,-1,-1
674,64,311.11,351.85,72.26,208.79,0.7630,-1,-1,-1
674,3,1108.66,1031.62,42.77,48.29,0.4071,-1,-1,-1
674,69,851.31,929.26,65.89,150.31,0.6870,-1,-1,-1
674,73,397.46,530.38,83.89,243.57,0.7802,-1,-1,-1
674,44,807.21,144.48,56.75,175.09,0.4518,-1,-1,-1
674,75,1399.80,858.92,93.80,221.21,0.5804,-1,-1,-1
674,74,1313.11,889.24,82.20,190.80,0.7251,-1,-1,-1
674,45,1196.80,1037.39,42.85,42.62,0.3225,-1,-1,-1
674,70,1563.23,599.57,106.57,227.42,0.4025,-1,-1,-1
674,72,480.12,128.61,52.84,165.99,0.4240,-1,-1,-1
674,78,428.99,134.44,45.56,154.98,0.3380,-1,-1,-1
675,30,1109.14,1035.59,41.31,44.52,0.3530,-1,-1,-1
675,4,1715.68,452.60,87.78,214.02,0.7088,-1,-1,-1
675,58,1627.95,156.10,67.13,174.08,0.5498,-1,-1,-1
675,64,311.57,353.19,72.02,209.87,0.7547,-1,-1,-1
675,3,1109.14,1035.59,41.31,44.52,0.3530,-1,-1,-1
675,69,850.76,930.17,63.83,149.81,0.6792,-1,-1,-1
675,73,393.97,529.41,87.27,244.91,0.7812,-1,-1,-1
675,44,806.61,144.54,57.49,175.38,0.4834,-1,-1,-1
675,75,1394.67,860.65,102.82,219.48,0.5470,-1,-1,-1
675,74,1307.12,886.46,84.33,193.29,0.7486,-1,-1,-1
675,45,1196.37,1041.04,42.49,39.04,0.3339,-1,-1,-1
675,70,1561.27,609.61,109.78,218.89,0.4194,-1,-1,-1
675,72,479.62,127.68,53.66,170.22,0.4519,-1,-1,-1
675,78,429.63,134.48,45.59,158.05,0.3502,-1,-1,-1
676,4,1716.27,453.16,87.03,213.09,0.7210,-1,-1,-1
676,58,1627.95,155.25,66.51,178.52,0.5772,-1,-1,-1
676,64,311.78,355.19,71.21,209.37,0.7454,-1,-1,-1
676,69,849.39,930.65,62.29,149.51,0.6678,-1,-1,-1
676,73,390.26,530.49,90.74,244.41,0.7890,-1,-1,-1
676,44,807.18,144.88,56.93,174.88,0.4157,-1,-1,-1
676,75,1385.00,860.96,105.66,219.22,0.6201,-1,-1,-1
676,74,1302.79,883.53,84.41,196.53,0.7680,-1,-1,-1
676,45,1196.03,1043.32,43.48,36.81,0.3280,-1,-1,-1
676,72,480.24,128.86,54.71,171.45,0.4885,-1,-1,-1
676,78,428.30,139.44,47.65,154.31,0.3067,-1,-1,-1
677,4,1716.07,453.23,87.29,213.20,0.7146,-1,-1,-1
677,58,1627.25,156.03,65.93,175.81,0.5569,-1,-1,-1
677,64,311.52,355.69,71.90,209.40,0.7470,-1,-1,-1
677,69,847.95,930.51,62.18,149.48,0.6736,-1,-1,-1
677,73,384.74,530.82,95.57,244.38,0.7918,-1,-1,-1
677,44,806.57,145.39,57.13,173.47,0.4295,-1,-1,-1
677,75,1376.31,859.36,106.37,220.73,0.6728,-1,-1,-1
677,74,1299.68,879.80,84.72,199.38,0.7790,-1,-1,-1
677,45,1195.83,1045.30,45.61,34.74,0.3254,-1,-1,-1
677,72,479.59,129.64,55.86,173.49,0.4870,-1,-1,-1
677,78,426.59,141.54,48.38,153.95,0.3163,-1,-1,-1
677,77,232.69,229.76,64.68,176.39,0.3570,-1,-1,-1
678,4,1716.15,453.31,87.34,213.41,0.6945,-1,-1,-1
678,58,1625.86,156.35,66.60,174.05,0.5405,-1,-1,-1
678,64,311.50,356.73,71.76,209.23,0.7369,-1,-1,-1
678,69,846.47,929.62,62.65,150.15,0.6766,-1,-1,-1
678,73,379.14,531.37,101.04,243.83,0.7888,-1,-1,-1
678,44,806.60,144.98,57.07,173.33,0.4275,-1,-1,-1
678,75,1371.06,859.03,107.37,221.03,0.6415,-1,-1,-1
678,74,1293.62,876.78,86.37,202.96,0.7790,-1,-1,-1
678,45,1194.93,1047.74,48.21,32.29,0.3037,-1,-1,-1
678,72,479.95,130.61,56.33,173.70,0.4901,-1,-1,-1
678,77,234.72,232.27,60.45,172.95,0.3683,-1,-1,-1
679,4,1715.94,452.72,86.60,212.97,0.6947,-1,-1,-1
679,58,1625.27,156.56,66.59,173.58,0.5725,-1,-1,-1
679,64,311.98,356.45,70.11,209.73,0.7147,-1,-1,-1
679,69,844.59,927.82,64.64,152.14,0.6984,-1,-1,-1
679,73,373.29,531.41,106.14,243.91,0.7829,-1,-1,-1
679,44,806.21,145.17,57.22,173.22,0.4359,-1,-1,-1
679,75,1369.80,857.85,105.31,222.21,0.6364,-1,-1,-1
679,74,1288.31,873.99,88.76,205.96,0.7926,-1,-1,-1
679,72,480.67,131.65,55.58,173.78,0.5016,-1,-1,-1
679,77,236.48,233.58,57.94,169.49,0.3749,-1,-1,-1
679,70,1561.53,600.67,111.39,227.06,0.4542,-1,-1,-1
680,4,1715.92,453.04,87.46,213.37,0.7332,-1,-1,-1
680,58,1624.80,155.50,66.51,172.88,0.5885,-1,-1,-1
680,64,311.04,356.95,71.18,208.56,0.7214,-1,-1,-1
680,69,843.72,927.49,64.15,152.56,0.7235,-1,-1,-1
680,73,368.17,530.80,109.96,244.61,0.7842,-1,-1,-1
680,44,806.00,145.29,56.59,173.47,0.4524,-1,-1,-1
680,75,1367.56,856.92,102.49,223.13,0.6466,-1,-1,-1
680,74,1284.97,871.12,88.88,208.91,0.7654,-1,-1,-1
680,72,479.77,132.86,57.16,173.55,0.4887,-1,-1,-1
680,77,238.17,233.24,55.92,167.85,0.3297,-1,-1,-1
680,70,1560.48,613.64,109.76,215.20,0.3474,-1,-1,-1
681,4,1716.63,453.23,86.85,213.28,0.7224,-1,-1,-1
681,58,1623.93,156.33,66.09,171.98,0.6201,-1,-1,-1
681,64,311.38,357.13,70.92,207.57,0.7005,-1,-1,-1
681,69,841.75,926.17,66.91,153.47,0.7214,-1,-1,-1
681,73,360.98,530.65,116.21,244.79,0.8075,-1,-1,-1
681,44,807.72,145.19,54.59,172.42,0.4537,-1,-1,-1
681,75,1367.80,854.42,97.78,225.59,0.6771,-1,-1,-1
681,74,1280.14,868.35,89.76,211.22,0.7400,-1,-1,-1
681,72,479.33,132.71,57.36,174.32,0.4733,-1,-1,-1
681,77,239.31,233.53,55.38,165.57,0.4024,-1,-1,-1
681,70,1559.81,621.09,110.09,207.92,0.3382,-1,-1,-1
682,4,1716.45,453.29,86.70,213.52,0.7354,-1,-1,-1
682,58,1623.54,155.52,66.30,173.37,0.5939,-1,-1,-1
682,64,310.46,357.94,71.95,207.14,0.7168,-1,-1,-1
682,69,839.15,924.65,69.74,154.85,0.7307,-1,-1,-1
682,73,357.51,530.58,119.43,244.32,0.8010,-1,-1,-1
682,44,807.30,144.83,54.52,173.10,0.4277,-1,-1,-1
682,75,1369.26,851.04,92.73,228.93,0.7170,-1,-1,-1
682,74,1276.91,865.47,90.40,214.08,0.7595,-1,-1,-1
682,72,479.32,132.30,57.83,174.59,0.4573,-1,-1,-1
682,77,238.91,232.01,59.18,168.74,0.3068,-1,-1,-1
682,70,1561.22,609.90,108.97,218.09,0.3477,-1,-1,-1
683,4,1716.72,453.72,86.54,213.17,0.7296,-1,-1,-1
683,58,1622.21,155.25,65.87,175.70,0.5770,-1,-1,-1
683,64,310.44,357.59,71.21,207.26,0.7243,-1,-1,-1
683,69,836.67,924.08,72.20,155.34,0.7290,-1,-1,-1
683,73,353.52,530.37,122.51,244.79,0.7991,-1,-1,-1
683,44,808.48,145.05,53.35,171.97,0.4263,-1,-1,-1
683,75,1366.95,846.07,91.50,233.85,0.7204,-1,-1,-1
683,74,1272.19,863.46,92.90,215.96,0.7655,-1,-1,-1
683,72,480.20,131.57,56.75,175.61,0.4436,-1,-1,-1
683,70,1562.01,605.39,110.02,222.49,0.3797,-1,-1,-1
684,4,1716.26,453.39,86.15,213.82,0.7205,-1,-1,-1
684,58,1620.99,155.22,65.00,177.32,0.5948,-1,-1,-1
684,64,310.07,357.91,70.51,206.99,0.7256,-1,-1,-1
684,69,834.28,923.45,74.37,156.08,0.7274,-1,-1,-1
684,73,351.73,528.59,122.28,246.65,0.7919,-1,-1,-1
684,44,807.26,145.10,54.10,173.00,0.4360,-1,-1,-1
684,75,1361.36,841.28,93.12,238.69,0.7312,-1,-1,-1
684,74,1267.52,861.51,94.97,216.79,0.7917,-1,-1,-1
684,72,481.17,134.43,56.27,172.54,0.4283,-1,-1,-1
684,70,1560.84,613.61,109.05,215.38,0.3500,-1,-1,-1
684,78,426.12,142.92,46.70,153.12,0.3502,-1,-1,-1
685,4,1715.90,452.75,85.52,214.21,0.7321,-1,-1,-1
685,58,1620.42,154.12,64.05,180.65,0.5787,-1,-1,-1
685,64,310.00,359.18,69.93,206.69,0.7166,-1,-1,-1
685,69,830.58,923.30,77.87,156.09,0.7385,-1,-1,-1
685,73,350.68,527.75,121.46,248.09,0.7988,-1,-1,-1
685,44,807.68,145.10,53.33,172.37,0.3861,-1,-1,-1
685,75,1358.66,838.13,92.09,241.77,0.7493,-1,-1,-1
685,74,1265.65,859.63,93.58,217.76,0.7938,-1,-1,-1
685,72,480.35,135.35,57.60,171.51,0.4336,-1,-1,-1
685,70,1561.91,606.00,108.73,222.25,0.4136,-1,-1,-1
686,4,1715.62,451.88,85.98,214.79,0.7436,-1,-1,-1
686,58,1619.28,152.25,64.46,181.60,0.5285,-1,-1,-1
686,64,309.53,362.00,68.73,206.65,0.7139,-1,-1,-1
686,69,828.55,922.37,80.00,156.42,0.7459,-1,-1,-1
686,73,350.51,528.26,118.69,248.00,0.8008,-1,-1,-1
686,44,807.51,145.03,52.86,171.90,0.3854,-1,-1,-1
686,75,1356.35,834.31,91.59,245.33,0.7473,-1,-1,-1
686,74,1263.58,857.48,94.04,220.29,0.7990,-1,-1,-1
686,72,480.24,136.19,57.24,170.48,0.4760,-1,-1,-1
686,70,1560.94,612.09,109.08,217.27,0.3928,-1,-1,-1
686,78,424.65,143.48,48.71,155.20,0.3441,-1,-1,-1
687,4,1715.68,451.80,86.29,214.32,0.7522,-1,-1,-1
687,58,1618.03,150.41,63.97,182.17,0.5445,-1,-1,-1
687,64,309.85,365.28,67.20,206.81,0.7049,-1,-1,-1
687,69,827.14,922.46,81.04,156.36,0.7347,-1,-1,-1
687,73,351.04,528.83,112.92,248.32,0.7980,-1,-1,-1
687,44,808.08,144.75,51.74,171.21,0.3754,-1,-1,-1
687,75,1353.05,830.58,91.38,248.87,0.7660,-1,-1,-1
687,74,1261.62,855.79,92.19,223.31,0.7733,-1,-1,-1
687,72,479.59,135.17,58.53,170.90,0.5019,-1,-1,-1
687,70,1560.35,604.49,110.90,223.74,0.4128,-1,-1,-1
687,78,425.21,147.05,47.89,151.97,0.3644,-1,-1,-1
688,4,1715.48,452.48,87.49,214.28,0.7611,-1,-1,-1
688,58,1615.56,147.96,64.24,177.98,0.5620,-1,-1,-1
688,64,310.17,368.06,66.00,206.96,0.7048,-1,-1,-1
688,69,824.83,922.82,83.04,155.93,0.7342,-1,-1,-1
688,73,352.01,528.73,108.01,249.06,0.8145,-1,-1,-1
688,44,807.56,143.83,51.95,171.60,0.3822,-1,-1,-1
688,75,1348.93,829.52,91.32,250.19,0.7935,-1,-1,-1
688,74,1260.73,853.44,89.50,226.16,0.7828,-1,-1,-1
688,72,480.53,135.19,57.75,170.99,0.4925,-1,-1,-1
688,70,1560.34,610.06,110.24,218.87,0.4330,-1,-1,-1
689,4,1715.28,451.96,86.57,214.85,0.7512,-1,-1,-1
689,58,1614.46,145.47,64.74,177.82,0.5713,-1,-1,-1
689,64,310.53,369.45,64.35,206.46,0.7069,-1,-1,-1
689,69,822.71,923.46,84.52,155.33,0.7300,-1,-1,-1
689,73,354.29,529.24,103.59,248.79,0.8144,-1,-1,-1
689,44,807.57,143.30,51.20,171.79,0.3374,-1,-1,-1
689,75,1345.23,827.21,93.23,252.62,0.7898,-1,-1,-1
689,74,1259.16,851.00,87.36,228.82,0.7728,-1,-1,-1
689,72,481.27,133.96,57.38,172.25,0.5106,-1,-1,-1
689,70,1559.30,601.84,112.73,226.19,0.4635,-1,-1,-1
690,4,1715.59,451.26,87.06,216.38,0.7242,-1,-1,-1
690,58,1612.93,143.74,65.34,178.25,0.5981,-1,-1,-1
690,64,310.36,371.99,63.15,207.23,0.6977,-1,-1,-1
690,69,821.67,924.89,85.87,153.53,0.7442,-1,-1,-1
690,73,357.06,529.19,98.47,249.86,0.8186,-1,-1,-1
690,44,806.32,141.47,50.49,171.41,0.3101,-1,-1,-1
690,75,1341.17,824.34,92.86,255.58,0.7714,-1,-1,-1
690,74,1257.71,848.30,86.89,231.65,0.7244,-1,-1,-1
690,72,480.99,133.61,57.75,173.49,0.4951,-1,-1,-1
690,70,1560.71,598.43,112.75,228.88,0.4750,-1,-1,-1
690,78,426.30,149.28,47.45,154.36,0.3625,-1,-1,-1
691,4,1715.81,451.71,87.35,216.66,0.7420,-1,-1,-1
691,58,1611.05,141.89,65.27,178.77,0.6323,-1,-1,-1
691,64,309.80,374.64,63.24,207.61,0.7123,-1,-1,-1
691,69,821.96,925.72,85.39,152.26,0.7384,-1,-1,-1
691,73,362.25,530.75,91.53,249.41,0.8249,-1,-1,-1
691,44,804.76,140.75,51.03,171.10,0.3557,-1,-1,-1
691,75,1335.99,823.08,95.89,256.89,0.7799,-1,-1,-1
691,74,1256.53,845.47,85.73,233.66,0.7877,-1,-1,-1
691,72,479.74,134.02,59.26,175.90,0.4977,-1,-1,-1
691,70,1563.29,597.89,111.06,229.74,0.5027,-1,-1,-1
691,78,426.31,148.35,47.60,157.55,0.4164,-1,-1,-1
692,4,1716.13,452.41,87.27,215.54,0.7367,-1,-1,-1
692,58,1609.37,140.63,65.80,179.22,0.6501,-1,-1,-1
692,64,308.93,375.01,63.59,210.28,0.7244,-1,-1,-1
692,69,822.13,927.44,84.56,149.61,0.7439,-1,-1,-1
692,73,367.25,532.85,85.90,249.23,0.8117,-1,-1,-1
692,44,805.10,141.21,51.05,172.78,0.3667,-1,-1,-1
692,75,1332.37,822.32,95.97,257.67,0.7622,-1,-1,-1
692,74,1255.71,842.17,83.79,236.10,0.7949,-1,-1,-1
692,72,480.51,135.11,58.77,178.65,0.5239,-1,-1,-1
692,70,1562.63,599.95,112.08,227.65,0.4431,-1,-1,-1
692,78,427.07,150.48,46.96,157.43,0.4642,-1,-1,-1
693,4,1716.19,451.61,86.72,216.21,0.7273,-1,-1,-1
693,58,1608.34,138.78,65.73,178.91,0.6570,-1,-1,-1
693,64,307.72,374.82,63.81,213.40,0.7135,-1,-1,-1
693,69,822.65,927.98,83.85,148.88,0.7416,-1,-1,-1
693,73,372.02,534.04,80.27,250.22,0.8112,-1,-1,-1
693,44,804.98,141.34,50.83,173.00,0.3685,-1,-1,-1
693,75,1329.63,820.58,94.57,259.41,0.7656,-1,-1,-1
693,74,1253.88,838.75,82.44,240.51,0.8201,-1,-1,-1
693,72,481.09,137.61,57.59,178.85,0.4969,-1,-1,-1
693,70,1562.42,600.73,112.34,226.80,0.4972,-1,-1,-1
693,78,427.50,153.89,46.55,155.66,0.4494,-1,-1,-1
694,4,1715.93,451.59,87.10,216.92,0.7418,-1,-1,-1
694,58,1606.78,136.35,66.10,179.19,0.6390,-1,-1,-1
694,64,306.30,375.07,64.60,215.12,0.7027,-1,-1,-1
694,69,822.43,928.48,84.92,148.29,0.7642,-1,-1,-1
694,73,376.41,534.78,75.91,249.80,0.8163,-1,-1,-1
694,44,805.09,140.78,50.08,173.42,0.3449,-1,-1,-1
694,75,1327.30,818.98,94.18,261.02,0.7709,-1,-1,-1
694,74,1252.24,835.22,81.18,243.77,0.8163,-1,-1,-1
694,72,481.09,139.79,57.26,178.40,0.5082,-1,-1,-1
694,70,1562.53,600.46,111.93,227.10,0.5118,-1,-1,-1
694,78,427.42,154.83,46.90,155.84,0.4790,-1,-1,-1
695,4,1716.70,452.16,86.47,215.91,0.7253,-1,-1,-1
695,58,1606.29,135.41,65.70,178.94,0.6304,-1,-1,-1
695,64,305.57,375.07,64.98,215.42,0.6669,-1,-1,-1
695,69,822.27,930.07,85.59,147.10,0.7505,-1,-1,-1
695,73,379.42,535.17,72.56,249.98,0.8111,-1,-1,-1
695,44,805.04,138.60,49.07,174.85,0.3660,-1,-1,-1
695,75,1326.56,817.60,93.12,262.34,0.7505,-1,-1,-1
695,74,1249.80,831.72,80.85,246.69,0.7898,-1,-1,-1
695,72,480.52,142.26,58.63,177.27,0.5267,-1,-1,-1
695,70,1562.27,599.90,111.67,227.85,0.4231,-1,-1,-1
695,78,428.14,155.61,46.17,155.00,0.4007,-1,-1,-1
696,4,1717.03,452.17,86.41,215.14,0.7146,-1,-1,-1
696,58,1605.28,134.62,65.75,179.67,0.6069,-1,-1,-1
696,64,303.59,375.30,66.89,215.03,0.6333,-1,-1,-1
696,69,822.82,931.20,85.32,146.60,0.7368,-1,-1,-1
696,73,381.53,535.44,69.52,250.68,0.8032,-1,-1,-1
696,44,804.98,137.72,48.32,174.97,0.3305,-1,-1,-1
696,75,1325.11,815.51,92.63,264.49,0.7582,-1,-1,-1
696,74,1245.59,829.66,81.27,248.33,0.7861,-1,-1,-1
696,72,481.20,146.30,58.11,173.86,0.5444,-1,-1,-1
696,70,1561.70,600.74,112.42,226.43,0.4138,-1,-1,-1
696,78,427.77,157.52,46.68,152.43,0.4005,-1,-1,-1
697,4,1716.64,452.45,87.02,214.91,0.7071,-1,-1,-1
697,58,1602.90,134.71,67.28,178.67,0.5440,-1,-1,-1
697,64,300.65,375.84,69.64,214.97,0.6338,-1,-1,-1
697,69,824.00,932.48,84.47,145.66,0.7474,-1,-1,-1
697,73,382.68,536.37,68.02,250.29,0.7921,-1,-1,-1
697,44,804.26,138.31,47.70,176.43,0.3468,-1,-1,-1
697,75,1321.90,812.69,94.15,267.35,0.7815,-1,-1,-1
697,74,1242.34,828.09,81.74,250.04,0.7670,-1,-1,-1
697,72,480.54,148.80,58.62,172.52,0.5389,-1,-1,-1
697,70,1561.67,601.21,111.99,225.37,0.4146,-1,-1,-1
697,78,428.08,157.72,47.06,152.53,0.4383,-1,-1,-1
698,4,1717.25,452.50,86.19,214.65,0.7369,-1,-1,-1
698,58,1602.42,134.47,67.40,178.33,0.5203,-1,-1,-1
698,64,299.34,376.34,71.04,214.52,0.6217,-1,-1,-1
698,69,825.59,932.10,83.31,146.33,0.7641,-1,-1,-1
698,73,383.87,537.22,67.05,249.27,0.7955,-1,-1,-1
698,44,804.25,138.73,46.87,176.40,0.3735,-1,-1,-1
698,75,1318.55,809.85,95.34,270.16,0.7908,-1,-1,-1
698,74,1238.76,826.98,82.24,250.97,0.7712,-1,-1,-1
698,72,480.19,150.40,58.20,171.29,0.5220,-1,-1,-1
698,70,1560.34,606.68,112.87,221.07,0.4400,-1,-1,-1
698,78,427.54,156.11,47.87,154.25,0.4168,-1,-1,-1
699,4,1717.82,452.35,85.04,215.07,0.7188,-1,-1,-1
699,58,1600.43,133.79,68.94,180.51,0.4055,-1,-1,-1
699,64,298.34,376.49,72.02,213.55,0.6502,-1,-1,-1
699,69,826.53,932.48,83.13,146.01,0.7653,-1,-1,-1
699,73,384.63,537.69,65.14,248.46,0.7807,-1,-1,-1
699,44,804.59,138.02,46.05,177.70,0.3273,-1,-1,-1
699,75,1316.77,805.88,92.77,273.07,0.8004,-1,-1,-1
699,74,1233.94,824.97,84.96,252.68,0.7672,-1,-1,-1
699,72,479.59,151.16,59.40,170.76,0.5514,-1,-1,-1
699,70,1563.31,602.23,111.52,224.54,0.4241,-1,-1,-1
699,78,426.13,154.60,49.68,156.03,0.4545,-1,-1,-1
700,4,1717.91,452.57,84.73,214.18,0.7238,-1,-1,-1
700,58,1598.64,133.55,70.55,180.76,0.3628,-1,-1,-1
700,64,297.02,376.41,72.51,213.18,0.6560,-1,-1,-1
700,69,828.24,932.78,82.52,145.90,0.7654,-1,-1,-1
700,73,385.16,538.74,64.19,247.65,0.7897,-1,-1,-1
700,44,803.52,135.50,47.04,179.50,0.3099,-1,-1,-1
700,75,1314.52,802.56,91.35,274.58,0.7930,-1,-1,-1
700,74,1230.79,823.08,86.46,253.11,0.7665,-1,-1,-1
700,72,479.43,150.60,59.69,171.55,0.5273,-1,-1,-1
700,70,1561.94,609.43,110.78,217.96,0.4453,-1,-1,-1
700,78,427.08,153.94,48.99,156.60,0.3923,-1,-1,-1
701,4,1717.41,452.43,85.78,215.26,0.7201,-1,-1,-1
701,58,1597.40,134.39,71.90,180.45,0.3538,-1,-1,-1
701,64,295.92,377.29,73.71,211.39,0.6498,-1,-1,-1
701,69,829.33,932.40,84.25,146.05,0.7711,-1,-1,-1
701,73,385.49,539.23,62.86,246.50,0.7570,-1,-1,-1
701,44,803.01,136.20,47.41,177.72,0.3478,-1,-1,-1
701,75,1312.70,798.85,92.27,274.43,0.7865,-1,-1,-1
701,74,1227.36,820.12,88.86,256.01,0.8024,-1,-1,-1
701,72,479.74,150.82,59.49,171.16,0.5429,-1,-1,-1
701,70,1561.62,603.58,112.70,223.44,0.3881,-1,-1,-1
701,78,428.20,153.77,47.34,156.85,0.3802,-1,-1,-1
702,4,1717.25,451.71,86.33,215.65,0.7401,-1,-1,-1
702,58,1597.57,134.69,71.23,180.17,0.3889,-1,-1,-1
702,64,295.59,376.84,74.07,211.95,0.6840,-1,-1,-1
702,69,831.69,933.15,83.39,145.44,0.7707,-1,-1,-1
702,73,386.13,539.87,60.82,245.42,0.7414,-1,-1,-1
702,44,800.15,137.15,50.60,176.88,0.3631,-1,-1,-1
702,75,1310.49,794.04,92.88,266.85,0.7726,-1,-1,-1
702,74,1222.27,817.47,92.76,257.66,0.7633,-1,-1,-1
702,72,480.36,149.95,58.51,171.43,0.5421,-1,-1,-1
702,70,1560.86,618.53,111.66,208.91,0.3462,-1,-1,-1
702,78,429.53,152.28,47.08,159.02,0.3210,-1,-1,-1
703,4,1717.26,451.65,86.35,216.47,0.7372,-1,-1,-1
703,58,1599.50,131.66,69.21,184.28,0.4385,-1,-1,-1
703,64,295.06,377.17,74.61,213.10,0.6903,-1,-1,-1
703,69,833.76,933.71,83.17,144.68,0.7770,-1,-1,-1
703,73,387.06,540.40,58.98,244.83,0.7364,-1,-1,-1
703,44,799.53,137.75,51.19,175.92,0.3602,-1,-1,-1
703,75,1308.80,789.67,93.14,263.07,0.7814,-1,-1,-1
703,74,1220.48,815.68,91.57,258.48,0.7740,-1,-1,-1
703,72,479.85,149.45,58.89,170.43,0.5236,-1,-1,-1
703,70,1560.50,608.10,112.79,219.22,0.3818,-1,-1,-1
703,78,428.33,155.54,47.37,154.14,0.3402,-1,-1,-1
704,4,1716.97,451.48,87.15,215.23,0.7352,-1,-1,-1
704,58,1599.21,132.76,68.65,183.14,0.5396,-1,-1,-1
704,64,294.34,378.55,75.14,214.28,0.6915,-1,-1,-1
704,69,835.71,933.96,83.92,144.38,0.7790,-1,-1,-1
704,73,387.67,540.71,58.71,245.70,0.7335,-1,-1,-1
704,44,799.02,138.00,52.13,174.11,0.3669,-1,-1,-1
704,75,1308.69,786.34,91.68,263.64,0.7792,-1,-1,-1
704,74,1219.43,814.13,89.70,259.77,0.7759,-1,-1,-1
704,72,479.21,149.60,59.57,169.43,0.5279,-1,-1,-1
704,70,1560.57,604.11,114.08,223.30,0.3536,-1,-1,-1
704,78,427.56,157.01,47.99,155.40,0.3923,-1,-1,-1
705,4,1717.52,452.14,86.46,213.61,0.7269,-1,-1,-1
705,58,1600.85,131.80,67.56,184.26,0.5506,-1,-1,-1
705,64,295.19,379.16,75.30,218.19,0.7031,-1,-1,-1
705,69,838.04,934.13,83.80,144.35,0.7726,-1,-1,-1
705,73,388.84,540.63,58.32,246.48,0.7420,-1,-1,-1
705,44,797.79,137.85,53.18,173.96,0.3708,-1,-1,-1
705,75,1309.81,784.30,88.79,265.14,0.7673,-1,-1,-1
705,74,1218.52,812.19,87.65,262.21,0.7859,-1,-1,-1
705,72,478.53,149.99,61.13,170.01,0.5469,-1,-1,-1
705,70,1561.82,598.21,114.01,227.00,0.6034,-1,-1,-1
705,78,428.15,157.01,50.01,156.74,0.3687,-1,-1,-1
706,4,1717.34,452.30,86.44,213.88,0.7145,-1,-1,-1
706,58,1602.01,130.58,66.15,184.74,0.5993,-1,-1,-1
706,64,293.94,382.43,77.25,219.27,0.7099,-1,-1,-1
706,69,839.71,933.71,83.73,145.15,0.7781,-1,-1,-1
706,73,389.38,540.90,58.76,245.59,0.7464,-1,-1,-1
706,44,796.96,138.71,53.51,173.28,0.3663,-1,-1,-1
706,75,1308.87,782.73,86.48,266.08,0.7691,-1,-1,-1
706,74,1216.03,808.88,87.60,266.31,0.7791,-1,-1,-1
706,72,478.80,151.53,60.05,168.35,0.5288,-1,-1,-1
706,70,1562.86,595.95,113.96,228.83,0.4985,-1,-1,-1
706,78,427.27,158.99,50.18,157.60,0.3898,-1,-1,-1
707,4,1717.86,452.81,85.77,213.41,0.7274,-1,-1,-1
707,58,1602.51,129.33,65.35,182.41,0.6222,-1,-1,-1
707,64,294.10,386.96,76.32,216.74,0.7153,-1,-1,-1
707,69,841.64,934.13,84.22,145.52,0.7790,-1,-1,-1
707,73,389.48,541.31,58.85,245.53,0.7635,-1,-1,-1
707,44,795.86,138.57,53.68,173.36,0.4003,-1,-1,-1
707,75,1306.58,781.77,85.92,266.49,0.7674,-1,-1,-1
707,74,1214.07,806.31,86.42,264.28,0.7616,-1,-1,-1
707,72,479.33,151.92,58.37,168.48,0.5194,-1,-1,-1
707,70,1564.37,596.88,112.81,228.55,0.4590,-1,-1,-1
707,78,425.93,157.90,51.16,161.84,0.4238,-1,-1,-1
708,4,1717.58,452.74,85.90,213.72,0.7246,-1,-1,-1
708,58,1602.51,128.61,64.80,177.64,0.6095,-1,-1,-1
708,64,294.54,389.87,74.86,215.35,0.7162,-1,-1,-1
708,69,842.85,934.29,85.08,145.65,0.7764,-1,-1,-1
708,73,390.49,541.73,57.83,246.02,0.7498,-1,-1,-1
708,44,795.09,139.15,54.10,173.19,0.3947,-1,-1,-1
708,75,1303.32,780.46,86.91,265.96,0.7722,-1,-1,-1
708,74,1211.83,803.07,86.11,264.13,0.7514,-1,-1,-1
708,72,479.34,153.23,57.56,167.77,0.4918,-1,-1,-1
708,70,1564.60,595.87,112.30,228.71,0.5004,-1,-1,-1
708,78,425.39,156.65,51.11,165.39,0.4017,-1,-1,-1
709,4,1717.75,451.90,85.93,214.10,0.7199,-1,-1,-1
709,58,1602.44,127.04,64.96,174.42,0.6340,-1,-1,-1
709,64,294.69,392.25,73.50,214.54,0.7234,-1,-1,-1
709,69,843.90,934.46,85.86,145.64,0.7834,-1,-1,-1
709,73,391.26,542.31,58.21,245.01,0.7567,-1,-1,-1
709,44,795.01,139.31,53.77,173.40,0.4194,-1,-1,-1
709,75,1298.00,780.53,90.87,263.96,0.7591,-1,-1,-1
709,74,1209.08,799.94,84.84,261.96,0.7683,-1,-1,-1
709,72,479.19,154.99,58.73,167.29,0.4909,-1,-1,-1
709,70,1564.11,595.32,112.18,230.23,0.4467,-1,-1,-1
709,78,425.26,154.39,52.18,168.89,0.4148,-1,-1,-1
710,4,1718.28,452.06,85.73,213.93,0.7332,-1,-1,-1
710,58,1602.53,125.80,64.50,173.90,0.6536,-1,-1,-1
710,64,295.29,393.98,72.33,215.10,0.7364,-1,-1,-1
710,69,845.01,935.36,85.54,144.77,0.7713,-1,-1,-1
710,73,391.39,542.73,59.95,243.30,0.7451,-1,-1,-1
710,44,794.10,139.46,52.94,172.57,0.3810,-1,-1,-1
710,75,1290.15,780.32,96.23,264.13,0.7588,-1,-1,-1
710,74,1206.76,796.16,83.28,261.21,0.7846,-1,-1,-1
710,72,479.27,158.09,58.48,167.12,0.5061,-1,-1,-1
710,70,1565.14,593.62,111.80,231.27,0.5031,-1,-1,-1
710,78,425.10,155.18,50.47,169.20,0.3791,-1,-1,-1
711,4,1718.29,452.40,85.94,213.73,0.7142,-1,-1,-1
711,58,1602.44,123.43,64.41,173.86,0.6322,-1,-1,-1
711,64,295.50,394.52,71.35,218.36,0.7365,-1,-1,-1
711,69,845.83,934.69,85.47,145.38,0.7832,-1,-1,-1
711,73,391.19,543.54,62.92,241.93,0.7452,-1,-1,-1
711,44,793.85,140.16,50.51,172.76,0.3782,-1,-1,-1
711,75,1279.99,780.06,103.07,265.34,0.7515,-1,-1,-1
711,74,1203.45,793.64,83.91,259.96,0.7883,-1,-1,-1
711,72,478.80,158.23,58.88,169.29,0.5222,-1,-1,-1
711,70,1565.26,598.57,109.48,227.24,0.3690,-1,-1,-1
712,4,1717.77,451.74,86.93,215.79,0.7092,-1,-1,-1
712,58,1602.87,122.42,63.87,174.36,0.6190,-1,-1,-1
712,64,296.48,395.74,71.08,219.28,0.7126,-1,-1,-1
712,69,847.26,934.59,85.03,145.52,0.7795,-1,-1,-1
712,73,391.48,544.14,65.03,241.12,0.7232,-1,-1,-1
712,44,793.64,140.27,49.47,171.07,0.3156,-1,-1,-1
712,75,1276.18,779.38,103.21,265.92,0.7513,-1,-1,-1
712,74,1200.21,791.47,83.41,257.98,0.7992,-1,-1,-1
712,72,478.71,159.27,59.24,170.14,0.5244,-1,-1,-1
712,70,1565.28,598.93,109.62,226.88,0.4520,-1,-1,-1
713,4,1718.04,451.77,86.20,214.85,0.6983,-1,-1,-1
713,58,1602.84,121.52,63.05,174.72,0.6737,-1,-1,-1
713,64,297.01,398.93,70.37,221.43,0.6889,-1,-1,-1
713,69,848.84,934.39,84.52,145.75,0.7793,-1,-1,-1
713,73,392.11,544.59,68.83,239.73,0.6744,-1,-1,-1
713,44,792.54,139.59,48.89,172.09,0.3766,-1,-1,-1
713,75,1275.22,778.50,100.15,263.77,0.7623,-1,-1,-1
713,74,1195.06,790.07,85.60,259.07,0.7920,-1,-1,-1
713,72,478.23,161.27,59.64,170.14,0.5194,-1,-1,-1
713,70,1568.11,598.27,108.07,226.47,0.6165,-1,-1,-1
714,4,1718.10,451.68,86.34,214.70,0.6926,-1,-1,-1
714,58,1602.48,120.51,62.72,175.50,0.6533,-1,-1,-1
714,64,297.07,400.91,71.11,221.63,0.6887,-1,-1,-1
714,69,851.28,934.46,83.17,145.63,0.7793,-1,-1,-1
714,73,391.69,544.94,73.32,239.17,0.6888,-1,-1,-1
714,44,791.91,139.72,48.47,173.18,0.3280,-1,-1,-1
714,75,1273.65,776.58,97.81,259.88,0.7389,-1,-1,-1
714,74,1191.13,788.02,87.28,261.73,0.7901,-1,-1,-1
714,72,477.82,162.48,59.21,171.42,0.5314,-1,-1,-1
714,70,1570.86,597.38,105.08,226.89,0.6241,-1,-1,-1
715,4,1717.91,452.01,85.91,214.78,0.6745,-1,-1,-1
715,58,1601.67,119.89,63.23,177.25,0.6154,-1,-1,-1
715,64,297.72,401.82,70.72,221.46,0.6818,-1,-1,-1
715,69,852.55,934.82,82.00,145.25,0.7796,-1,-1,-1
715,73,392.11,544.74,77.49,239.55,0.6993,-1,-1,-1
715,44,791.31,139.58,48.16,173.74,0.3436,-1,-1,-1
715,75,1273.02,772.67,93.88,256.83,0.7946,-1,-1,-1
715,74,1189.79,786.57,83.47,262.91,0.7981,-1,-1,-1
715,72,478.02,163.95,58.74,172.14,0.5132,-1,-1,-1
715,70,1572.46,597.73,103.75,226.80,0.6117,-1,-1,-1
716,4,1717.26,452.26,86.38,214.05,0.6653,-1,-1,-1
716,58,1601.30,119.41,62.53,179.12,0.6098,-1,-1,-1
716,64,297.88,402.28,70.98,221.11,0.6748,-1,-1,-1
716,69,853.39,935.32,81.50,144.76,0.7728,-1,-1,-1
716,73,392.23,545.72,81.81,239.27,0.7121,-1,-1,-1
716,44,790.34,139.86,48.54,172.58,0.3872,-1,-1,-1
716,75,1272.03,769.22,91.26,255.76,0.8010,-1,-1,-1
716,74,1188.20,785.70,82.03,264.24,0.7998,-1,-1,-1
716,72,477.17,164.57,59.58,172.39,0.4758,-1,-1,-1
716,70,1572.37,598.20,103.26,226.19,0.5770,-1,-1,-1
717,4,1718.11,451.74,85.94,214.24,0.6949,-1,-1,-1
717,58,1600.70,119.10,61.88,179.49,0.5446,-1,-1,-1
717,64,298.34,403.09,71.80,220.08,0.6754,-1,-1,-1
717,69,854.47,935.52,80.32,144.53,0.7801,-1,-1,-1
717,73,391.80,546.03,85.49,239.15,0.7082,-1,-1,-1
717,44,789.64,140.04,48.72,171.55,0.4002,-1,-1,-1
717,75,1270.34,764.13,90.33,257.81,0.7825,-1,-1,-1
717,74,1185.96,784.57,82.66,264.59,0.8038,-1,-1,-1
717,72,475.36,161.95,61.82,176.94,0.4701,-1,-1,-1
717,70,1571.51,598.63,105.17,226.05,0.5809,-1,-1,-1
718,4,1718.49,450.83,85.75,214.87,0.6957,-1,-1,-1
718,58,1600.43,118.75,61.07,180.78,0.5508,-1,-1,-1
718,64,298.44,403.56,72.35,219.45,0.6785,-1,-1,-1
718,69,854.31,935.70,80.57,144.33,0.7747,-1,-1,-1
718,73,391.78,546.46,87.13,239.41,0.7149,-1,-1,-1
718,44,789.56,140.61,47.94,169.16,0.4083,-1,-1,-1
718,75,1267.59,759.97,88.27,255.88,0.7455,-1,-1,-1
718,74,1184.09,783.35,82.89,265.64,0.7978,-1,-1,-1
718,72,474.08,161.59,62.84,178.60,0.5019,-1,-1,-1
718,70,1571.28,599.44,105.41,224.89,0.5935,-1,-1,-1
719,4,1718.05,451.42,85.94,214.55,0.7019,-1,-1,-1
719,58,1600.55,118.00,59.45,180.88,0.4605,-1,-1,-1
719,64,299.13,403.89,71.99,214.54,0.6651,-1,-1,-1
719,69,853.87,936.11,80.78,143.92,0.7828,-1,-1,-1
719,73,391.84,547.01,89.13,240.65,0.6979,-1,-1,-1
719,44,790.23,140.82,46.67,168.90,0.3422,-1,-1,-1
719,75,1265.38,756.00,87.01,257.38,0.7407,-1,-1,-1
719,74,1182.66,782.63,82.53,264.95,0.7967,-1,-1,-1
719,72,474.90,162.58,61.57,178.41,0.4774,-1,-1,-1
719,70,1569.41,596.88,107.20,227.65,0.5237,-1,-1,-1
720,4,1718.30,451.61,85.53,214.44,0.7063,-1,-1,-1
720,58,1600.34,118.11,58.88,179.70,0.4613,-1,-1,-1
720,64,299.41,405.69,72.25,210.68,0.7027,-1,-1,-1
720,69,853.08,937.48,81.23,142.57,0.7854,-1,-1,-1
720,73,392.21,547.85,89.66,240.65,0.6963,-1,-1,-1
720,44,788.00,139.84,48.82,169.52,0.3395,-1,-1,-1
720,75,1263.67,751.45,85.39,260.54,0.7350,-1,-1,-1
720,74,1180.99,781.28,82.76,265.60,0.7844,-1,-1,-1
720,72,475.36,165.05,60.18,174.34,0.4782,-1,-1,-1
720,70,1576.53,600.04,97.58,226.27,0.5020,-1,-1,-1
721,4,1718.67,451.25,85.94,215.35,0.6963,-1,-1,-1
721,58,1600.18,118.89,58.28,177.27,0.5483,-1,-1,-1
721,64,299.52,407.66,72.80,210.56,0.7199,-1,-1,-1
721,69,852.50,938.03,81.67,142.02,0.7845,-1,-1,-1
721,73,393.31,548.79,92.33,241.45,0.6839,-1,-1,-1
721,44,788.77,140.21,47.56,169.33,0.3120,-1,-1,-1
721,75,1261.99,748.60,84.65,264.19,0.7339,-1,-1,-1
721,74,1179.43,779.39,81.57,265.88,0.7743,-1,-1,-1
721,72,475.52,166.02,60.33,172.49,0.5103,-1,-1,-1
721,70,1571.33,598.55,103.14,226.66,0.5818,-1,-1,-1
721,78,419.16,155.76,53.35,176.38,0.4117,-1,-1,-1
722,4,1718.36,451.95,86.46,214.24,0.7177,-1,-1,-1
722,58,1600.32,119.31,57.25,175.48,0.5212,-1,-1,-1
722,64,299.37,409.15,72.89,212.52,0.7359,-1,-1,-1
722,69,851.58,938.49,82.32,141.52,0.7859,-1,-1,-1
722,73,394.53,549.97,93.85,241.24,0.7127,-1,-1,-1
722,75,1257.30,747.19,86.77,262.30,0.7685,-1,-1,-1
722,74,1177.64,774.86,79.61,267.82,0.7862,-1,-1,-1
722,72,474.73,164.94,60.73,172.12,0.5146,-1,-1,-1
722,70,1569.52,596.13,105.75,228.94,0.5764,-1,-1,-1
722,80,551.01,114.29,61.50,172.89,0.4480,-1,-1,-1
722,78,419.52,156.91,53.82,175.68,0.4083,-1,-1,-1
723,4,1718.52,451.41,85.72,215.38,0.7177,-1,-1,-1
723,58,1600.24,118.25,56.52,176.26,0.3252,-1,-1,-1
723,64,299.19,410.27,73.19,215.37,0.7556,-1,-1,-1
723,69,851.33,938.59,81.67,141.41,0.7832,-1,-1,-1
723,73,395.40,551.01,94.93,242.00,0.7217,-1,-1,-1
723,75,1253.87,745.62,87.60,266.45,0.7719,-1,-1,-1
723,74,1175.69,771.32,78.67,262.87,0.7740,-1,-1,-1
723,72,474.58,165.80,61.21,170.92,0.5331,-1,-1,-1
723,70,1567.15,594.78,107.76,230.42,0.5543,-1,-1,-1
723,80,550.84,111.59,60.67,176.49,0.4181,-1,-1,-1
723,78,419.03,160.16,53.85,173.53,0.4880,-1,-1,-1
724,4,1718.94,451.70,85.67,215.39,0.6992,-1,-1,-1
724,58,1599.64,117.05,56.27,177.77,0.3472,-1,-1,-1
724,64,299.06,411.85,72.98,217.43,0.7636,-1,-1,-1
724,69,849.96,938.99,82.17,141.01,0.7879,-1,-1,-1
724,73,396.96,551.60,93.81,242.90,0.7247,-1,-1,-1
724,75,1249.63,744.31,86.83,267.31,0.7717,-1,-1,-1
724,74,1173.88,768.17,76.61,251.49,0.7736,-1,-1,-1
724,72,473.42,165.50,61.66,171.26,0.5628,-1,-1,-1
724,70,1566.28,593.21,108.65,231.77,0.5174,-1,-1,-1
724,80,550.44,116.33,59.46,171.44,0.4557,-1,-1,-1
724,78,418.12,162.91,53.91,174.19,0.4972,-1,-1,-1
725,4,1718.54,451.93,85.97,215.01,0.6960,-1,-1,-1
725,58,1598.95,116.34,56.45,177.08,0.3819,-1,-1,-1
725,64,299.31,414.10,73.00,217.46,0.7556,-1,-1,-1
725,69,848.69,940.68,82.47,139.33,0.7785,-1,-1,-1
725,73,400.27,551.58,92.84,242.57,0.7175,-1,-1,-1
725,75,1244.67,744.11,88.79,267.98,0.7701,-1,-1,-1
725,74,1171.75,764.58,76.21,249.06,0.7729,-1,-1,-1
725,72,472.35,167.23,63.02,171.10,0.5597,-1,-1,-1
725,70,1565.78,594.71,108.88,229.97,0.5284,-1,-1,-1
725,80,550.23,116.25,59.11,171.14,0.4512,-1,-1,-1
725,78,418.19,164.84,52.60,173.89,0.4807,-1,-1,-1
726,4,1717.92,452.20,86.00,214.34,0.6996,-1,-1,-1
726,58,1598.50,115.56,55.90,176.57,0.4359,-1,-1,-1
726,64,299.34,415.82,72.56,217.58,0.7589,-1,-1,-1
726,69,846.86,941.99,83.47,138.02,0.7846,-1,-1,-1
726,73,402.81,552.37,93.46,242.71,0.7400,-1,-1,-1
726,75,1241.71,743.36,88.83,269.43,0.7933,-1,-1,-1
726,74,1170.16,760.57,76.60,247.59,0.7817,-1,-1,-1
726,72,472.59,168.93,62.30,172.88,0.5720,-1,-1,-1
726,70,1564.90,593.76,110.07,230.70,0.5158,-1,-1,-1
726,80,549.67,118.84,58.70,168.99,0.4486,-1,-1,-1
726,78,418.28,167.08,52.73,173.57,0.5188,-1,-1,-1
727,4,1718.93,451.92,84.88,214.38,0.7039,-1,-1,-1
727,58,1598.25,113.71,55.24,177.24,0.4516,-1,-1,-1
727,64,299.64,418.30,72.29,216.81,0.7686,-1,-1,-1
727,69,845.42,942.86,83.81,137.13,0.7869,-1,-1,-1
727,73,403.43,552.74,94.59,244.15,0.7689,-1,-1,-1
727,75,1239.15,742.11,90.44,269.20,0.8175,-1,-1,-1
727,74,1167.67,756.70,77.63,244.38,0.7972,-1,-1,-1
727,72,473.30,170.95,60.89,173.99,0.5438,-1,-1,-1
727,70,1564.18,596.47,110.56,229.09,0.4516,-1,-1,-1
727,80,549.79,119.31,58.26,168.73,0.3396,-1,-1,-1
727,78,417.05,172.21,53.65,168.71,0.5382,-1,-1,-1
728,4,1718.83,452.21,85.09,213.52,0.7057,-1,-1,-1
728,58,1597.86,112.36,55.57,178.82,0.5469,-1,-1,-1
728,64,298.96,419.26,72.98,219.69,0.7556,-1,-1,-1
728,69,843.77,942.67,84.44,137.30,0.7851,-1,-1,-1
728,73,404.38,552.33,94.29,245.02,0.7877,-1,-1,-1
728,75,1237.40,741.71,90.68,268.81,0.8206,-1,-1,-1
728,74,1164.40,753.88,78.96,247.14,0.8115,-1,-1,-1
728,72,473.58,171.27,59.61,176.15,0.5213,-1,-1,-1
728,70,1574.70,600.18,99.06,225.57,0.4383,-1,-1,-1
728,80,549.30,116.26,58.74,171.47,0.3397,-1,-1,-1
728,78,418.31,174.29,54.22,169.99,0.4940,-1,-1,-1
729,4,1718.54,451.51,85.60,214.51,0.7095,-1,-1,-1
729,58,1597.55,110.34,55.56,178.56,0.5599,-1,-1,-1
729,64,298.84,420.42,72.22,221.27,0.7511,-1,-1,-1
729,69,842.03,943.87,85.48,136.14,0.7929,-1,-1,-1
729,73,404.40,552.66,93.82,244.07,0.7756,-1,-1,-1
729,75,1235.21,740.73,91.19,267.46,0.8278,-1,-1,-1
729,74,1162.37,750.93,78.29,251.00,0.8182,-1,-1,-1
729,72,473.59,171.56,59.23,178.97,0.5287,-1,-1,-1
729,70,1568.59,598.22,106.84,227.66,0.4953,-1,-1,-1
729,80,549.20,115.86,58.44,171.81,0.3833,-1,-1,-1
729,78,419.66,178.09,52.69,167.05,0.4526,-1,-1,-1
730,4,1718.59,451.77,86.20,214.46,0.7111,-1,-1,-1
730,58,1597.50,108.64,55.31,177.34,0.4597,-1,-1,-1
730,64,298.60,421.35,71.83,222.48,0.7341,-1,-1,-1
730,69,840.38,944.09,86.32,135.70,0.7834,-1,-1,-1
730,73,405.90,552.86,92.37,243.76,0.7974,-1,-1,-1
730,75,1232.48,739.36,92.03,268.67,0.8114,-1,-1,-1
730,74,1158.78,749.29,79.00,255.30,0.8185,-1,-1,-1
730,72,471.24,169.12,60.86,182.65,0.4243,-1,-1,-1
730,70,1577.18,598.03,97.07,228.06,0.4972,-1,-1,-1
730,80,549.17,116.54,58.58,170.77,0.4118,-1,-1,-1
730,78,418.52,180.97,53.85,165.26,0.4711,-1,-1,-1
731,4,1718.82,452.15,85.83,214.16,0.7040,-1,-1,-1
731,58,1597.94,107.02,54.96,176.98,0.4633,-1,-1,-1
731,64,298.08,421.79,71.67,222.01,0.7149,-1,-1,-1
731,69,838.78,944.10,86.77,135.74,0.7831,-1,-1,-1
731,73,407.48,553.24,91.06,243.12,0.8102,-1,-1,-1
731,75,1230.31,737.22,90.21,269.93,0.7996,-1,-1,-1
731,74,1155.83,747.74,78.84,257.50,0.8071,-1,-1,-1
731,72,470.36,168.85,61.52,184.12,0.4296,-1,-1,-1
731,70,1570.40,596.96,105.03,228.00,0.5672,-1,-1,-1
731,80,549.17,118.72,58.93,167.76,0.3687,-1,-1,-1
731,78,417.60,183.03,53.82,163.62,0.4705,-1,-1,-1
731,81,262.01,212.36,50.96,174.42,0.3868,-1,-1,-1
732,4,1717.89,452.02,86.93,214.61,0.6971,-1,-1,-1
732,58,1599.14,105.50,54.03,176.75,0.5165,-1,-1,-1
732,64,297.55,422.12,72.28,221.76,0.6780,-1,-1,-1
732,69,838.25,944.64,85.96,135.24,0.7824,-1,-1,-1
732,73,411.37,553.32,88.65,243.32,0.8056,-1,-1,-1
732,75,1228.89,734.82,89.43,269.18,0.8156,-1,-1,-1
732,74,1153.00,746.25,79.36,259.70,0.8076,-1,-1,-1
732,72,470.11,172.08,62.16,182.26,0.4672,-1,-1,-1
732,70,1567.72,595.67,107.77,229.35,0.5126,-1,-1,-1
732,80,549.01,115.29,59.83,171.25,0.4498,-1,-1,-1
732,78,417.23,182.50,53.34,164.72,0.4667,-1,-1,-1
732,81,262.60,213.57,49.88,172.39,0.3595,-1,-1,-1
732,82,321.70,208.68,58.78,164.16,0.3859,-1,-1,-1
733,4,1717.32,451.95,87.53,215.08,0.6983,-1,-1,-1
733,58,1600.27,104.67,53.35,175.49,0.4988,-1,-1,-1
733,64,296.75,422.71,72.85,220.90,0.6548,-1,-1,-1
733,69,836.94,944.82,86.17,134.86,0.7718,-1,-1,-1
733,73,414.43,552.93,86.22,243.75,0.7859,-1,-1,-1
733,75,1227.40,730.89,87.25,261.04,0.7856,-1,-1,-1
733,74,1150.29,745.35,79.61,262.27,0.7685,-1,-1,-1
733,72,471.21,172.80,61.11,182.83,0.4834,-1,-1,-1
733,70,1566.47,593.61,109.56,231.24,0.5153,-1,-1,-1
733,80,549.08,114.09,59.59,172.72,0.3828,-1,-1,-1
733,78,417.12,185.25,51.67,158.68,0.4663,-1,-1,-1
733,82,322.44,209.86,57.53,162.09,0.3586,-1,-1,-1
734,4,1717.23,452.05,87.46,216.92,0.7044,-1,-1,-1
734,58,1600.87,103.89,53.65,175.43,0.3562,-1,-1,-1
734,64,296.20,423.31,73.26,219.76,0.6431,-1,-1,-1
734,69,836.15,944.92,86.16,134.61,0.7784,-1,-1,-1
734,73,419.23,552.99,82.31,245.12,0.7893,-1,-1,-1
734,75,1226.87,727.91,84.50,252.25,0.7810,-1,-1,-1
734,74,1147.82,746.08,80.36,261.50,0.7759,-1,-1,-1
734,72,471.78,173.22,60.53,182.61,0.4485,-1,-1,-1
734,70,1575.47,597.38,98.32,228.95,0.4537,-1,-1,-1
734,80,549.20,113.15,58.95,174.13,0.4292,-1,-1,-1
734,78,419.00,184.11,49.41,159.05,0.4038,-1,-1,-1
734,82,324.02,208.69,57.91,163.73,0.4050,-1,-1,-1
735,4,1718.17,452.33,86.66,215.00,0.6874,-1,-1,-1
735,64,295.27,424.39,73.60,217.65,0.6148,-1,-1,-1
735,69,834.88,945.24,86.95,134.31,0.7784,-1,-1,-1
735,73,423.86,553.58,79.30,245.25,0.7805,-1,-1,-1
735,75,1223.47,722.52,85.02,248.43,0.7750,-1,-1,-1
735,74,1144.06,744.66,82.67,262.80,0.7571,-1,-1,-1
735,72,471.13,174.51,61.47,181.71,0.4441,-1,-1,-1
735,70,1583.56,597.81,89.42,229.18,0.5277,-1,-1,-1
735,80,549.14,114.30,59.35,172.37,0.3827,-1,-1,-1
735,78,419.26,185.24,48.40,156.84,0.4331,-1,-1,-1
735,82,325.15,206.79,57.87,165.10,0.4045,-1,-1,-1
736,4,1718.33,451.73,86.34,214.01,0.6988,-1,-1,-1
736,64,294.68,425.29,73.92,216.48,0.6418,-1,-1,-1
736,69,834.04,945.27,87.46,134.54,0.7756,-1,-1,-1
736,73,430.54,553.64,74.58,245.83,0.8009,-1,-1,-1
736,75,1220.67,717.50,84.85,247.27,0.7765,-1,-1,-1
736,74,1141.99,741.90,84.31,261.41,0.7663,-1,-1,-1
736,72,472.25,173.71,60.76,183.27,0.4605,-1,-1,-1
736,70,1573.66,596.67,101.22,228.70,0.5900,-1,-1,-1
736,80,548.58,113.02,60.80,174.56,0.4186,-1,-1,-1
736,78,419.11,186.02,48.42,156.12,0.4226,-1,-1,-1
736,82,325.82,207.14,57.54,165.91,0.4045,-1,-1,-1
737,4,1718.51,451.57,86.27,214.02,0.7115,-1,-1,-1
737,64,294.66,426.40,73.43,214.55,0.6173,-1,-1,-1
737,69,834.16,946.26,87.04,133.51,0.7825,-1,-1,-1
737,73,435.50,554.19,71.95,246.10,0.7951,-1,-1,-1
737,75,1220.12,712.54,83.37,250.58,0.7644,-1,-1,-1
737,74,1139.19,739.61,85.75,260.82,0.7509,-1,-1,-1
737,72,472.47,174.59,60.69,181.65,0.4152,-1,-1,-1
737,70,1580.76,596.18,93.92,230.19,0.5005,-1,-1,-1
737,80,548.36,112.64,61.59,175.45,0.4126,-1,-1,-1
737,78,418.61,186.60,48.86,155.80,0.4047,-1,-1,-1
737,82,327.04,208.85,57.06,165.46,0.4223,-1,-1,-1
738,4,1718.39,451.43,86.12,213.78,0.7164,-1,-1,-1
738,64,294.35,427.20,73.90,214.28,0.6738,-1,-1,-1
738,69,834.30,946.28,86.93,133.32,0.7774,-1,-1,-1
738,73,439.54,554.65,69.74,247.46,0.8005,-1,-1,-1
738,75,1219.99,709.61,80.89,254.59,0.7669,-1,-1,-1
738,74,1136.70,737.34,84.69,263.27,0.7494,-1,-1,-1
738,72,471.93,170.57,59.81,185.41,0.3632,-1,-1,-1
738,70,1573.20,595.36,102.02,229.93,0.5389,-1,-1,-1
738,80,548.54,110.62,62.85,177.99,0.4262,-1,-1,-1
738,78,416.88,186.64,49.88,156.83,0.3811,-1,-1,-1
738,82,327.82,211.37,57.56,162.71,0.4164,-1,-1,-1
739,4,1719.33,450.76,85.44,214.09,0.7204,-1,-1,-1
739,64,294.34,427.98,74.09,215.05,0.6556,-1,-1,-1
739,69,834.19,946.22,87.30,133.61,0.7797,-1,-1,-1
739,73,443.18,555.12,68.40,249.43,0.7881,-1,-1,-1
739,75,1219.19,707.46,79.89,258.25,0.7537,-1,-1,-1
739,74,1135.04,735.43,83.09,260.28,0.7796,-1,-1,-1
739,72,471.15,172.15,60.84,183.86,0.4530,-1,-1,-1
739,70,1572.03,590.90,103.74,233.83,0.5993,-1,-1,-1
739,80,548.51,113.61,63.39,175.13,0.4710,-1,-1,-1
739,78,414.87,186.13,50.67,157.73,0.4281,-1,-1,-1
739,82,328.10,211.04,58.34,163.21,0.4294,-1,-1,-1
740,4,1718.56,452.05,86.24,213.01,0.7351,-1,-1,-1
740,64,294.18,429.81,75.39,217.17,0.6924,-1,-1,-1
740,69,834.40,946.15,87.31,133.70,0.7759,-1,-1,-1
740,73,445.75,555.06,68.29,250.29,0.7673,-1,-1,-1
740,75,1217.94,706.01,79.03,261.61,0.7534,-1,-1,-1
740,74,1132.87,733.14,83.64,255.05,0.7807,-1,-1,-1
740,72,470.42,170.24,61.59,185.62,0.4470,-1,-1,-1
740,70,1571.01,593.39,104.17,230.94,0.6083,-1,-1,-1
740,80,548.83,112.38,63.58,176.20,0.5201,-1,-1,-1
740,78,413.29,186.95,52.10,159.31,0.4272,-1,-1,-1
740,82,328.69,208.22,58.76,165.88,0.3747,-1,-1,-1
741,4,1718.42,451.97,86.39,213.01,0.7291,-1,-1,-1
741,64,294.20,431.72,75.71,220.00,0.6889,-1,-1,-1
741,69,834.94,946.37,87.29,133.65,0.7820,-1,-1,-1
741,73,447.93,556.42,67.51,251.20,0.7568,-1,-1,-1
741,75,1216.36,705.36,78.85,261.52,0.7452,-1,-1,-1
741,74,1130.79,730.71,81.86,250.42,0.7656,-1,-1,-1
741,72,469.89,171.02,61.34,185.03,0.4810,-1,-1,-1
741,70,1572.01,593.54,102.73,230.87,0.6250,-1,-1,-1
741,80,549.94,111.70,63.33,176.91,0.4599,-1,-1,-1
741,78,411.64,189.59,53.08,160.88,0.4197,-1,-1,-1
741,82,329.99,208.26,57.79,163.98,0.3601,-1,-1,-1
742,4,1718.72,452.38,85.56,213.25,0.7059,-1,-1,-1
742,64,294.88,434.00,73.95,220.10,0.6950,-1,-1,-1
742,69,835.55,946.45,87.47,133.62,0.7761,-1,-1,-1
742,73,450.06,556.50,67.60,252.10,0.7697,-1,-1,-1
742,75,1210.39,704.95,83.47,261.69,0.7565,-1,-1,-1
742,74,1127.67,727.56,80.53,248.82,0.7711,-1,-1,-1
742,72,469.01,171.54,61.83,184.41,0.4603,-1,-1,-1
742,70,1572.60,593.46,102.46,231.22,0.6461,-1,-1,-1
742,80,551.48,111.60,61.92,177.06,0.3324,-1,-1,-1
742,78,409.72,194.37,55.31,158.54,0.5112,-1,-1,-1
742,82,332.14,209.08,55.94,161.01,0.3222,-1,-1,-1
743,4,1719.33,452.19,83.85,213.47,0.7183,-1,-1,-1
743,64,295.29,436.85,73.66,219.94,0.7118,-1,-1,-1
743,69,836.48,946.67,87.15,133.35,0.7722,-1,-1,-1
743,73,452.87,557.20,71.96,251.37,0.7574,-1,-1,-1
743,75,1204.95,704.88,86.19,261.13,0.7493,-1,-1,-1
743,74,1124.48,723.68,80.33,249.08,0.7671,-1,-1,-1
743,72,468.45,169.52,59.81,187.64,0.3448,-1,-1,-1
743,70,1571.78,591.98,103.50,232.48,0.5904,-1,-1,-1
743,80,552.06,106.81,61.66,181.66,0.3088,-1,-1,-1
743,78,409.70,198.78,54.99,156.07,0.5356,-1,-1,-1
744,4,1719.59,453.09,83.83,213.27,0.7285,-1,-1,-1
744,64,296.02,439.78,72.80,219.39,0.7045,-1,-1,-1
744,69,837.49,947.38,86.73,132.61,0.7752,-1,-1,-1
744,73,454.57,558.96,78.98,248.80,0.7515,-1,-1,-1
744,75,1201.05,704.43,86.29,260.65,0.7383,-1,-1,-1
744,74,1122.73,721.18,79.50,248.82,0.7697,-1,-1,-1
744,72,466.91,173.99,59.74,185.24,0.3913,-1,-1,-1
744,70,1571.65,592.95,102.85,231.47,0.6367,-1,-1,-1
744,80,552.44,110.08,61.62,178.96,0.3502,-1,-1,-1
744,78,409.75,200.83,54.57,156.01,0.5225,-1,-1,-1
744,82,333.77,209.59,55.12,159.85,0.3413,-1,-1,-1
745,4,1719.02,452.87,84.74,213.35,0.7261,-1,-1,-1
745,64,296.85,442.06,72.12,220.12,0.6978,-1,-1,-1
745,69,838.58,947.86,86.90,132.22,0.7741,-1,-1,-1
745,73,455.99,560.47,86.00,245.88,0.7883,-1,-1,-1
745,75,1198.53,704.74,86.31,258.44,0.7429,-1,-1,-1
745,74,1121.67,719.11,79.07,251.51,0.7687,-1,-1,-1
745,72,465.21,175.58,60.46,187.57,0.4127,-1,-1,-1
745,70,1572.26,592.91,102.58,231.65,0.6408,-1,-1,-1
745,80,552.69,110.42,61.30,178.86,0.3844,-1,-1,-1
745,78,409.79,202.81,53.62,157.39,0.5489,-1,-1,-1
745,82,334.50,211.40,54.11,158.10,0.3424,-1,-1,-1
746,4,1719.14,453.36,85.58,212.51,0.7104,-1,-1,-1
746,64,297.78,444.01,71.41,221.65,0.6974,-1,-1,-1
746,69,840.03,948.14,86.58,131.84,0.7822,-1,-1,-1
746,73,456.89,561.47,92.88,244.73,0.8045,-1,-1,-1
746,75,1195.45,702.94,86.91,259.00,0.7508,-1,-1,-1
746,74,1119.41,717.83,80.02,253.28,0.7647,-1,-1,-1
746,72,463.74,179.64,63.65,185.13,0.5114,-1,-1,-1
746,70,1573.53,595.13,101.45,229.49,0.6676,-1,-1,-1
746,78,409.42,202.34,51.67,159.88,0.5130,-1,-1,-1
746,82,334.80,213.84,54.70,154.42,0.3258,-1,-1,-1
747,4,1719.33,453.04,85.11,212.72,0.7109,-1,-1,-1
747,64,298.85,445.13,70.76,223.55,0.7232,-1,-1,-1
747,69,841.91,948.29,86.02,131.68,0.7861,-1,-1,-1
747,73,457.64,562.01,97.16,245.46,0.8200,-1,-1,-1
747,75,1190.60,700.90,88.07,262.41,0.7580,-1,-1,-1
747,74,1117.56,715.79,78.85,255.19,0.7762,-1,-1,-1
747,72,464.27,183.12,62.48,182.83,0.5620,-1,-1,-1
747,70,1571.63,592.35,104.00,232.33,0.5972,-1,-1,-1
747,78,409.30,203.68,51.71,157.89,0.5429,-1,-1,-1
747,82,334.82,213.87,55.25,154.36,0.3559,-1,-1,-1
748,4,1718.96,453.76,84.49,212.39,0.6996,-1,-1,-1
748,64,299.04,445.86,71.30,223.14,0.7085,-1,-1,-1
748,69,843.61,948.68,85.39,131.36,0.7901,-1,-1,-1
748,73,457.72,563.38,101.46,245.47,0.8213,-1,-1,-1
748,75,1187.64,698.73,86.85,260.00,0.8099,-1,-1,-1
748,74,1115.86,714.42,77.80,255.72,0.8039,-1,-1,-1
748,72,463.66,186.21,62.72,180.72,0.5506,-1,-1,-1
748,70,1567.61,595.18,105.70,231.17,0.5215,-1,-1,-1
748,78,409.16,203.57,50.73,159.01,0.5541,-1,-1,-1
748,82,334.51,209.87,56.79,158.51,0.4271,-1,-1,-1
749,4,1719.30,454.21,83.54,213.27,0.6838,-1,-1,-1
749,64,300.07,446.17,71.42,223.84,0.6980,-1,-1,-1
749,69,845.69,949.72,84.73,130.30,0.7890,-1,-1,-1
749,73,458.48,564.66,104.55,246.19,0.8096,-1,-1,-1
749,75,1184.72,696.65,86.42,252.08,0.8110,-1,-1,-1
749,74,1114.56,712.39,76.35,255.86,0.8258,-1,-1,-1
749,72,463.92,187.90,60.42,181.16,0.5753,-1,-1,-1
749,70,1569.83,590.53,105.10,234.49,0.5857,-1,-1,-1
749,78,409.01,204.55,49.30,157.97,0.5303,-1,-1,-1
749,82,334.17,209.97,56.65,159.24,0.3666,-1,-1,-1
750,4,1718.73,453.80,84.58,213.79,0.7083,-1,-1,-1
750,64,300.60,446.86,71.82,223.07,0.6979,-1,-1,-1
750,69,848.32,951.23,83.31,128.79,0.7690,-1,-1,-1
750,73,459.18,565.14,106.20,247.10,0.8153,-1,-1,-1
750,75,1182.49,693.71,86.18,255.47,0.7882,-1,-1,-1
750,74,1112.94,711.44,75.87,257.17,0.8172,-1,-1,-1
750,72,463.52,187.26,60.11,184.21,0.5019,-1,-1,-1
750,70,1571.54,591.51,103.30,233.12,0.6222,-1,-1,-1
750,78,408.39,203.78,50.98,159.65,0.5511,-1,-1,-1
750,82,334.22,208.24,55.90,160.66,0.3703,-1,-1,-1
751,4,1717.11,454.65,85.60,212.09,0.6830,-1,-1,-1
751,64,301.17,447.16,73.47,221.95,0.7015,-1,-1,-1
751,69,850.83,952.20,82.87,127.79,0.7662,-1,-1,-1
751,73,459.84,565.70,106.88,246.83,0.8109,-1,-1,-1
751,75,1180.73,689.37,83.89,248.06,0.7994,-1,-1,-1
751,74,1110.51,709.42,73.43,255.19,0.8050,-1,-1,-1
751,72,462.74,193.23,60.28,180.93,0.4754,-1,-1,-1
751,70,1571.66,592.05,103.74,232.33,0.6172,-1,-1,-1
751,78,408.94,203.92,49.68,158.22,0.5034,-1,-1,-1
751,82,334.05,206.48,55.78,161.14,0.3877,-1,-1,-1
751,81,266.60,206.92,57.88,165.07,0.4221,-1,-1,-1
752,4,1716.83,454.07,85.43,213.06,0.6898,-1,-1,-1
752,64,301.40,447.73,74.85,221.76,0.7224,-1,-1,-1
752,69,852.69,952.25,83.00,127.66,0.7692,-1,-1,-1
752,73,463.15,565.84,105.11,246.36,0.7858,-1,-1,-1
752,75,1179.17,685.35,82.13,244.05,0.7705,-1,-1,-1
752,74,1107.53,709.43,73.86,254.83,0.7866,-1,-1,-1
752,72,461.86,194.79,61.32,180.98,0.4693,-1,-1,-1
752,70,1569.19,594.30,103.93,231.47,0.5349,-1,-1,-1
752,78,408.89,204.50,48.99,158.03,0.4695,-1,-1,-1
752,82,334.29,204.88,55.31,162.23,0.3595,-1,-1,-1
752,81,266.98,207.47,57.19,164.61,0.4067,-1,-1,-1
753,4,1716.45,453.20,85.09,214.12,0.6771,-1,-1,-1
753,64,301.28,448.62,76.44,220.39,0.7255,-1,-1,-1
753,69,854.57,952.56,82.90,127.41,0.7730,-1,-1,-1
753,73,466.92,566.26,102.19,246.10,0.7557,-1,-1,-1
753,75,1175.28,680.67,82.77,248.28,0.7472,-1,-1,-1
753,74,1106.01,707.85,72.56,255.62,0.7785,-1,-1,-1
753,72,460.78,194.65,61.08,182.09,0.4561,-1,-1,-1
753,70,1570.41,592.43,104.55,232.18,0.5767,-1,-1,-1
753,78,408.43,205.72,48.40,155.40,0.5112,-1,-1,-1
753,82,333.28,201.99,56.32,165.17,0.3520,-1,-1,-1
753,81,268.05,206.20,55.93,165.81,0.3659,-1,-1,-1
754,4,1715.96,453.75,85.48,212.87,0.6706,-1,-1,-1
754,64,300.97,449.89,77.98,217.67,0.7189,-1,-1,-1
754,69,856.24,952.51,83.31,127.25,0.7783,-1,-1,-1
754,73,473.11,566.46,95.83,246.22,0.7266,-1,-1,-1
754,75,1172.72,676.91,83.16,250.96,0.7506,-1,-1,-1
754,74,1103.93,704.88,72.74,259.66,0.7822,-1,-1,-1
754,72,460.77,193.60,60.76,183.65,0.4169,-1,-1,-1
754,70,1570.09,591.72,104.64,232.90,0.5054,-1,-1,-1
754,78,407.48,205.09,48.18,156.50,0.4999,-1,-1,-1
754,82,332.58,201.83,56.75,165.49,0.3110,-1,-1,-1
754,81,268.09,204.85,52.10,168.95,0.3810,-1,-1,-1
755,4,1716.47,452.68,83.49,213.76,0.6755,-1,-1,-1
755,64,300.98,451.13,78.92,215.97,0.7352,-1,-1,-1
755,69,858.30,952.41,83.11,127.51,0.7789,-1,-1,-1
755,73,479.16,567.41,88.03,246.50,0.7216,-1,-1,-1
755,75,1170.21,673.27,83.04,255.40,0.7573,-1,-1,-1
755,74,1101.59,702.30,72.85,259.66,0.7652,-1,-1,-1
755,72,458.06,192.19,62.85,186.73,0.4008,-1,-1,-1
755,70,1571.44,590.99,103.56,233.91,0.5949,-1,-1,-1
755,78,406.15,207.18,49.96,154.33,0.4300,-1,-1,-1
755,81,268.50,203.77,54.94,168.98,0.3179,-1,-1,-1
756,4,1716.73,453.44,82.48,214.22,0.6730,-1,-1,-1
756,64,301.02,452.49,80.84,215.01,0.7341,-1,-1,-1
756,69,859.07,952.18,84.48,127.57,0.7797,-1,-1,-1
756,73,487.63,567.42,78.85,247.24,0.6988,-1,-1,-1
756,75,1168.37,671.58,83.06,257.93,0.7702,-1,-1,-1
756,74,1099.85,698.27,72.71,252.66,0.7612,-1,-1,-1
756,72,457.37,192.66,62.95,185.06,0.4601,-1,-1,-1
756,70,1571.15,589.89,103.53,234.98,0.5732,-1,-1,-1
756,78,404.66,207.15,50.79,154.46,0.4654,-1,-1,-1
756,81,269.03,202.62,55.75,168.96,0.3257,-1,-1,-1
757,4,1717.50,453.42,80.92,213.64,0.6811,-1,-1,-1
757,64,300.98,454.79,81.45,216.54,0.7444,-1,-1,-1
757,69,859.91,953.15,85.56,126.77,0.7813,-1,-1,-1
757,73,496.93,567.28,72.08,246.04,0.7099,-1,-1,-1
757,75,1167.50,670.59,82.76,258.80,0.7719,-1,-1,-1
757,74,1097.63,694.50,74.07,248.56,0.7604,-1,-1,-1
757,72,454.46,190.82,65.78,186.63,0.5039,-1,-1,-1
757,70,1570.68,593.31,103.58,232.35,0.4594,-1,-1,-1
757,78,403.99,205.40,50.90,157.83,0.4464,-1,-1,-1
758,4,1717.97,453.05,79.68,213.32,0.7091,-1,-1,-1
758,64,300.70,457.72,81.55,218.82,0.7483,-1,-1,-1
758,69,860.91,953.52,86.26,126.47,0.7724,-1,-1,-1
758,73,502.52,566.06,70.02,247.53,0.7178,-1,-1,-1
758,75,1165.68,670.42,84.38,258.94,0.7700,-1,-1,-1
758,74,1095.19,691.03,76.08,240.32,0.7667,-1,-1,-1
758,72,453.87,189.34,65.84,189.44,0.4780,-1,-1,-1
758,70,1569.72,591.33,105.99,233.34,0.4381,-1,-1,-1
758,78,404.08,205.10,49.88,161.18,0.4706,-1,-1,-1
759,4,1718.36,452.92,78.59,213.24,0.6912,-1,-1,-1
759,64,300.73,459.04,81.40,221.95,0.7500,-1,-1,-1
759,69,862.51,954.34,87.15,125.63,0.7556,-1,-1,-1
759,73,507.60,565.47,68.26,248.79,0.7153,-1,-1,-1
759,75,1162.62,670.16,87.68,259.79,0.7585,-1,-1,-1
759,74,1093.48,688.11,76.23,240.18,0.7500,-1,-1,-1
759,72,452.78,188.82,66.86,189.38,0.4775,-1,-1,-1
759,70,1569.52,593.14,106.26,231.11,0.5469,-1,-1,-1
759,78,404.31,205.64,49.40,162.53,0.5147,-1,-1,-1
760,4,1718.52,452.97,77.87,212.96,0.6993,-1,-1,-1
760,64,300.93,461.88,81.22,223.50,0.7340,-1,-1,-1
760,69,864.03,954.69,88.82,125.31,0.7562,-1,-1,-1
760,73,511.82,565.16,68.77,249.52,0.7246,-1,-1,-1
760,75,1160.58,669.14,88.86,259.61,0.7646,-1,-1,-1
760,74,1091.58,686.49,76.83,242.85,0.7463,-1,-1,-1
760,72,451.27,187.27,68.22,189.27,0.4787,-1,-1,-1
760,70,1570.70,593.86,104.95,230.26,0.6334,-1,-1,-1
760,78,404.47,206.88,50.57,165.71,0.4920,-1,-1,-1
760,81,274.35,204.93,50.79,166.33,0.3733,-1,-1,-1
761,4,1717.03,453.12,78.72,212.14,0.7148,-1,-1,-1
761,64,300.88,464.39,81.08,223.19,0.7136,-1,-1,-1
761,69,865.37,954.78,90.27,125.23,0.7727,-1,-1,-1
761,73,515.22,565.37,70.14,248.89,0.7487,-1,-1,-1
761,75,1158.09,667.87,89.67,260.96,0.7653,-1,-1,-1
761,74,1089.51,685.12,76.83,243.42,0.7419,-1,-1,-1
761,72,450.05,189.22,69.64,186.56,0.4992,-1,-1,-1
761,70,1570.26,594.49,105.14,229.56,0.6087,-1,-1,-1
761,78,404.30,207.86,51.55,167.57,0.4128,-1,-1,-1
762,4,1717.22,453.67,78.50,210.88,0.7040,-1,-1,-1
762,64,301.13,466.83,80.37,223.05,0.7273,-1,-1,-1
762,69,866.90,955.23,89.66,124.80,0.7772,-1,-1,-1
762,73,518.07,566.87,72.50,247.35,0.7712,-1,-1,-1
762,75,1156.11,666.84,89.55,261.88,0.7527,-1,-1,-1
762,74,1087.97,683.23,75.85,244.92,0.7445,-1,-1,-1
762,72,450.64,191.48,69.17,185.86,0.5033,-1,-1,-1
762,70,1570.78,594.29,104.72,230.23,0.6259,-1,-1,-1
762,78,404.60,208.92,52.75,169.40,0.5095,-1,-1,-1
762,81,276.00,204.46,48.67,165.74,0.3849,-1,-1,-1
763,4,1718.14,454.44,78.56,211.53,0.7112,-1,-1,-1
763,64,301.14,468.85,78.79,224.04,0.7418,-1,-1,-1
763,69,867.73,955.76,89.53,124.34,0.7777,-1,-1,-1
763,73,520.47,567.75,74.18,246.26,0.7638,-1,-1,-1
763,75,1154.60,664.75,87.23,261.03,0.7501,-1,-1,-1
763,74,1083.08,682.27,78.89,246.64,0.7471,-1,-1,-1
763,72,452.67,199.21,65.11,179.95,0.4843,-1,-1,-1
763,70,1570.48,594.36,104.59,230.16,0.6032,-1,-1,-1
763,78,405.02,209.59,52.48,170.27,0.5250,-1,-1,-1
763,81,276.90,201.36,48.49,168.47,0.4184,-1,-1,-1
764,4,1718.30,453.99,78.78,211.93,0.7213,-1,-1,-1
764,64,299.97,469.36,77.96,226.64,0.7412,-1,-1,-1
764,69,868.34,956.29,89.14,123.73,0.7730,-1,-1,-1
764,73,522.01,568.27,76.01,245.50,0.7563,-1,-1,-1
764,75,1152.22,661.02,87.00,261.66,0.7565,-1,-1,-1
764,74,1081.36,680.02,77.92,250.78,0.7459,-1,-1,-1
764,72,453.80,202.91,62.73,178.88,0.5304,-1,-1,-1
764,70,1570.58,593.41,104.29,231.05,0.5364,-1,-1,-1
764,78,404.43,208.99,52.83,172.56,0.5257,-1,-1,-1
764,81,277.64,197.37,47.60,172.32,0.3949,-1,-1,-1
765,4,1718.77,453.48,78.11,213.02,0.7132,-1,-1,-1
765,64,299.37,469.96,76.58,228.92,0.7123,-1,-1,-1
765,69,868.82,956.92,88.47,123.10,0.7693,-1,-1,-1
765,73,522.62,568.49,81.67,245.70,0.7480,-1,-1,-1
765,75,1149.98,659.84,86.58,259.85,0.7424,-1,-1,-1
765,74,1079.16,678.20,77.44,253.15,0.7335,-1,-1,-1
765,72,454.45,204.99,61.53,179.29,0.5461,-1,-1,-1
765,70,1570.85,593.03,104.30,231.20,0.5511,-1,-1,-1
765,78,402.29,209.27,54.59,173.63,0.5030,-1,-1,-1
765,81,278.49,191.50,47.71,178.28,0.3451,-1,-1,-1
765,80,540.36,107.89,72.78,181.83,0.3543,-1,-1,-1
766,4,1718.71,454.82,77.61,210.75,0.7407,-1,-1,-1
766,64,298.06,470.74,74.85,228.87,0.6357,-1,-1,-1
766,69,869.56,957.03,87.73,122.99,0.7581,-1,-1,-1
766,73,524.01,569.42,88.68,245.53,0.7485,-1,-1,-1
766,75,1146.84,657.15,88.35,257.56,0.7226,-1,-1,-1
766,74,1076.26,677.28,79.64,255.08,0.7214,-1,-1,-1
766,72,454.27,204.18,60.67,183.45,0.4860,-1,-1,-1
766,70,1570.63,591.67,104.37,232.76,0.6027,-1,-1,-1
766,78,400.83,210.62,55.28,172.40,0.4876,-1,-1,-1
766,81,278.95,196.48,48.94,173.16,0.3799,-1,-1,-1
766,82,326.65,193.44,56.46,172.06,0.3611,-1,-1,-1
767,4,1718.66,455.22,77.60,211.20,0.7278,-1,-1,-1
767,64,296.59,471.96,74.37,228.00,0.5967,-1,-1,-1
767,69,869.45,957.40,87.97,122.62,0.7592,-1,-1,-1
767,73,525.25,569.77,89.67,246.35,0.7563,-1,-1,-1
767,75,1144.96,653.94,86.87,253.95,0.7163,-1,-1,-1
767,74,1074.25,675.53,80.18,255.50,0.7359,-1,-1,-1
767,72,454.04,203.65,60.10,185.66,0.4779,-1,-1,-1
767,70,1578.75,596.01,94.34,229.77,0.5039,-1,-1,-1
767,78,400.48,211.11,55.49,172.51,0.4535,-1,-1,-1
767,81,279.06,197.07,50.07,170.99,0.3815,-1,-1,-1
767,82,327.94,193.21,56.28,172.11,0.3797,-1,-1,-1
768,4,1719.71,453.69,76.68,212.77,0.7125,-1,-1,-1
768,64,295.09,472.80,74.22,226.98,0.6006,-1,-1,-1
768,69,869.71,957.48,88.00,122.48,0.7704,-1,-1,-1
768,73,525.56,569.85,90.39,246.85,0.7619,-1,-1,-1
768,75,1142.53,650.81,85.73,249.05,0.7493,-1,-1,-1
768,74,1073.44,673.69,79.64,255.73,0.7416,-1,-1,-1
768,72,452.82,200.30,61.13,191.50,0.5080,-1,-1,-1
768,70,1573.44,592.29,101.06,232.64,0.5467,-1,-1,-1
768,78,401.59,209.76,54.12,174.04,0.3988,-1,-1,-1
768,81,279.55,193.97,50.82,173.28,0.3627,-1,-1,-1
768,82,326.93,192.98,56.83,169.83,0.3650,-1,-1,-1
769,4,1720.02,453.99,76.20,211.16,0.7260,-1,-1,-1
769,64,294.18,473.28,75.02,226.77,0.6544,-1,-1,-1
769,69,869.55,958.10,88.92,121.87,0.7755,-1,-1,-1
769,73,525.67,571.47,91.56,245.06,0.7593,-1,-1,-1
769,75,1141.03,648.03,82.91,244.98,0.7915,-1,-1,-1
769,74,1070.49,670.93,80.04,254.41,0.7823,-1,-1,-1
769,72,452.76,196.72,60.88,195.73,0.4047,-1,-1,-1
769,70,1574.30,593.90,95.57,232.25,0.3886,-1,-1,-1
769,78,402.25,206.45,54.24,177.51,0.3597,-1,-1,-1
769,81,280.22,195.95,49.99,170.44,0.3346,-1,-1,-1
769,82,328.57,193.27,55.74,168.02,0.3346,-1,-1,-1
770,4,1720.57,454.82,75.90,209.98,0.7265,-1,-1,-1
770,64,293.77,474.29,75.35,225.30,0.6360,-1,-1,-1
770,69,869.86,957.72,89.77,122.33,0.7877,-1,-1,-1
770,73,525.74,571.97,92.85,244.78,0.7694,-1,-1,-1
770,75,1139.77,646.10,80.48,241.54,0.8173,-1,-1,-1
770,74,1066.84,669.37,80.37,251.72,0.7978,-1,-1,-1
770,72,452.27,197.52,61.05,194.98,0.3878,-1,-1,-1
770,70,1577.36,594.87,93.97,231.35,0.4257,-1,-1,-1
770,78,403.34,207.66,52.73,177.70,0.3622,-1,-1,-1
770,81,280.19,198.48,50.06,167.40,0.3310,-1,-1,-1
770,82,328.03,193.05,55.53,166.80,0.3093,-1,-1,-1
771,4,1721.96,453.37,75.13,212.52,0.7257,-1,-1,-1
771,64,292.81,474.50,74.95,224.57,0.6694,-1,-1,-1
771,69,870.08,957.71,90.11,122.26,0.7910,-1,-1,-1
771,73,526.32,572.16,92.57,244.07,0.7605,-1,-1,-1
771,75,1138.07,644.27,79.40,241.90,0.8068,-1,-1,-1
771,74,1063.86,667.16,81.01,244.70,0.8046,-1,-1,-1
771,72,452.25,199.64,60.10,194.17,0.5155,-1,-1,-1
771,70,1567.79,598.39,103.74,228.53,0.4342,-1,-1,-1
771,78,403.62,207.55,51.97,178.03,0.3458,-1,-1,-1
771,81,280.77,200.38,49.31,164.15,0.3338,-1,-1,-1
771,82,329.93,194.84,58.15,166.32,0.3070,-1,-1,-1
772,4,1722.61,453.34,74.88,212.24,0.7253,-1,-1,-1
772,64,292.51,475.61,74.39,223.39,0.6665,-1,-1,-1
772,69,870.37,957.96,91.05,122.01,0.7936,-1,-1,-1
772,73,528.03,571.62,91.49,243.52,0.7489,-1,-1,-1
772,75,1136.37,642.03,79.35,244.60,0.7853,-1,-1,-1
772,74,1061.71,664.68,82.06,241.80,0.8000,-1,-1,-1
772,72,452.38,201.75,59.81,192.00,0.5194,-1,-1,-1
772,70,1568.29,590.54,105.90,234.69,0.5402,-1,-1,-1
772,78,403.65,211.21,51.22,174.49,0.4034,-1,-1,-1
773,4,1722.44,452.29,73.96,212.01,0.7319,-1,-1,-1
773,64,292.22,476.41,74.83,222.75,0.6810,-1,-1,-1
773,69,870.82,958.00,90.78,121.94,0.8031,-1,-1,-1
773,73,532.60,570.56,88.44,243.61,0.7279,-1,-1,-1
773,75,1134.96,640.62,78.58,245.60,0.7657,-1,-1,-1
773,74,1060.52,661.46,79.44,239.10,0.8113,-1,-1,-1
773,72,451.99,205.16,60.04,188.04,0.4466,-1,-1,-1
773,70,1570.66,597.35,101.82,228.64,0.4880,-1,-1,-1
773,78,403.56,212.93,50.64,170.57,0.4178,-1,-1,-1
774,4,1723.35,452.13,72.76,212.01,0.7186,-1,-1,-1
774,64,291.41,477.48,76.56,222.13,0.7174,-1,-1,-1
774,69,871.04,957.94,91.16,122.00,0.7985,-1,-1,-1
774,73,536.78,569.86,84.62,244.08,0.7209,-1,-1,-1
774,75,1132.65,639.53,79.91,245.95,0.7608,-1,-1,-1
774,74,1059.03,660.13,76.54,237.55,0.7758,-1,-1,-1
774,72,452.13,204.48,59.52,187.74,0.3814,-1,-1,-1
774,70,1571.93,599.21,100.11,227.22,0.5101,-1,-1,-1
774,78,402.73,213.11,50.36,171.46,0.3985,-1,-1,-1
775,4,1723.51,452.83,72.34,210.43,0.7300,-1,-1,-1
775,64,290.73,478.63,76.96,222.20,0.7412,-1,-1,-1
775,69,871.31,957.92,91.37,122.07,0.8050,-1,-1,-1
775,73,541.83,570.11,80.86,243.74,0.7002,-1,-1,-1
775,75,1127.91,638.65,83.55,249.01,0.7753,-1,-1,-1
775,74,1056.66,658.14,75.14,237.97,0.7550,-1,-1,-1
775,72,451.53,203.65,59.48,187.96,0.4347,-1,-1,-1
775,70,1568.31,597.47,103.16,229.20,0.4846,-1,-1,-1
775,78,401.76,217.46,51.41,168.80,0.4483,-1,-1,-1
776,4,1723.36,452.53,72.20,210.85,0.7378,-1,-1,-1
776,64,289.99,479.92,77.03,222.69,0.7495,-1,-1,-1
776,69,871.45,958.60,91.04,121.40,0.7918,-1,-1,-1
776,73,547.36,570.96,75.85,242.95,0.6930,-1,-1,-1
776,75,1127.31,636.97,82.14,251.68,0.7786,-1,-1,-1
776,74,1054.53,654.93,73.52,239.86,0.7632,-1,-1,-1
776,72,450.76,201.91,60.09,189.47,0.3954,-1,-1,-1
776,70,1569.21,597.89,102.38,228.65,0.5496,-1,-1,-1
776,78,401.44,216.43,50.44,170.77,0.4295,-1,-1,-1
777,4,1723.84,452.41,71.79,210.40,0.7362,-1,-1,-1
777,64,289.37,480.81,76.97,225.37,0.7678,-1,-1,-1
777,69,872.18,959.17,90.46,120.79,0.7871,-1,-1,-1
777,73,552.15,571.32,72.25,243.90,0.7096,-1,-1,-1
777,75,1125.63,635.43,81.37,253.59,0.7132,-1,-1,-1
777,74,1051.90,652.08,74.31,243.64,0.7512,-1,-1,-1
777,70,1569.24,596.00,103.13,229.95,0.4930,-1,-1,-1
777,78,401.95,217.97,49.82,169.60,0.3459,-1,-1,-1
778,4,1723.69,452.51,72.10,210.37,0.7488,-1,-1,-1
778,64,289.56,483.46,76.19,225.06,0.7582,-1,-1,-1
778,69,872.60,959.28,90.59,120.75,0.7885,-1,-1,-1
778,73,559.03,571.75,66.74,244.91,0.7167,-1,-1,-1
778,75,1125.31,633.86,80.04,253.46,0.7310,-1,-1,-1
778,74,1050.54,649.75,74.11,246.49,0.7582,-1,-1,-1
778,70,1569.38,592.69,104.64,232.21,0.5973,-1,-1,-1
779,4,1722.97,452.22,72.87,210.88,0.7450,-1,-1,-1
779,64,289.29,486.34,75.43,224.57,0.7575,-1,-1,-1
779,69,873.18,959.24,90.39,120.79,0.7902,-1,-1,-1
779,73,564.68,571.99,64.41,248.22,0.7199,-1,-1,-1
779,75,1120.04,632.03,83.08,254.22,0.7262,-1,-1,-1
779,74,1049.05,646.94,73.91,249.62,0.7556,-1,-1,-1
779,70,1570.85,589.42,104.03,234.96,0.6000,-1,-1,-1
779,78,399.20,222.21,52.30,170.76,0.3516,-1,-1,-1
780,4,1723.13,452.15,72.98,211.38,0.7450,-1,-1,-1
780,64,289.42,489.15,74.72,224.98,0.7532,-1,-1,-1
780,69,873.24,959.36,90.19,120.65,0.7825,-1,-1,-1
780,73,568.65,572.53,62.77,247.31,0.7030,-1,-1,-1
780,75,1117.54,629.66,83.48,255.51,0.7424,-1,-1,-1
780,74,1047.46,645.62,74.27,250.86,0.7531,-1,-1,-1
780,70,1570.47,588.20,104.52,235.77,0.6142,-1,-1,-1
780,78,399.09,224.62,52.32,170.33,0.3894,-1,-1,-1
781,4,1723.60,451.74,72.31,211.38,0.7390,-1,-1,-1
781,64,289.29,490.91,74.40,226.28,0.7640,-1,-1,-1
781,69,873.76,959.12,89.40,120.86,0.7804,-1,-1,-1
781,73,571.11,571.22,62.71,252.15,0.6855,-1,-1,-1
781,75,1113.84,627.31,83.91,255.53,0.7634,-1,-1,-1
781,74,1045.03,647.28,76.25,245.39,0.7498,-1,-1,-1
781,70,1571.57,589.98,103.30,233.69,0.6602,-1,-1,-1
781,78,399.86,224.56,52.24,171.13,0.3666,-1,-1,-1
782,4,1722.95,451.34,72.99,211.16,0.7387,-1,-1,-1
782,64,289.61,492.57,74.07,229.54,0.7719,-1,-1,-1
782,69,874.43,958.81,88.40,121.20,0.7724,-1,-1,-1
782,73,571.48,572.04,64.92,256.03,0.6345,-1,-1,-1
782,75,1111.13,624.99,82.61,249.07,0.7756,-1,-1,-1
782,74,1043.99,645.51,74.86,247.51,0.7432,-1,-1,-1
782,70,1570.67,591.38,103.76,232.40,0.5852,-1,-1,-1
782,78,399.81,226.50,52.97,169.15,0.3824,-1,-1,-1
783,4,1722.94,451.94,74.01,210.97,0.7192,-1,-1,-1
783,64,289.88,493.85,73.76,232.83,0.7752,-1,-1,-1
783,69,875.29,958.41,87.27,121.62,0.7677,-1,-1,-1
783,73,573.09,572.62,66.35,258.43,0.6387,-1,-1,-1
783,75,1109.81,622.42,80.54,243.99,0.7566,-1,-1,-1
783,74,1043.34,644.58,73.91,248.19,0.7380,-1,-1,-1
783,70,1571.42,592.58,103.55,231.29,0.6506,-1,-1,-1
783,78,398.76,224.53,52.55,169.98,0.3815,-1,-1,-1
783,72,445.67,215.67,59.55,189.23,0.3801,-1,-1,-1
784,4,1722.74,451.90,74.26,211.95,0.7112,-1,-1,-1
784,64,289.90,495.01,74.00,234.12,0.7647,-1,-1,-1
784,69,876.15,958.32,85.87,121.77,0.7523,-1,-1,-1
784,73,575.46,573.14,66.54,249.34,0.5582,-1,-1,-1
784,75,1107.08,619.31,79.92,239.59,0.7694,-1,-1,-1
784,74,1042.85,643.46,71.48,246.08,0.7439,-1,-1,-1
784,70,1572.48,595.85,101.88,228.10,0.6964,-1,-1,-1
784,78,399.55,227.03,51.51,168.98,0.4665,-1,-1,-1
784,72,445.56,217.37,61.60,189.13,0.3650,-1,-1,-1
785,4,1722.62,452.00,74.61,211.64,0.7247,-1,-1,-1
785,64,290.31,495.94,73.81,234.08,0.7665,-1,-1,-1
785,69,877.55,957.13,83.86,122.91,0.7630,-1,-1,-1
785,73,579.72,573.53,64.63,245.30,0.5794,-1,-1,-1
785,75,1104.78,616.24,79.74,239.29,0.7503,-1,-1,-1
785,74,1041.79,642.09,71.19,246.03,0.7484,-1,-1,-1
785,70,1572.05,594.35,102.19,229.73,0.6273,-1,-1,-1
785,78,399.45,227.45,50.99,169.03,0.4634,-1,-1,-1
785,72,444.84,218.36,62.87,190.13,0.4171,-1,-1,-1
786,4,1722.83,451.45,73.53,211.78,0.7273,-1,-1,-1
786,64,290.15,497.00,74.27,233.29,0.7664,-1,-1,-1
786,69,878.40,956.52,82.03,123.52,0.7567,-1,-1,-1
786,73,582.85,575.17,65.10,241.39,0.5835,-1,-1,-1
786,75,1102.71,614.93,77.41,238.25,0.7509,-1,-1,-1
786,74,1040.39,640.00,70.84,245.06,0.7315,-1,-1,-1
786,70,1571.44,594.10,102.12,230.20,0.6485,-1,-1,-1
786,78,399.19,229.13,50.80,167.05,0.4733,-1,-1,-1
786,72,444.61,220.22,62.61,189.65,0.4394,-1,-1,-1
787,4,1723.02,452.34,74.13,211.31,0.7241,-1,-1,-1
787,64,290.05,498.07,75.46,231.84,0.7491,-1,-1,-1
787,69,879.38,955.91,80.12,124.19,0.7692,-1,-1,-1
787,73,584.97,577.16,72.13,238.62,0.5935,-1,-1,-1
787,75,1101.83,612.19,75.40,241.88,0.7829,-1,-1,-1
787,74,1038.24,637.06,70.77,244.36,0.7424,-1,-1,-1
787,70,1571.45,594.98,102.62,229.43,0.6592,-1,-1,-1
787,78,398.71,231.85,50.73,164.57,0.4858,-1,-1,-1
787,72,442.94,221.45,64.51,187.23,0.4268,-1,-1,-1
787,83,468.94,71.97,63.87,178.15,0.4261,-1,-1,-1
788,4,1723.03,452.58,73.91,211.59,0.7080,-1,-1,-1
788,64,289.36,499.38,76.98,230.25,0.7403,-1,-1,-1
788,69,879.20,955.56,79.72,124.60,0.7729,-1,-1,-1
788,73,587.62,578.97,73.96,238.02,0.5398,-1,-1,-1
788,75,1099.94,610.64,75.16,244.60,0.7646,-1,-1,-1
788,74,1035.73,634.34,71.06,239.85,0.7377,-1,-1,-1
788,70,1572.96,594.59,101.99,229.62,0.6772,-1,-1,-1
788,78,397.19,231.11,52.23,165.30,0.4637,-1,-1,-1
788,72,443.07,222.59,62.94,187.02,0.4997,-1,-1,-1
788,83,469.19,73.04,63.37,179.31,0.4461,-1,-1,-1
789,4,1723.55,452.87,73.67,212.74,0.7222,-1,-1,-1
789,64,288.45,500.71,78.48,228.37,0.7457,-1,-1,-1
789,69,879.00,955.60,79.38,124.51,0.7685,-1,-1,-1
789,73,589.67,580.70,75.70,236.41,0.5916,-1,-1,-1
789,75,1096.74,608.88,76.75,248.66,0.7914,-1,-1,-1
789,74,1032.36,631.33,73.00,235.86,0.7267,-1,-1,-1
789,70,1571.37,594.52,103.20,229.95,0.6652,-1,-1,-1
789,78,396.37,229.88,54.10,167.23,0.4556,-1,-1,-1
789,72,443.62,223.19,60.25,186.38,0.4825,-1,-1,-1
789,83,468.80,73.96,64.45,183.77,0.4624,-1,-1,-1
790,4,1723.59,452.36,72.44,212.52,0.7279,-1,-1,-1
790,64,288.50,501.80,78.80,225.61,0.7442,-1,-1,-1
790,69,878.86,954.24,79.56,125.82,0.7736,-1,-1,-1
790,73,591.97,582.15,75.62,235.48,0.5954,-1,-1,-1
790,75,1094.90,607.35,77.95,250.70,0.7809,-1,-1,-1
790,74,1030.44,629.29,73.51,225.09,0.7179,-1,-1,-1
790,70,1571.22,594.17,103.19,229.93,0.6712,-1,-1,-1
790,78,397.57,231.47,53.97,167.97,0.4159,-1,-1,-1
790,72,444.15,224.78,59.09,185.24,0.4171,-1,-1,-1
790,83,470.77,73.77,63.13,183.67,0.4613,-1,-1,-1
791,4,1722.95,452.78,73.63,212.90,0.7326,-1,-1,-1
791,64,288.27,502.67,79.07,225.06,0.7398,-1,-1,-1
791,69,880.02,953.94,77.60,126.13,0.7571,-1,-1,-1
791,73,594.62,583.30,75.92,234.05,0.6070,-1,-1,-1
791,75,1092.78,606.54,80.41,252.74,0.7685,-1,-1,-1
791,74,1028.67,626.91,74.32,224.92,0.7301,-1,-1,-1
791,70,1570.60,593.62,103.03,230.65,0.7025,-1,-1,-1
791,78,396.88,231.84,54.18,168.82,0.4136,-1,-1,-1
791,72,442.74,223.84,60.58,185.48,0.4587,-1,-1,-1
791,83,471.45,72.92,62.49,182.99,0.4285,-1,-1,-1
792,4,1722.58,452.57,73.73,212.59,0.7484,-1,-1,-1
792,64,288.01,503.68,79.19,224.53,0.7439,-1,-1,-1
792,69,881.30,953.37,74.89,126.66,0.7580,-1,-1,-1
792,73,596.28,584.15,76.35,233.08,0.5912,-1,-1,-1
792,75,1091.47,606.10,82.41,254.86,0.7663,-1,-1,-1
792,74,1026.95,624.14,74.58,231.43,0.7440,-1,-1,-1
792,70,1569.58,591.07,103.87,233.21,0.6773,-1,-1,-1
792,78,395.66,233.08,55.61,170.10,0.4270,-1,-1,-1
792,72,442.20,224.98,60.85,185.19,0.4488,-1,-1,-1
792,83,471.32,72.40,62.71,186.36,0.3986,-1,-1,-1
793,4,1722.90,452.50,73.01,212.22,0.7369,-1,-1,-1
793,64,288.14,506.13,79.11,225.34,0.7209,-1,-1,-1
793,69,881.74,952.62,73.40,127.42,0.7587,-1,-1,-1
793,73,598.94,585.33,75.08,229.91,0.5969,-1,-1,-1
793,75,1090.43,605.46,83.23,255.73,0.7804,-1,-1,-1
793,74,1024.94,620.86,75.00,237.79,0.7594,-1,-1,-1
793,70,1569.60,591.74,103.73,232.33,0.7006,-1,-1,-1
793,78,394.85,235.43,55.39,169.99,0.4424,-1,-1,-1
793,72,441.92,225.93,60.08,184.54,0.4411,-1,-1,-1
793,83,470.72,72.34,63.84,191.26,0.3894,-1,-1,-1
793,81,284.23,182.48,46.37,182.16,0.4088,-1,-1,-1
794,4,1722.54,452.62,74.33,212.58,0.7553,-1,-1,-1
794,64,288.27,508.87,79.21,227.74,0.7037,-1,-1,-1
794,69,882.14,951.25,70.49,128.77,0.7508,-1,-1,-1
794,73,601.58,585.11,73.74,235.69,0.5290,-1,-1,-1
794,75,1088.94,605.56,85.24,255.60,0.7447,-1,-1,-1
794,74,1023.47,618.71,75.67,241.71,0.7601,-1,-1,-1
794,70,1569.65,590.30,103.68,233.69,0.6838,-1,-1,-1
794,78,395.51,239.04,53.73,167.33,0.4559,-1,-1,-1
794,72,440.67,226.98,61.13,184.52,0.4774,-1,-1,-1
794,83,469.64,72.99,65.56,192.00,0.4191,-1,-1,-1
794,81,284.14,183.54,46.64,181.17,0.3825,-1,-1,-1
795,4,1722.23,452.70,73.94,211.49,0.7574,-1,-1,-1
795,64,288.38,510.76,78.11,230.75,0.7140,-1,-1,-1
795,69,882.67,949.87,67.48,130.04,0.7325,-1,-1,-1
795,73,603.98,584.20,72.82,252.74,0.4698,-1,-1,-1
795,75,1087.09,604.14,86.61,256.27,0.7677,-1,-1,-1
795,74,1021.19,616.15,76.37,244.27,0.7831,-1,-1,-1
795,70,1569.29,589.74,104.39,234.57,0.6853,-1,-1,-1
795,78,394.90,235.72,55.28,172.90,0.4297,-1,-1,-1
795,72,439.29,225.62,62.47,186.36,0.4588,-1,-1,-1
795,83,470.13,73.47,65.67,192.50,0.4335,-1,-1,-1
795,81,284.31,183.02,46.99,181.89,0.3837,-1,-1,-1
796,4,1722.93,452.23,73.44,211.75,0.7578,-1,-1,-1
796,64,288.25,513.11,77.88,233.25,0.7402,-1,-1,-1
796,69,882.68,949.26,65.61,130.71,0.7514,-1,-1,-1
796,73,607.02,584.79,72.20,271.90,0.4861,-1,-1,-1
796,75,1085.85,602.81,85.31,254.96,0.7898,-1,-1,-1
796,74,1019.21,615.48,75.62,245.06,0.8021,-1,-1,-1
796,70,1570.09,588.55,103.73,236.18,0.6230,-1,-1,-1
796,78,394.46,238.47,53.97,171.80,0.4845,-1,-1,-1
796,72,440.02,226.90,61.57,186.14,0.4974,-1,-1,-1
796,83,469.42,74.77,67.39,189.78,0.3838,-1,-1,-1
796,81,284.26,184.20,47.46,181.11,0.3458,-1,-1,-1
796,82,342.28,186.10,48.49,172.05,0.3591,-1,-1,-1
797,4,1723.41,451.61,73.08,213.25,0.7450,-1,-1,-1
797,64,288.00,515.36,76.78,233.33,0.7352,-1,-1,-1
797,69,882.26,948.23,64.81,131.75,0.7461,-1,-1,-1
797,73,609.80,584.74,70.68,278.57,0.4508,-1,-1,-1
797,75,1085.00,600.69,83.51,255.44,0.8018,-1,-1,-1
797,74,1017.30,614.50,74.98,246.84,0.8128,-1,-1,-1
797,70,1569.62,590.24,102.53,236.04,0.5980,-1,-1,-1
797,78,395.06,240.52,52.82,170.49,0.4827,-1,-1,-1
797,72,442.87,232.94,55.90,181.86,0.5165,-1,-1,-1
797,83,470.18,75.82,67.03,183.51,0.3105,-1,-1,-1
797,81,284.06,185.54,47.53,176.96,0.3084,-1,-1,-1
797,82,342.77,186.83,47.57,171.23,0.3615,-1,-1,-1
798,4,1723.37,451.73,72.92,212.80,0.7493,-1,-1,-1
798,64,287.38,516.49,76.79,235.51,0.7570,-1,-1,-1
798,69,882.18,946.84,63.39,133.13,0.7295,-1,-1,-1
798,73,611.91,585.48,68.42,275.68,0.4425,-1,-1,-1
798,75,1083.46,598.68,83.26,254.97,0.8042,-1,-1,-1
798,74,1016.04,613.58,74.82,247.14,0.8079,-1,-1,-1
798,70,1571.10,590.53,102.31,234.82,0.6813,-1,-1,-1
798,78,395.16,238.77,54.02,173.84,0.4818,-1,-1,-1
798,72,443.76,234.86,54.53,182.93,0.5096,-1,-1,-1
798,81,284.15,185.01,47.35,178.03,0.3240,-1,-1,-1
798,82,342.60,186.84,47.91,171.11,0.3554,-1,-1,-1
799,4,1723.92,451.86,71.89,212.37,0.7431,-1,-1,-1
799,64,286.67,518.99,76.65,234.43,0.7684,-1,-1,-1
799,69,882.21,945.48,61.94,134.43,0.7112,-1,-1,-1
799,75,1082.17,595.25,82.42,253.20,0.7762,-1,-1,-1
799,74,1014.32,614.97,73.49,245.85,0.7762,-1,-1,-1
799,70,1570.69,586.87,103.03,237.99,0.6099,-1,-1,-1
799,78,395.00,239.63,54.06,173.79,0.5211,-1,-1,-1
799,72,443.87,236.90,55.29,183.70,0.5635,-1,-1,-1
799,81,283.67,185.75,47.99,177.41,0.3131,-1,-1,-1
800,4,1723.43,452.05,72.30,211.58,0.7390,-1,-1,-1
800,64,285.40,521.91,76.84,236.23,0.7765,-1,-1,-1
800,69,882.46,944.39,60.96,135.59,0.6971,-1,-1,-1
800,75,1081.46,591.66,82.33,245.15,0.7349,-1,-1,-1
800,74,1012.20,614.91,73.90,245.08,0.7837,-1,-1,-1
800,70,1570.95,587.43,103.00,237.62,0.6165,-1,-1,-1
800,78,395.11,239.22,54.15,174.47,0.5141,-1,-1,-1
800,72,442.30,236.21,56.57,186.82,0.5498,-1,-1,-1
801,4,1722.83,452.38,72.78,212.13,0.7339,-1,-1,-1
801,64,283.90,523.22,77.06,236.70,0.8035,-1,-1,-1
801,69,881.89,943.06,61.03,136.94,0.6649,-1,-1,-1
801,75,1078.99,588.49,82.29,238.27,0.7592,-1,-1,-1
801,74,1009.20,613.28,74.60,244.34,0.7724,-1,-1,-1
801,70,1570.49,592.62,102.31,234.65,0.5835,-1,-1,-1
801,78,396.33,240.66,52.66,171.85,0.5210,-1,-1,-1
801,72,442.03,236.84,57.07,188.27,0.5207,-1,-1,-1
802,4,1722.73,452.03,72.83,211.77,0.7443,-1,-1,-1
802,64,282.66,524.35,76.51,235.64,0.8037,-1,-1,-1
802,69,882.04,941.82,59.76,138.13,0.6456,-1,-1,-1
802,75,1077.18,585.24,80.57,233.10,0.7485,-1,-1,-1
802,74,1008.56,611.69,73.23,245.24,0.7646,-1,-1,-1
802,70,1568.75,594.26,103.39,234.00,0.5782,-1,-1,-1
802,78,395.83,239.75,54.10,173.21,0.4900,-1,-1,-1
802,72,442.20,236.89,56.94,189.68,0.5692,-1,-1,-1
803,4,1722.60,452.57,72.84,211.96,0.7406,-1,-1,-1
803,64,281.64,525.42,76.75,234.99,0.7999,-1,-1,-1
803,69,881.39,942.13,59.09,137.86,0.6701,-1,-1,-1
803,75,1076.55,582.72,77.85,234.27,0.7597,-1,-1,-1
803,74,1006.63,609.25,73.89,246.64,0.7585,-1,-1,-1
803,70,1567.95,596.35,103.96,231.48,0.5040,-1,-1,-1
803,78,395.74,239.07,53.83,174.12,0.4962,-1,-1,-1
803,72,442.26,238.27,56.40,189.39,0.5478,-1,-1,-1
804,4,1722.42,452.57,73.01,212.20,0.7466,-1,-1,-1
804,64,280.81,526.79,75.75,233.44,0.7956,-1,-1,-1
804,69,880.71,941.34,59.63,138.67,0.6738,-1,-1,-1
804,75,1076.10,579.78,75.57,236.80,0.7574,-1,-1,-1
804,74,1004.33,606.27,74.07,245.85,0.7367,-1,-1,-1
804,70,1567.23,596.26,104.78,231.43,0.5803,-1,-1,-1
804,78,395.77,239.68,53.33,173.31,0.5354,-1,-1,-1
804,72,442.43,239.30,56.12,189.31,0.5598,-1,-1,-1
804,83,475.69,83.74,59.37,185.59,0.4084,-1,-1,-1
805,4,1721.72,453.00,73.90,212.34,0.7360,-1,-1,-1
805,64,279.26,527.63,76.36,232.70,0.8018,-1,-1,-1
805,69,880.58,939.76,59.98,140.28,0.6636,-1,-1,-1
805,75,1075.48,577.46,74.19,240.76,0.7711,-1,-1,-1
805,74,1002.31,602.90,72.76,241.70,0.7569,-1,-1,-1
805,70,1567.14,595.28,105.21,232.18,0.6026,-1,-1,-1
805,78,395.49,241.67,52.32,171.56,0.5300,-1,-1,-1
805,72,442.69,240.35,56.77,188.28,0.6113,-1,-1,-1
805,83,475.25,83.54,59.53,186.16,0.3924,-1,-1,-1
806,4,1721.64,452.71,74.16,212.34,0.7467,-1,-1,-1
806,64,277.91,528.60,77.06,231.80,0.8027,-1,-1,-1
806,69,880.41,938.65,60.34,141.44,0.6660,-1,-1,-1
806,75,1075.65,575.21,72.44,244.02,0.7756,-1,-1,-1
806,74,1000.18,600.04,72.08,238.93,0.7663,-1,-1,-1
806,70,1568.90,595.71,103.36,232.14,0.6058,-1,-1,-1
806,78,394.76,238.46,53.37,175.85,0.4840,-1,-1,-1
806,72,443.64,239.85,56.02,188.49,0.4956,-1,-1,-1
806,83,474.55,83.62,60.29,187.03,0.4025,-1,-1,-1
807,4,1721.71,453.73,75.04,212.78,0.7261,-1,-1,-1
807,64,277.22,529.35,77.36,230.51,0.7918,-1,-1,-1
807,69,880.30,937.56,59.84,142.47,0.6362,-1,-1,-1
807,75,1074.81,573.85,72.14,244.98,0.7758,-1,-1,-1
807,74,998.04,597.45,71.78,235.96,0.7667,-1,-1,-1
807,70,1569.38,597.50,102.61,230.32,0.6048,-1,-1,-1
807,78,393.97,238.46,54.46,178.05,0.4864,-1,-1,-1
807,72,443.95,239.35,55.58,188.05,0.4908,-1,-1,-1
807,83,476.03,83.54,59.96,187.98,0.3514,-1,-1,-1
808,4,1721.94,453.91,75.19,212.53,0.7252,-1,-1,-1
808,64,276.90,530.32,76.98,229.36,0.7946,-1,-1,-1
808,69,880.19,936.61,59.55,143.39,0.6371,-1,-1,-1
808,75,1072.49,572.95,73.59,245.05,0.7735,-1,-1,-1
808,74,997.21,595.29,70.40,232.52,0.7692,-1,-1,-1
808,70,1570.24,594.25,103.86,231.69,0.6522,-1,-1,-1
808,78,393.36,243.99,54.46,173.89,0.4969,-1,-1,-1
808,72,442.83,240.96,57.60,186.59,0.5661,-1,-1,-1
808,83,475.49,84.79,61.76,190.38,0.3447,-1,-1,-1
809,4,1721.81,455.10,75.00,210.73,0.7297,-1,-1,-1
809,64,276.04,531.68,77.34,228.63,0.8008,-1,-1,-1
809,69,880.38,936.67,59.14,143.20,0.6370,-1,-1,-1
809,75,1069.95,572.60,75.27,245.76,0.7827,-1,-1,-1
809,74,996.12,593.55,68.84,233.53,0.7697,-1,-1,-1
809,70,1570.10,594.91,103.82,230.14,0.6825,-1,-1,-1
809,78,392.10,247.11,54.72,174.21,0.4410,-1,-1,-1
809,72,440.41,240.85,60.56,186.57,0.5266,-1,-1,-1
810,4,1722.19,453.26,74.07,212.71,0.7340,-1,-1,-1
810,64,275.58,533.19,77.32,228.76,0.7915,-1,-1,-1
810,69,879.99,936.11,59.73,143.05,0.6510,-1,-1,-1
810,75,1067.23,572.56,76.62,244.72,0.7690,-1,-1,-1
810,74,994.76,592.21,69.11,235.61,0.7627,-1,-1,-1
810,70,1570.07,595.75,104.04,229.22,0.6893,-1,-1,-1
810,78,388.89,250.24,57.02,174.08,0.4381,-1,-1,-1
810,72,439.61,243.78,61.57,183.87,0.5847,-1,-1,-1
811,4,1722.39,452.65,73.39,212.19,0.7313,-1,-1,-1
811,64,275.08,535.06,77.86,230.56,0.7991,-1,-1,-1
811,69,879.12,935.56,61.96,143.38,0.6637,-1,-1,-1
811,75,1065.71,571.44,77.04,245.54,0.7718,-1,-1,-1
811,74,992.54,591.47,68.84,236.36,0.7654,-1,-1,-1
811,70,1570.77,598.00,103.29,226.50,0.6999,-1,-1,-1
811,78,390.10,252.07,56.09,175.01,0.4032,-1,-1,-1
811,72,439.62,244.42,61.93,183.81,0.5261,-1,-1,-1
812,4,1723.14,452.10,72.93,213.03,0.7280,-1,-1,-1
812,64,274.77,536.68,77.86,232.60,0.7987,-1,-1,-1
812,69,878.66,935.30,62.51,143.60,0.6738,-1,-1,-1
812,75,1063.89,570.58,76.14,245.33,0.7598,-1,-1,-1
812,74,991.47,590.49,67.54,238.03,0.7566,-1,-1,-1
812,70,1571.26,595.41,102.44,228.79,0.6660,-1,-1,-1
812,78,390.13,254.37,54.39,172.90,0.4489,-1,-1,-1
812,72,440.61,244.48,60.79,182.75,0.5487,-1,-1,-1
813,4,1723.31,451.99,72.75,213.11,0.7347,-1,-1,-1
813,64,273.92,538.28,78.17,236.12,0.7923,-1,-1,-1
813,69,877.98,935.42,63.48,143.55,0.6733,-1,-1,-1
813,75,1063.11,569.28,74.55,246.87,0.7508,-1,-1,-1
813,74,989.14,590.16,67.75,238.93,0.7701,-1,-1,-1
813,70,1570.88,596.79,103.46,227.49,0.6661,-1,-1,-1
813,78,389.51,256.07,53.77,173.54,0.4937,-1,-1,-1
813,72,440.22,242.85,60.93,184.29,0.4710,-1,-1,-1
814,4,1723.65,452.41,72.53,212.49,0.7231,-1,-1,-1
814,64,272.96,539.89,78.70,235.59,0.7850,-1,-1,-1
814,69,877.38,935.16,63.71,143.57,0.6511,-1,-1,-1
814,75,1061.90,567.32,73.82,243.67,0.7253,-1,-1,-1
814,74,986.90,589.34,67.30,236.90,0.7690,-1,-1,-1
814,70,1571.09,597.20,103.27,227.45,0.6815,-1,-1,-1
814,78,388.92,257.47,52.85,175.99,0.4727,-1,-1,-1
814,72,439.45,244.65,61.59,182.89,0.5469,-1,-1,-1
815,4,1723.75,452.76,72.39,211.66,0.7360,-1,-1,-1
815,64,272.37,541.98,78.70,235.46,0.7996,-1,-1,-1
815,69,877.23,934.87,63.85,144.14,0.6604,-1,-1,-1
815,75,1061.10,565.50,71.72,235.71,0.7497,-1,-1,-1
815,74,985.54,589.20,67.04,233.16,0.7668,-1,-1,-1
815,70,1571.35,596.45,103.82,227.96,0.6789,-1,-1,-1
815,78,388.28,259.81,52.34,174.88,0.4831,-1,-1,-1
815,72,438.46,244.48,62.75,185.46,0.4968,-1,-1,-1
815,83,472.25,89.85,63.98,184.89,0.3853,-1,-1,-1
816,4,1724.18,452.30,71.75,212.65,0.7306,-1,-1,-1
816,64,271.45,544.77,79.49,237.55,0.8064,-1,-1,-1
816,69,876.53,934.22,64.14,144.82,0.6881,-1,-1,-1
816,75,1060.12,564.08,69.85,230.86,0.7784,-1,-1,-1
816,74,983.45,588.37,67.97,227.98,0.7578,-1,-1,-1
816,70,1571.82,596.57,103.09,227.92,0.6860,-1,-1,-1
816,78,386.95,261.53,53.90,174.16,0.4869,-1,-1,-1
816,72,437.10,247.71,63.49,186.04,0.5220,-1,-1,-1
816,83,472.34,89.95,62.78,183.54,0.3827,-1,-1,-1
817,4,1723.74,454.20,72.49,210.22,0.7355,-1,-1,-1
817,64,270.94,547.66,80.04,236.45,0.8117,-1,-1,-1
817,69,875.97,933.92,63.60,144.90,0.6947,-1,-1,-1
817,75,1058.45,561.34,67.81,229.62,0.8024,-1,-1,-1
817,74,981.58,586.78,67.84,223.43,0.7637,-1,-1,-1
817,70,1571.12,597.21,103.69,227.24,0.6832,-1,-1,-1
817,78,386.31,264.03,54.65,170.58,0.5317,-1,-1,-1
817,72,437.46,250.72,62.37,184.89,0.5880,-1,-1,-1
817,83,472.67,91.38,61.71,183.91,0.4440,-1,-1,-1
818,4,1723.01,452.75,72.89,212.75,0.7291,-1,-1,-1
818,64,271.28,550.11,79.94,238.45,0.8095,-1,-1,-1
818,69,874.77,933.58,64.36,145.54,0.7191,-1,-1,-1
818,75,1055.98,558.77,67.78,229.84,0.7992,-1,-1,-1
818,74,980.60,585.58,67.17,218.30,0.7787,-1,-1,-1
818,70,1569.94,594.55,104.47,230.31,0.6823,-1,-1,-1
818,78,385.76,266.35,53.39,167.63,0.5093,-1,-1,-1
818,72,437.72,254.69,61.44,184.12,0.5598,-1,-1,-1
818,83,473.55,93.21,59.37,183.49,0.3772,-1,-1,-1
819,4,1723.33,453.43,73.29,212.48,0.7254,-1,-1,-1
819,64,271.84,551.70,79.25,238.92,0.7907,-1,-1,-1
819,69,873.65,934.12,65.81,145.19,0.7204,-1,-1,-1
819,75,1052.09,555.02,70.61,233.34,0.8177,-1,-1,-1
819,74,979.43,583.98,65.34,216.56,0.8196,-1,-1,-1
819,70,1570.50,596.33,103.32,228.52,0.7097,-1,-1,-1
819,78,384.76,265.57,53.85,167.55,0.5216,-1,-1,-1
819,72,436.90,255.96,61.28,185.93,0.6077,-1,-1,-1
819,83,473.08,94.74,59.10,186.32,0.4015,-1,-1,-1
820,4,1722.96,455.18,73.63,210.35,0.7247,-1,-1,-1
820,64,272.66,552.42,78.35,239.58,0.8012,-1,-1,-1
820,69,873.00,934.56,65.20,145.14,0.7121,-1,-1,-1
820,75,1047.47,553.17,73.98,235.01,0.8185,-1,-1,-1
820,74,977.34,580.52,65.51,217.91,0.8336,-1,-1,-1
820,70,1570.65,596.22,103.58,228.39,0.7059,-1,-1,-1
820,78,383.68,265.56,54.66,168.39,0.5371,-1,-1,-1
820,72,436.61,259.44,61.69,184.51,0.6611,-1,-1,-1
820,83,473.15,93.88,58.53,190.86,0.5040,-1,-1,-1
820,85,789.36,131.24,64.56,180.14,0.3460,-1,-1,-1
821,4,1723.37,453.38,72.81,212.10,0.7162,-1,-1,-1
821,64,272.81,553.07,78.39,238.82,0.7831,-1,-1,-1
821,69,872.87,934.60,65.16,145.32,0.7218,-1,-1,-1
821,75,1044.28,551.58,77.03,235.83,0.8371,-1,-1,-1
821,74,975.27,577.30,66.21,219.48,0.8350,-1,-1,-1
821,70,1570.59,596.85,103.43,227.81,0.6981,-1,-1,-1
821,78,382.20,265.26,55.31,169.96,0.5338,-1,-1,-1
821,72,435.51,260.56,62.84,187.11,0.6443,-1,-1,-1
821,83,472.81,90.47,59.21,198.43,0.4887,-1,-1,-1
821,85,789.20,132.62,64.56,179.28,0.3238,-1,-1,-1
822,4,1722.93,453.31,73.41,212.30,0.7219,-1,-1,-1
822,64,272.87,554.29,78.99,238.13,0.7676,-1,-1,-1
822,69,872.40,935.24,65.56,144.77,0.7199,-1,-1,-1
822,75,1041.68,550.31,79.89,236.90,0.8328,-1,-1,-1
822,74,973.25,574.20,67.28,216.16,0.8115,-1,-1,-1
822,70,1571.67,596.40,102.65,228.07,0.7121,-1,-1,-1
822,78,382.97,264.78,54.00,170.66,0.4873,-1,-1,-1
822,72,435.77,261.58,62.72,187.23,0.6091,-1,-1,-1
822,83,472.72,90.07,58.95,201.41,0.4755,-1,-1,-1
822,85,788.50,133.76,65.31,177.36,0.3746,-1,-1,-1
823,4,1722.61,453.31,73.42,212.45,0.7328,-1,-1,-1
823,64,273.02,555.09,79.26,237.17,0.7801,-1,-1,-1
823,69,871.94,936.03,65.22,143.97,0.7138,-1,-1,-1
823,75,1040.48,549.21,82.02,239.58,0.8220,-1,-1,-1
823,74,971.69,570.28,68.06,222.81,0.8126,-1,-1,-1
823,70,1571.22,595.71,102.99,228.59,0.6896,-1,-1,-1
823,78,381.64,267.39,55.35,168.59,0.5639,-1,-1,-1
823,72,436.90,262.13,61.45,187.21,0.6339,-1,-1,-1
823,83,471.93,91.02,59.90,201.56,0.4619,-1,-1,-1
823,85,788.37,134.21,65.73,177.27,0.3531,-1,-1,-1
824,4,1722.43,455.34,73.97,210.70,0.7124,-1,-1,-1
824,64,272.76,555.72,80.14,236.57,0.7698,-1,-1,-1
824,69,871.12,936.46,66.01,142.69,0.7265,-1,-1,-1
824,75,1037.37,547.84,86.18,242.38,0.7980,-1,-1,-1
824,74,968.13,568.27,68.95,228.60,0.7732,-1,-1,-1
824,70,1570.81,596.21,103.81,228.33,0.6776,-1,-1,-1
824,78,382.12,269.93,54.65,167.29,0.5496,-1,-1,-1
824,72,436.99,262.50,61.07,187.37,0.6669,-1,-1,-1
824,83,472.26,92.03,59.28,201.40,0.4805,-1,-1,-1
824,85,788.30,133.52,66.27,178.08,0.3810,-1,-1,-1
825,4,1721.83,454.66,75.02,211.59,0.7154,-1,-1,-1
825,64,272.30,557.19,80.81,234.78,0.7742,-1,-1,-1
825,69,870.35,937.18,65.95,142.25,0.6985,-1,-1,-1
825,75,1035.93,547.67,90.13,244.07,0.7935,-1,-1,-1
825,74,966.26,566.57,68.42,231.51,0.7745,-1,-1,-1
825,70,1571.51,598.42,102.49,225.96,0.6944,-1,-1,-1
825,78,381.89,271.30,54.35,168.09,0.5607,-1,-1,-1
825,72,436.58,262.98,61.23,187.46,0.6560,-1,-1,-1
825,83,471.86,93.66,59.77,200.43,0.4358,-1,-1,-1
825,85,790.01,133.89,64.83,177.93,0.3888,-1,-1,-1
826,4,1720.69,455.48,76.24,209.88,0.7347,-1,-1,-1
826,64,272.08,559.00,81.30,232.82,0.7890,-1,-1,-1
826,69,868.99,937.70,66.94,142.15,0.7043,-1,-1,-1
826,75,1035.06,547.19,91.84,242.78,0.7725,-1,-1,-1
826,74,964.05,565.06,68.41,233.62,0.7712,-1,-1,-1
826,70,1572.13,597.29,102.28,226.74,0.6841,-1,-1,-1
826,78,381.88,272.13,53.75,167.61,0.5283,-1,-1,-1
826,72,435.49,263.94,62.07,186.87,0.6904,-1,-1,-1
826,83,471.62,93.28,60.44,199.95,0.4358,-1,-1,-1
826,85,793.60,133.99,60.82,178.83,0.3371,-1,-1,-1
827,4,1720.89,454.74,76.31,210.82,0.7303,-1,-1,-1
827,64,271.79,560.31,81.74,231.55,0.7894,-1,-1,-1
827,69,868.77,938.82,67.32,141.23,0.7118,-1,-1,-1
827,75,1033.72,546.49,92.99,242.13,0.7690,-1,-1,-1
827,74,962.82,563.65,67.79,232.41,0.7662,-1,-1,-1
827,70,1571.61,596.96,103.23,227.15,0.6698,-1,-1,-1
827,78,380.53,272.37,54.61,168.67,0.5154,-1,-1,-1
827,72,435.74,264.77,61.51,185.75,0.6709,-1,-1,-1
827,83,471.22,95.59,61.11,196.98,0.4095,-1,-1,-1
827,85,791.69,132.58,63.96,179.79,0.3418,-1,-1,-1
828,4,1721.02,453.77,75.19,211.67,0.7416,-1,-1,-1
828,64,271.81,561.73,81.60,231.05,0.7897,-1,-1,-1
828,69,868.37,939.30,67.35,140.77,0.7060,-1,-1,-1
828,75,1033.07,544.88,93.97,243.31,0.7913,-1,-1,-1
828,74,960.28,562.88,68.76,231.40,0.7608,-1,-1,-1
828,70,1572.45,596.22,102.67,228.02,0.6726,-1,-1,-1
828,78,377.23,272.27,57.26,171.96,0.5264,-1,-1,-1
828,72,436.16,264.68,60.89,185.29,0.6805,-1,-1,-1
828,83,471.36,96.59,60.96,195.29,0.4337,-1,-1,-1
828,85,791.37,132.73,64.92,179.25,0.3351,-1,-1,-1
829,4,1721.59,453.14,74.39,212.28,0.7356,-1,-1,-1
829,64,271.73,562.66,81.66,233.03,0.7947,-1,-1,-1
829,69,869.38,939.51,66.04,140.55,0.7155,-1,-1,-1
829,75,1032.03,543.26,93.11,243.90,0.7742,-1,-1,-1
829,74,958.84,561.56,69.07,232.43,0.7777,-1,-1,-1
829,70,1571.99,596.26,103.17,227.67,0.6824,-1,-1,-1
829,78,377.40,272.74,57.17,174.59,0.5468,-1,-1,-1
829,72,436.36,264.76,60.71,185.19,0.6978,-1,-1,-1
829,83,471.93,98.50,60.54,195.83,0.4350,-1,-1,-1
829,85,793.01,133.31,64.50,178.73,0.3183,-1,-1,-1
830,4,1721.49,452.77,74.39,212.64,0.7458,-1,-1,-1
830,64,272.31,563.76,80.79,236.82,0.7990,-1,-1,-1
830,69,868.30,940.66,67.23,139.39,0.7040,-1,-1,-1
830,75,1031.95,541.15,92.96,245.25,0.7964,-1,-1,-1
830,74,958.07,561.47,68.26,232.52,0.7996,-1,-1,-1
830,70,1572.21,594.54,102.51,229.36,0.6841,-1,-1,-1
830,78,373.53,272.81,59.92,176.60,0.5586,-1,-1,-1
830,72,435.79,265.96,61.15,183.94,0.6679,-1,-1,-1
830,83,472.62,101.63,60.06,194.28,0.3677,-1,-1,-1
830,85,795.36,133.94,62.36,178.65,0.3170,-1,-1,-1
831,4,1721.60,454.84,75.00,210.86,0.7314,-1,-1,-1
831,64,272.37,565.87,80.41,240.93,0.8093,-1,-1,-1
831,69,868.81,941.31,66.53,138.75,0.7115,-1,-1,-1
831,75,1031.39,538.74,92.30,246.58,0.7988,-1,-1,-1
831,74,956.95,561.84,68.10,232.79,0.8019,-1,-1,-1
831,70,1572.90,593.93,101.50,230.15,0.7001,-1,-1,-1
831,78,371.88,273.73,60.31,179.49,0.5296,-1,-1,-1
831,72,435.46,266.75,61.36,183.87,0.6207,-1,-1,-1
831,83,471.91,103.39,62.61,194.56,0.3572,-1,-1,-1
831,85,798.07,134.28,59.24,179.49,0.3394,-1,-1,-1
832,4,1721.21,453.53,74.91,212.21,0.7499,-1,-1,-1
832,64,272.04,568.55,80.67,242.28,0.8219,-1,-1,-1
832,69,868.98,942.14,66.88,137.87,0.6851,-1,-1,-1
832,75,1030.76,535.94,88.90,245.85,0.7805,-1,-1,-1
832,74,955.30,561.86,68.23,231.85,0.7728,-1,-1,-1
832,70,1573.25,592.77,101.54,231.25,0.6929,-1,-1,-1
832,78,371.10,273.87,60.88,181.15,0.5159,-1,-1,-1
832,72,435.60,267.66,62.45,183.89,0.6227,-1,-1,-1
832,85,798.41,134.37,60.32,179.41,0.3397,-1,-1,-1
833,4,1720.67,453.09,75.29,212.95,0.7513,-1,-1,-1
833,64,271.13,571.22,81.13,243.64,0.8197,-1,-1,-1
833,69,869.11,943.19,67.20,136.81,0.7041,-1,-1,-1
833,75,1030.30,533.41,86.47,236.53,0.7928,-1,-1,-1
833,74,953.47,560.38,68.51,232.20,0.7714,-1,-1,-1
833,70,1572.75,591.34,101.84,232.70,0.6643,-1,-1,-1
833,78,369.82,272.68,61.93,183.66,0.4356,-1,-1,-1
833,72,435.43,267.75,62.90,186.35,0.6191,-1,-1,-1
833,85,798.71,134.96,60.45,178.17,0.3584,-1,-1,-1
834,4,1719.68,454.56,77.08,211.04,0.7542,-1,-1,-1
834,64,270.31,573.76,81.12,243.88,0.8161,-1,-1,-1
834,69,868.84,943.91,68.79,136.14,0.7142,-1,-1,-1
834,75,1030.60,529.47,83.68,232.96,0.8008,-1,-1,-1
834,74,951.61,555.70,68.88,237.24,0.7566,-1,-1,-1
834,70,1572.17,590.45,102.99,233.71,0.6828,-1,-1,-1
834,78,368.20,272.79,62.42,183.56,0.3894,-1,-1,-1
834,72,435.64,268.11,62.41,189.01,0.5849,-1,-1,-1
834,85,799.34,135.23,60.89,178.34,0.3470,-1,-1,-1
835,4,1719.59,453.58,77.72,213.24,0.7453,-1,-1,-1
835,64,270.06,576.09,79.87,244.99,0.8264,-1,-1,-1
835,69,867.90,943.61,71.08,136.41,0.6990,-1,-1,-1
835,75,1030.61,526.37,80.99,231.72,0.7954,-1,-1,-1
835,74,949.41,552.98,69.21,238.28,0.7588,-1,-1,-1
835,70,1571.10,589.15,104.03,234.94,0.6455,-1,-1,-1
835,78,370.94,277.94,58.94,176.30,0.4340,-1,-1,-1
835,72,437.25,270.44,61.07,189.27,0.6504,-1,-1,-1
835,85,802.59,135.35,57.80,176.96,0.3550,-1,-1,-1
836,4,1718.76,455.44,78.36,211.07,0.7407,-1,-1,-1
836,64,269.39,578.59,79.80,245.10,0.8160,-1,-1,-1
836,69,865.42,943.31,75.65,136.69,0.7306,-1,-1,-1
836,75,1031.60,523.40,77.22,232.68,0.7916,-1,-1,-1
836,74,948.54,550.39,68.23,230.86,0.7773,-1,-1,-1
836,70,1570.68,590.33,104.20,233.99,0.6672,-1,-1,-1
836,78,371.88,279.45,57.77,174.29,0.4681,-1,-1,-1
836,72,438.59,272.94,59.00,189.50,0.6299,-1,-1,-1
836,85,803.85,135.72,57.01,176.37,0.3888,-1,-1,-1
837,4,1719.66,454.45,77.60,212.84,0.7496,-1,-1,-1
837,64,268.60,580.26,79.65,244.70,0.8028,-1,-1,-1
837,69,865.12,943.38,76.72,136.61,0.7275,-1,-1,-1
837,75,1032.41,520.65,73.58,233.51,0.7735,-1,-1,-1
837,74,946.93,547.96,67.97,227.87,0.7744,-1,-1,-1
837,70,1569.45,589.74,106.22,234.82,0.6250,-1,-1,-1
837,78,371.33,280.10,58.18,173.29,0.4106,-1,-1,-1
837,72,439.93,276.57,57.10,188.00,0.6277,-1,-1,-1
837,85,801.45,135.20,61.43,177.66,0.3657,-1,-1,-1
838,4,1718.70,455.58,78.60,209.45,0.7585,-1,-1,-1
838,64,267.91,581.75,79.28,243.18,0.7859,-1,-1,-1
838,69,864.97,943.45,77.18,136.49,0.7208,-1,-1,-1
838,75,1033.16,519.11,71.10,234.26,0.7756,-1,-1,-1
838,74,945.00,545.89,67.34,227.53,0.7841,-1,-1,-1
838,70,1570.58,591.23,105.12,233.00,0.6791,-1,-1,-1
838,78,360.52,277.96,67.67,176.20,0.4528,-1,-1,-1
838,72,436.72,274.44,60.77,191.90,0.6384,-1,-1,-1
838,85,803.60,135.48,59.59,177.30,0.3662,-1,-1,-1
839,4,1719.40,453.58,76.95,211.49,0.7573,-1,-1,-1
839,64,266.64,583.06,79.80,241.29,0.7657,-1,-1,-1
839,69,864.97,942.79,77.75,136.96,0.7165,-1,-1,-1
839,75,1033.91,518.63,69.81,234.63,0.7686,-1,-1,-1
839,74,944.20,543.50,66.74,228.53,0.7773,-1,-1,-1
839,70,1570.45,591.38,105.60,232.60,0.6137,-1,-1,-1
839,78,366.45,280.18,60.98,173.43,0.4415,-1,-1,-1
839,72,436.24,276.28,61.09,191.43,0.6192,-1,-1,-1
839,85,804.36,136.55,60.01,176.49,0.3829,-1,-1,-1
840,4,1719.95,453.03,76.27,211.85,0.7559,-1,-1,-1
840,64,264.48,584.22,80.59,239.88,0.7395,-1,-1,-1
840,69,865.18,943.44,77.87,136.13,0.7148,-1,-1,-1
840,75,1033.80,518.26,69.19,233.87,0.7631,-1,-1,-1
840,74,942.88,541.52,66.54,228.97,0.7689,-1,-1,-1
840,70,1570.01,593.25,106.34,231.00,0.6460,-1,-1,-1
840,78,357.65,277.19,68.82,176.54,0.5059,-1,-1,-1
840,72,434.95,275.20,62.48,192.78,0.6562,-1,-1,-1
840,85,806.00,137.14,58.90,175.58,0.4503,-1,-1,-1
841,4,1719.83,452.46,76.50,212.44,0.7449,-1,-1,-1
841,64,263.13,585.37,81.52,237.90,0.7609,-1,-1,-1
841,69,866.35,943.57,78.46,135.94,0.7294,-1,-1,-1
841,75,1032.64,517.87,68.93,233.36,0.7483,-1,-1,-1
841,74,941.47,539.90,66.50,230.36,0.7721,-1,-1,-1
841,70,1570.81,593.75,105.72,230.83,0.6776,-1,-1,-1
841,78,355.96,276.19,69.74,178.66,0.5058,-1,-1,-1
841,72,436.53,278.07,59.32,191.32,0.6530,-1,-1,-1
841,85,804.53,136.45,62.47,175.48,0.3898,-1,-1,-1
841,83,472.89,108.52,61.68,195.87,0.3444,-1,-1,-1
842,4,1719.54,454.86,77.24,210.26,0.7272,-1,-1,-1
842,64,262.35,585.97,82.29,237.13,0.7748,-1,-1,-1
842,69,866.32,943.51,79.19,136.08,0.7153,-1,-1,-1
842,75,1028.98,516.88,71.32,232.92,0.7373,-1,-1,-1
842,74,939.76,538.91,66.07,231.85,0.7716,-1,-1,-1
842,70,1572.04,594.38,104.75,230.04,0.6518,-1,-1,-1
842,78,364.40,280.91,60.60,174.55,0.5131,-1,-1,-1
842,72,437.57,278.72,58.29,190.28,0.6421,-1,-1,-1
842,85,804.73,136.57,62.53,175.04,0.4144,-1,-1,-1
843,4,1718.84,455.61,78.53,209.05,0.7326,-1,-1,-1
843,64,261.08,586.81,83.57,236.07,0.7887,-1,-1,-1
843,69,866.67,943.69,80.08,135.79,0.7209,-1,-1,-1
843,75,1025.23,516.43,74.24,233.19,0.7527,-1,-1,-1
843,74,938.44,538.26,65.90,232.11,0.7837,-1,-1,-1
843,70,1571.18,593.48,105.30,231.36,0.6284,-1,-1,-1
843,78,366.09,282.69,59.48,175.20,0.5540,-1,-1,-1
843,72,438.02,280.47,58.43,188.46,0.6733,-1,-1,-1
843,85,805.94,137.09,62.12,174.91,0.3590,-1,-1,-1
844,4,1719.12,454.17,78.44,211.23,0.7412,-1,-1,-1
844,64,261.04,587.78,83.49,235.41,0.7974,-1,-1,-1
844,69,867.05,943.41,80.06,136.13,0.7208,-1,-1,-1
844,75,1022.40,516.15,75.00,232.09,0.7795,-1,-1,-1
844,74,937.65,536.66,65.56,233.26,0.7891,-1,-1,-1
844,70,1571.38,592.70,104.04,232.02,0.6321,-1,-1,-1
844,78,361.62,281.29,63.90,180.08,0.5285,-1,-1,-1
844,72,438.16,281.65,58.50,187.41,0.6716,-1,-1,-1
844,85,806.11,137.10,62.53,174.56,0.3834,-1,-1,-1
845,4,1718.26,455.85,78.81,208.85,0.7514,-1,-1,-1
845,64,260.96,588.50,83.61,235.40,0.7995,-1,-1,-1
845,69,866.66,943.49,80.67,136.00,0.7120,-1,-1,-1
845,75,1021.49,516.17,73.52,229.79,0.7743,-1,-1,-1
845,74,936.36,535.85,66.27,233.83,0.7750,-1,-1,-1
845,70,1570.81,592.79,103.84,231.61,0.6418,-1,-1,-1
845,78,360.91,282.53,64.02,181.42,0.5546,-1,-1,-1
845,72,438.50,281.37,57.81,188.03,0.6712,-1,-1,-1
845,85,805.85,137.41,63.29,174.29,0.3504,-1,-1,-1
846,4,1718.08,455.90,79.08,208.41,0.7434,-1,-1,-1
846,64,260.71,589.60,84.21,236.39,0.7939,-1,-1,-1
846,69,866.47,944.26,81.14,135.12,0.7197,-1,-1,-1
846,75,1020.22,515.43,73.76,229.15,0.7743,-1,-1,-1
846,74,934.72,535.09,66.79,232.83,0.7835,-1,-1,-1
846,70,1570.26,594.51,104.24,229.86,0.6630,-1,-1,-1
846,78,359.27,283.97,65.40,181.90,0.5688,-1,-1,-1
846,72,438.65,282.25,57.25,187.06,0.6581,-1,-1,-1
846,85,805.99,137.40,63.29,174.89,0.3674,-1,-1,-1
847,4,1717.73,454.62,79.93,210.12,0.7454,-1,-1,-1
847,64,260.59,592.57,84.61,236.38,0.7786,-1,-1,-1
847,69,866.70,944.55,81.88,134.94,0.6938,-1,-1,-1
847,75,1018.89,513.26,73.23,232.38,0.7548,-1,-1,-1
847,74,933.56,534.17,66.91,231.16,0.7623,-1,-1,-1
847,70,1569.93,594.04,104.47,230.05,0.6545,-1,-1,-1
847,78,358.91,287.25,65.52,180.44,0.5599,-1,-1,-1
847,72,439.06,281.95,56.39,186.49,0.6359,-1,-1,-1
847,85,803.57,137.95,67.32,174.66,0.3744,-1,-1,-1
848,4,1717.65,453.42,79.22,211.19,0.7519,-1,-1,-1
848,64,261.28,595.12,84.04,237.41,0.7984,-1,-1,-1
848,69,866.47,944.63,82.30,134.74,0.7062,-1,-1,-1
848,75,1017.57,511.20,72.03,228.82,0.7525,-1,-1,-1
848,74,932.68,532.71,66.56,230.54,0.7651,-1,-1,-1
848,70,1570.15,593.80,104.60,230.01,0.6401,-1,-1,-1
848,78,357.87,288.35,65.69,180.47,0.5680,-1,-1,-1
848,72,437.81,281.09,57.07,187.75,0.6348,-1,-1,-1
848,85,803.85,138.86,68.21,173.49,0.3565,-1,-1,-1
849,4,1717.76,453.49,79.45,211.12,0.7520,-1,-1,-1
849,64,261.53,597.22,84.14,240.92,0.7930,-1,-1,-1
849,69,866.40,945.10,82.97,134.16,0.6869,-1,-1,-1
849,75,1015.79,509.35,69.38,224.13,0.7447,-1,-1,-1
849,74,931.87,530.49,65.77,231.01,0.7692,-1,-1,-1
849,70,1571.97,594.41,102.94,229.84,0.6753,-1,-1,-1
849,78,356.08,292.54,67.27,178.23,0.6082,-1,-1,-1
849,72,437.20,280.13,56.95,188.85,0.6427,-1,-1,-1
849,85,805.75,138.04,66.15,174.01,0.3704,-1,-1,-1
850,4,1718.25,453.30,78.98,212.62,0.7482,-1,-1,-1
850,64,261.69,599.32,84.38,241.40,0.7985,-1,-1,-1
850,69,866.90,945.13,82.93,133.80,0.6974,-1,-1,-1
850,75,1013.79,506.69,68.02,224.08,0.8031,-1,-1,-1
850,74,931.41,527.98,64.32,231.95,0.7859,-1,-1,-1
850,70,1572.49,594.86,102.99,229.43,0.6768,-1,-1,-1
850,78,353.75,295.98,69.55,176.63,0.5993,-1,-1,-1
850,72,437.60,277.79,59.33,194.10,0.6309,-1,-1,-1
850,85,806.93,137.77,65.14,174.26,0.3724,-1,-1,-1
851,4,1717.76,452.91,78.68,211.50,0.7407,-1,-1,-1
851,64,261.89,600.94,84.59,242.63,0.8083,-1,-1,-1
851,69,867.58,945.14,83.57,133.73,0.7021,-1,-1,-1
851,75,1009.73,504.04,69.28,224.64,0.8157,-1,-1,-1
851,74,929.68,525.81,64.58,234.25,0.7966,-1,-1,-1
851,70,1572.45,593.95,103.15,230.34,0.6590,-1,-1,-1
851,78,351.81,298.34,70.94,174.82,0.5639,-1,-1,-1
851,72,437.98,283.02,57.91,191.85,0.6276,-1,-1,-1
851,85,804.95,138.76,67.90,172.91,0.3804,-1,-1,-1
852,4,1717.50,455.29,79.40,209.40,0.7367,-1,-1,-1
852,64,263.46,603.27,83.60,243.51,0.8042,-1,-1,-1
852,69,868.39,945.15,83.59,133.80,0.7008,-1,-1,-1
852,75,1007.38,502.01,69.24,225.66,0.8067,-1,-1,-1
852,74,928.61,523.25,63.81,222.47,0.7426,-1,-1,-1
852,70,1571.35,593.79,104.53,230.39,0.6423,-1,-1,-1
852,78,349.84,298.93,72.50,175.25,0.5338,-1,-1,-1
852,72,437.76,287.21,56.14,189.47,0.5885,-1,-1,-1
852,85,807.44,138.03,65.04,173.46,0.3584,-1,-1,-1
852,83,467.66,123.81,64.08,188.27,0.4052,-1,-1,-1
853,4,1718.59,454.00,78.87,210.69,0.7236,-1,-1,-1
853,64,264.43,605.88,83.94,243.92,0.8003,-1,-1,-1
853,69,868.64,945.19,83.44,133.98,0.6998,-1,-1,-1
853,75,1003.55,500.41,71.21,226.73,0.8231,-1,-1,-1
853,74,926.97,520.81,65.15,213.84,0.7779,-1,-1,-1
853,70,1570.87,593.34,104.26,230.95,0.6007,-1,-1,-1
853,78,347.71,298.46,73.88,176.55,0.4830,-1,-1,-1
853,72,437.12,290.42,57.56,188.95,0.5942,-1,-1,-1
853,85,807.40,137.86,64.56,174.52,0.3890,-1,-1,-1
853,83,465.33,123.83,66.10,192.25,0.4543,-1,-1,-1
854,4,1717.56,456.00,79.83,208.46,0.7261,-1,-1,-1
854,64,264.67,607.10,84.58,245.36,0.8175,-1,-1,-1
854,69,868.74,944.97,83.80,133.99,0.7023,-1,-1,-1
854,75,998.67,498.75,75.12,228.66,0.8228,-1,-1,-1
854,74,926.49,518.22,65.49,217.45,0.7967,-1,-1,-1
854,70,1569.15,593.95,106.05,230.27,0.5999,-1,-1,-1
854,78,347.07,297.50,73.49,177.69,0.4767,-1,-1,-1
854,72,437.20,289.73,57.59,192.76,0.6084,-1,-1,-1
854,85,807.50,137.81,64.59,174.60,0.3739,-1,-1,-1
854,83,463.12,122.84,68.02,195.93,0.4866,-1,-1,-1
855,4,1717.29,456.48,80.07,207.81,0.7336,-1,-1,-1
855,64,266.11,608.72,84.05,246.01,0.8214,-1,-1,-1
855,69,869.58,944.63,83.20,134.24,0.7195,-1,-1,-1
855,75,996.84,496.87,76.48,230.78,0.7963,-1,-1,-1
855,74,925.97,515.56,65.08,219.95,0.7904,-1,-1,-1
855,70,1569.88,593.11,105.33,231.12,0.6227,-1,-1,-1
855,78,344.43,300.01,74.91,175.58,0.4915,-1,-1,-1
855,72,436.29,290.74,58.42,194.10,0.6364,-1,-1,-1
855,85,807.15,137.68,65.03,175.85,0.3574,-1,-1,-1
855,83,464.57,124.15,66.36,196.94,0.5021,-1,-1,-1
856,4,1717.30,456.98,80.41,208.75,0.7428,-1,-1,-1
856,64,266.99,610.19,83.97,244.31,0.8048,-1,-1,-1
856,69,871.36,944.49,82.06,134.17,0.7284,-1,-1,-1
856,75,995.20,495.27,78.93,232.78,0.8202,-1,-1,-1
856,74,925.08,512.61,65.26,222.26,0.8040,-1,-1,-1
856,70,1570.87,592.35,105.01,232.13,0.6383,-1,-1,-1
856,78,343.97,299.81,74.28,176.72,0.4824,-1,-1,-1
856,72,435.73,292.20,58.39,195.18,0.6013,-1,-1,-1
856,85,807.14,137.27,64.70,175.55,0.3599,-1,-1,-1
856,83,466.45,125.22,64.02,196.03,0.4602,-1,-1,-1
857,4,1718.04,455.54,79.23,211.55,0.7293,-1,-1,-1
857,64,268.49,611.07,83.17,242.55,0.7872,-1,-1,-1
857,69,872.57,943.91,80.77,134.67,0.7172,-1,-1,-1
857,75,994.64,494.54,80.28,234.26,0.8034,-1,-1,-1
857,74,922.18,510.89,66.46,224.66,0.7819,-1,-1,-1
857,70,1571.64,592.39,104.70,232.12,0.6289,-1,-1,-1
857,78,347.50,303.34,69.21,171.60,0.5089,-1,-1,-1
857,72,435.07,293.83,59.10,195.21,0.6069,-1,-1,-1
857,85,807.61,137.44,63.96,174.74,0.3360,-1,-1,-1
857,83,467.84,127.86,62.50,196.23,0.4170,-1,-1,-1
858,4,1717.14,456.94,80.12,209.46,0.7340,-1,-1,-1
858,64,269.82,611.89,82.80,242.39,0.7962,-1,-1,-1
858,69,873.46,943.59,80.36,135.16,0.7255,-1,-1,-1
858,75,991.59,493.88,83.65,235.12,0.7997,-1,-1,-1
858,74,920.56,509.74,66.66,224.27,0.7668,-1,-1,-1
858,70,1572.75,594.00,103.34,230.45,0.6804,-1,-1,-1
858,78,346.02,304.23,71.82,172.59,0.5352,-1,-1,-1
858,72,433.19,294.23,63.47,194.76,0.5712,-1,-1,-1
858,85,806.49,137.41,65.05,173.73,0.3390,-1,-1,-1
858,83,468.06,130.10,62.50,195.62,0.3979,-1,-1,-1
859,4,1715.78,457.41,81.47,209.63,0.7308,-1,-1,-1
859,64,269.70,611.67,84.18,243.36,0.8008,-1,-1,-1
859,69,874.62,943.78,79.71,135.23,0.7379,-1,-1,-1
859,75,991.36,493.95,84.19,234.69,0.7927,-1,-1,-1
859,74,918.62,507.28,66.71,226.86,0.7696,-1,-1,-1
859,70,1572.99,593.88,103.51,230.69,0.6460,-1,-1,-1
859,78,345.61,303.93,72.96,173.58,0.5205,-1,-1,-1
859,72,434.43,298.25,61.13,190.27,0.5971,-1,-1,-1
859,85,807.17,137.26,64.31,173.81,0.3454,-1,-1,-1
859,83,469.47,132.42,61.93,194.75,0.3143,-1,-1,-1
860,4,1715.62,456.69,81.42,209.91,0.7424,-1,-1,-1
860,64,270.03,612.07,84.70,242.33,0.8106,-1,-1,-1
860,69,875.38,942.76,79.59,136.59,0.7249,-1,-1,-1
860,75,989.10,493.46,86.60,234.96,0.7726,-1,-1,-1
860,74,916.81,505.47,66.81,228.52,0.7682,-1,-1,-1
860,70,1572.72,593.54,104.19,230.66,0.6052,-1,-1,-1
860,78,345.47,302.02,73.42,176.98,0.5333,-1,-1,-1
860,72,434.17,300.12,60.08,189.11,0.6099,-1,-1,-1
860,85,806.49,137.61,64.88,172.89,0.3372,-1,-1,-1
860,83,468.93,132.99,63.07,195.02,0.4127,-1,-1,-1
860,87,1403.41,1017.42,68.76,62.41,0.5021,-1,-1,-1
861,4,1715.13,456.49,82.24,209.73,0.7502,-1,-1,-1
861,64,270.14,613.11,85.67,241.17,0.8141,-1,-1,-1
861,69,876.47,942.91,79.93,136.90,0.7457,-1,-1,-1
861,75,988.15,492.71,87.79,234.77,0.7825,-1,-1,-1
861,74,915.29,503.27,66.58,231.27,0.7792,-1,-1,-1
861,70,1572.36,597.01,103.34,227.23,0.6541,-1,-1,-1
861,78,347.16,302.46,69.20,178.04,0.5316,-1,-1,-1
861,72,432.03,300.40,63.08,188.53,0.5885,-1,-1,-1
861,85,806.23,137.58,64.92,173.11,0.3155,-1,-1,-1
861,83,469.09,132.87,63.57,195.68,0.4183,-1,-1,-1
861,87,1400.65,1015.57,73.78,64.38,0.5852,-1,-1,-1
862,4,1715.64,456.61,82.14,210.26,0.7354,-1,-1,-1
862,64,270.16,613.26,85.52,240.50,0.8133,-1,-1,-1
862,69,877.71,943.55,78.98,136.46,0.7283,-1,-1,-1
862,75,988.05,491.34,86.06,234.49,0.7788,-1,-1,-1
862,74,914.49,501.91,66.14,233.25,0.7651,-1,-1,-1
862,70,1571.94,597.01,104.32,226.97,0.6380,-1,-1,-1
862,78,347.77,303.20,67.82,180.37,0.4917,-1,-1,-1
862,72,432.93,300.11,60.88,187.53,0.5818,-1,-1,-1
862,85,806.92,137.45,63.88,174.08,0.3178,-1,-1,-1
862,83,470.30,133.19,64.06,196.20,0.4270,-1,-1,-1
862,87,1394.48,1012.94,80.10,67.07,0.6171,-1,-1,-1
863,4,1716.10,456.59,81.64,210.33,0.7412,-1,-1,-1
863,64,270.32,613.65,85.74,240.63,0.8160,-1,-1,-1
863,69,879.31,942.77,78.28,136.98,0.7321,-1,-1,-1
863,75,988.44,489.35,85.48,235.00,0.7992,-1,-1,-1
863,74,913.14,500.81,66.07,233.01,0.7730,-1,-1,-1
863,70,1571.66,595.30,104.79,228.54,0.6396,-1,-1,-1
863,78,346.98,306.68,68.05,180.41,0.5692,-1,-1,-1
863,72,432.71,301.06,60.61,187.34,0.5948,-1,-1,-1
863,83,471.31,134.16,64.91,193.76,0.3790,-1,-1,-1
863,87,1390.50,1009.84,82.89,70.17,0.6324,-1,-1,-1
864,4,1716.20,457.12,82.10,209.98,0.7389,-1,-1,-1
864,64,270.92,614.89,85.67,240.06,0.8133,-1,-1,-1
864,69,880.64,942.55,78.27,137.07,0.7422,-1,-1,-1
864,75,986.53,486.74,85.18,235.96,0.8030,-1,-1,-1
864,74,912.58,500.14,65.66,232.64,0.7635,-1,-1,-1
864,70,1572.36,594.58,104.53,229.15,0.6338,-1,-1,-1
864,78,346.74,309.22,67.34,179.27,0.5451,-1,-1,-1
864,72,432.50,302.39,61.54,187.04,0.5664,-1,-1,-1
864,83,472.36,136.55,64.58,189.70,0.3038,-1,-1,-1
864,87,1387.13,1005.81,85.56,74.21,0.6629,-1,-1,-1
864,88,1083.80,0.01,57.41,126.59,0.3951,-1,-1,-1
865,4,1716.89,456.82,81.35,208.68,0.7301,-1,-1,-1
865,64,272.39,617.36,84.65,243.11,0.8342,-1,-1,-1
865,69,882.02,942.64,78.52,137.24,0.7300,-1,-1,-1
865,75,985.80,484.46,84.32,235.90,0.7994,-1,-1,-1
865,74,911.23,498.89,65.49,229.68,0.7620,-1,-1,-1
865,70,1572.01,594.26,104.97,229.57,0.6471,-1,-1,-1
865,78,346.64,311.86,69.06,179.06,0.5938,-1,-1,-1
865,72,432.23,303.14,62.38,186.91,0.5807,-1,-1,-1
865,87,1384.36,1001.82,88.98,78.14,0.6825,-1,-1,-1
865,88,1084.55,1.11,57.53,127.63,0.3846,-1,-1,-1
866,4,1717.83,456.93,80.44,208.86,0.7195,-1,-1,-1
866,64,273.38,619.51,83.97,246.73,0.8294,-1,-1,-1
866,69,883.28,942.61,79.47,137.37,0.7354,-1,-1,-1
866,75,984.79,481.84,84.03,234.54,0.7924,-1,-1,-1
866,74,909.66,497.37,66.10,227.42,0.7879,-1,-1,-1
866,70,1572.16,594.31,104.99,229.29,0.6126,-1,-1,-1
866,78,345.33,313.69,70.89,178.17,0.5720,-1,-1,-1
866,72,432.23,303.99,62.66,186.34,0.5394,-1,-1,-1
866,87,1381.78,998.22,91.63,81.76,0.6804,-1,-1,-1
866,88,1085.54,1.30,57.51,130.99,0.3089,-1,-1,-1
867,4,1718.10,456.95,80.22,209.75,0.7130,-1,-1,-1
867,64,273.92,620.77,84.05,249.85,0.8261,-1,-1,-1
867,69,885.64,941.97,79.03,138.02,0.7371,-1,-1,-1
867,75,984.20,478.75,83.06,230.52,0.7732,-1,-1,-1
867,74,907.23,496.15,67.73,223.06,0.7791,-1,-1,-1
867,70,1572.40,593.34,104.61,230.30,0.6158,-1,-1,-1
867,78,345.09,317.49,70.20,175.70,0.5582,-1,-1,-1
867,72,432.39,301.76,60.65,189.55,0.5465,-1,-1,-1
867,87,1380.26,994.26,93.27,85.73,0.6755,-1,-1,-1
867,88,1086.11,0.43,57.34,133.43,0.3158,-1,-1,-1
868,4,1718.31,456.89,79.35,209.16,0.7020,-1,-1,-1
868,64,273.28,622.11,85.31,252.43,0.8356,-1,-1,-1
868,69,888.02,941.57,78.76,138.45,0.7426,-1,-1,-1
868,75,985.71,475.98,79.31,224.41,0.7793,-1,-1,-1
868,74,904.90,494.71,68.96,219.72,0.7652,-1,-1,-1
868,70,1573.31,592.68,103.05,230.67,0.6526,-1,-1,-1
868,78,344.84,318.33,69.72,175.13,0.5313,-1,-1,-1
868,72,432.74,300.97,58.84,194.93,0.5583,-1,-1,-1
868,87,1379.11,988.92,94.43,91.07,0.6574,-1,-1,-1
868,88,1087.26,0.11,54.83,135.29,0.3574,-1,-1,-1
869,4,1718.32,457.19,79.79,208.84,0.7088,-1,-1,-1
869,64,273.52,624.66,85.63,250.29,0.8312,-1,-1,-1
869,69,891.57,941.02,77.92,139.00,0.7291,-1,-1,-1
869,75,987.01,473.38,75.91,223.98,0.7588,-1,-1,-1
869,74,903.17,492.75,70.32,214.86,0.7704,-1,-1,-1
869,70,1573.26,593.76,103.33,229.67,0.6356,-1,-1,-1
869,78,346.11,316.12,68.66,176.95,0.4887,-1,-1,-1
869,72,432.23,301.83,60.34,198.01,0.4980,-1,-1,-1
869,87,1378.91,984.78,94.10,95.19,0.6839,-1,-1,-1
869,88,1087.76,0.42,53.68,135.09,0.3376,-1,-1,-1
870,4,1718.03,457.79,80.14,206.73,0.7184,-1,-1,-1
870,64,273.94,627.23,85.78,251.24,0.8334,-1,-1,-1
870,69,894.05,940.70,76.91,139.26,0.7350,-1,-1,-1
870,75,988.68,471.99,71.52,223.30,0.7479,-1,-1,-1
870,74,901.42,490.92,70.44,214.86,0.7288,-1,-1,-1
870,70,1573.95,594.43,102.53,229.30,0.6507,-1,-1,-1
870,78,354.73,318.24,61.49,173.20,0.5095,-1,-1,-1
870,72,433.86,311.22,57.66,193.33,0.5621,-1,-1,-1
870,87,1378.63,982.32,93.84,97.64,0.7184,-1,-1,-1
870,88,1087.99,0.10,52.43,135.34,0.3204,-1,-1,-1
871,4,1717.66,457.62,80.56,207.88,0.7024,-1,-1,-1
871,64,275.04,630.06,85.69,253.68,0.8329,-1,-1,-1
871,69,896.57,941.40,75.55,138.65,0.7383,-1,-1,-1
871,75,989.24,469.87,68.73,224.64,0.7531,-1,-1,-1
871,74,899.81,488.71,70.59,215.18,0.7345,-1,-1,-1
871,70,1573.81,594.63,102.23,229.73,0.6152,-1,-1,-1
871,78,355.66,316.81,59.54,175.45,0.4938,-1,-1,-1
871,72,434.68,314.81,55.87,191.40,0.5787,-1,-1,-1
871,87,1377.40,979.70,94.40,100.32,0.7134,-1,-1,-1
871,88,1088.15,0.05,51.49,134.92,0.3006,-1,-1,-1
872,4,1717.30,457.95,80.83,208.13,0.7101,-1,-1,-1
872,64,276.80,632.70,83.71,254.93,0.8345,-1,-1,-1
872,69,898.13,941.55,76.02,138.53,0.7319,-1,-1,-1
872,75,988.83,468.38,67.47,225.83,0.7477,-1,-1,-1
872,74,898.26,487.39,70.94,216.43,0.7402,-1,-1,-1
872,70,1572.22,595.55,103.73,228.82,0.6097,-1,-1,-1
872,78,355.90,314.65,58.41,178.35,0.4973,-1,-1,-1
872,72,434.43,317.38,55.06,191.68,0.5833,-1,-1,-1
872,87,1375.42,976.62,96.13,103.42,0.7117,-1,-1,-1
872,88,1087.63,0.02,51.99,136.88,0.3737,-1,-1,-1
873,4,1717.15,458.12,80.73,207.90,0.7080,-1,-1,-1
873,64,277.10,634.15,83.84,255.43,0.8348,-1,-1,-1
873,69,900.17,941.56,76.19,138.50,0.7335,-1,-1,-1
873,75,989.22,467.64,66.20,225.21,0.7412,-1,-1,-1
873,74,897.79,486.38,70.72,219.09,0.7343,-1,-1,-1
873,70,1571.38,596.07,104.75,228.11,0.5866,-1,-1,-1
873,78,355.98,314.89,57.99,177.66,0.5168,-1,-1,-1
873,72,433.78,317.31,56.94,193.39,0.6029,-1,-1,-1
873,87,1373.32,974.54,97.14,105.49,0.7210,-1,-1,-1
873,88,1087.42,1.51,52.81,140.85,0.3505,-1,-1,-1
874,4,1718.09,458.35,79.80,208.04,0.6924,-1,-1,-1
874,64,277.29,635.17,84.97,255.10,0.8304,-1,-1,-1
874,69,900.72,941.01,76.87,138.98,0.7366,-1,-1,-1
874,75,989.58,467.17,65.74,224.96,0.7300,-1,-1,-1
874,74,897.63,484.13,70.07,221.02,0.7175,-1,-1,-1
874,70,1572.13,596.97,104.44,227.26,0.6298,-1,-1,-1
874,78,355.55,315.26,56.89,177.69,0.5340,-1,-1,-1
874,72,432.27,315.03,58.72,195.83,0.6155,-1,-1,-1
874,87,1371.31,973.48,97.71,106.54,0.7276,-1,-1,-1
874,88,1087.37,1.20,54.20,141.54,0.3402,-1,-1,-1
875,4,1717.96,458.47,79.55,207.26,0.6881,-1,-1,-1
875,64,279.19,635.87,83.70,253.93,0.8215,-1,-1,-1
875,69,902.28,940.32,76.50,139.69,0.7270,-1,-1,-1
875,75,989.85,466.86,65.31,225.14,0.7283,-1,-1,-1
875,74,896.28,482.97,69.62,220.99,0.7285,-1,-1,-1
875,70,1572.51,597.28,104.14,226.55,0.6244,-1,-1,-1
875,78,355.18,317.89,57.71,175.67,0.5192,-1,-1,-1
875,72,431.82,313.45,59.75,197.89,0.5709,-1,-1,-1
875,87,1369.98,971.92,97.43,108.09,0.7072,-1,-1,-1
876,4,1718.55,458.07,79.19,207.55,0.6895,-1,-1,-1
876,64,279.89,636.44,84.63,253.75,0.8137,-1,-1,-1
876,69,902.46,940.08,78.08,139.94,0.7458,-1,-1,-1
876,75,989.40,466.95,65.13,225.98,0.7277,-1,-1,-1
876,74,895.70,482.33,68.83,222.38,0.7299,-1,-1,-1
876,70,1572.95,598.20,102.73,225.58,0.6197,-1,-1,-1
876,78,353.78,319.21,60.65,175.93,0.4857,-1,-1,-1
876,72,431.84,314.03,59.86,196.77,0.5743,-1,-1,-1
876,87,1367.76,970.62,97.76,109.37,0.7048,-1,-1,-1
877,4,1718.56,458.07,79.41,207.59,0.6722,-1,-1,-1
877,64,281.12,637.53,83.04,253.10,0.7987,-1,-1,-1
877,69,903.03,939.45,78.25,140.55,0.7298,-1,-1,-1
877,75,987.72,466.15,66.23,226.90,0.7179,-1,-1,-1
877,74,895.36,482.16,68.72,223.13,0.7212,-1,-1,-1
877,70,1573.15,597.79,103.04,226.17,0.6011,-1,-1,-1
877,78,353.67,321.06,60.38,177.47,0.5164,-1,-1,-1
877,72,431.15,314.36,61.09,195.75,0.5503,-1,-1,-1
877,87,1365.56,968.44,98.53,111.56,0.6993,-1,-1,-1
877,88,1086.52,0.48,58.26,148.07,0.3408,-1,-1,-1
878,4,1719.18,457.68,78.41,207.52,0.6348,-1,-1,-1
878,64,282.37,638.88,84.12,251.98,0.7850,-1,-1,-1
878,69,903.87,939.20,79.50,140.79,0.7349,-1,-1,-1
878,75,987.20,465.16,65.87,226.75,0.7103,-1,-1,-1
878,74,895.08,480.77,67.79,224.06,0.7169,-1,-1,-1
878,70,1573.74,597.32,102.44,226.98,0.5762,-1,-1,-1
878,78,354.88,321.56,58.84,181.13,0.4853,-1,-1,-1
878,72,430.01,316.28,61.39,194.33,0.5511,-1,-1,-1
878,87,1362.19,966.18,101.19,113.81,0.7178,-1,-1,-1
878,88,1085.97,0.35,59.88,149.14,0.4427,-1,-1,-1
879,4,1719.28,457.23,78.35,207.95,0.6268,-1,-1,-1
879,64,283.17,640.37,85.22,250.56,0.7807,-1,-1,-1
879,69,903.85,938.97,80.45,141.01,0.7361,-1,-1,-1
879,75,985.23,464.43,66.52,226.48,0.6852,-1,-1,-1
879,74,894.52,480.39,66.90,223.53,0.7189,-1,-1,-1
879,70,1573.84,599.02,101.31,225.60,0.5909,-1,-1,-1
879,78,353.19,323.04,60.49,182.88,0.4128,-1,-1,-1
879,72,429.18,314.42,61.73,196.58,0.5044,-1,-1,-1
879,87,1361.13,963.65,101.40,116.32,0.7321,-1,-1,-1
879,88,1085.89,0.30,60.53,151.62,0.4383,-1,-1,-1
879,89,1772.22,681.39,66.07,246.06,0.3979,-1,-1,-1
880,4,1719.96,457.28,77.45,207.86,0.6361,-1,-1,-1
880,64,284.36,641.47,84.06,249.57,0.7549,-1,-1,-1
880,69,904.91,938.17,80.10,141.82,0.7403,-1,-1,-1
880,75,984.05,462.74,66.70,225.61,0.6941,-1,-1,-1
880,74,894.18,478.63,66.79,223.40,0.6963,-1,-1,-1
880,70,1574.24,597.59,101.00,226.46,0.6107,-1,-1,-1
880,78,342.69,323.48,71.54,184.69,0.4249,-1,-1,-1
880,72,428.34,317.85,62.39,191.96,0.5745,-1,-1,-1
880,87,1361.08,960.42,101.09,119.54,0.7308,-1,-1,-1
880,88,1086.02,0.27,61.23,153.63,0.3934,-1,-1,-1
880,89,1769.33,680.40,67.21,257.22,0.4023,-1,-1,-1
881,4,1719.81,457.52,78.12,208.00,0.6278,-1,-1,-1
881,64,285.02,642.43,85.07,248.54,0.7754,-1,-1,-1
881,69,905.07,937.75,80.66,142.23,0.7478,-1,-1,-1
881,75,982.72,460.33,65.77,224.17,0.7034,-1,-1,-1
881,74,894.16,477.11,66.01,221.63,0.6613,-1,-1,-1
881,70,1573.60,598.55,102.06,225.78,0.5643,-1,-1,-1
881,78,339.45,324.63,73.88,187.12,0.4006,-1,-1,-1
881,72,428.32,319.90,61.46,189.50,0.5264,-1,-1,-1
881,87,1360.14,957.26,100.30,122.75,0.7436,-1,-1,-1
881,88,1087.31,0.24,60.24,155.40,0.3398,-1,-1,-1
881,89,1767.25,680.98,69.93,257.62,0.3957,-1,-1,-1
882,4,1720.40,457.74,76.94,208.11,0.6414,-1,-1,-1
882,64,285.58,643.70,85.83,247.36,0.7641,-1,-1,-1
882,69,905.35,937.27,81.48,142.71,0.7535,-1,-1,-1
882,75,980.99,457.18,65.33,222.44,0.6953,-1,-1,-1
882,74,893.85,474.75,65.31,224.78,0.6657,-1,-1,-1
882,70,1574.44,597.75,101.06,226.54,0.6030,-1,-1,-1
882,78,338.08,328.06,74.13,185.19,0.3440,-1,-1,-1
882,72,428.59,321.15,60.79,187.85,0.5302,-1,-1,-1
882,87,1358.98,952.86,99.72,127.10,0.7454,-1,-1,-1
882,89,1764.15,681.26,71.60,253.15,0.4362,-1,-1,-1
883,4,1721.31,457.84,76.31,207.83,0.6435,-1,-1,-1
883,64,286.13,645.21,86.79,246.15,0.7838,-1,-1,-1
883,69,905.12,937.05,81.74,142.97,0.7434,-1,-1,-1
883,75,979.31,454.71,65.98,219.64,0.7288,-1,-1,-1
883,74,893.34,471.57,64.16,212.73,0.6735,-1,-1,-1
883,70,1575.04,597.12,99.55,227.13,0.5788,-1,-1,-1
883,78,336.38,331.01,75.46,183.19,0.4039,-1,-1,-1
883,72,427.38,320.54,61.73,187.98,0.5487,-1,-1,-1
883,87,1358.19,949.14,98.64,130.35,0.7890,-1,-1,-1
883,89,1762.77,682.87,73.24,246.13,0.4763,-1,-1,-1
884,4,1722.10,457.72,75.24,207.81,0.6224,-1,-1,-1
884,64,286.98,647.77,86.29,244.31,0.7818,-1,-1,-1
884,69,905.86,937.67,81.74,142.29,0.7342,-1,-1,-1
884,75,976.83,452.06,66.86,219.36,0.6875,-1,-1,-1
884,74,892.34,467.73,62.98,217.18,0.6513,-1,-1,-1
884,70,1575.91,597.85,98.60,226.50,0.5566,-1,-1,-1
884,78,333.72,334.11,77.24,180.45,0.3963,-1,-1,-1
884,72,427.60,320.04,60.61,190.28,0.5487,-1,-1,-1
884,87,1356.82,944.35,97.05,134.63,0.7979,-1,-1,-1
884,89,1761.68,683.76,73.22,231.44,0.5456,-1,-1,-1
885,4,1722.21,457.83,75.29,207.26,0.6053,-1,-1,-1
885,64,287.31,649.64,85.94,244.33,0.7681,-1,-1,-1
885,69,906.99,937.38,81.11,142.58,0.7217,-1,-1,-1
885,75,974.63,449.52,68.18,219.46,0.7027,-1,-1,-1
885,74,891.87,464.97,62.34,219.60,0.6925,-1,-1,-1
885,70,1575.24,599.09,99.11,225.31,0.5470,-1,-1,-1
885,78,335.22,333.18,75.95,181.57,0.3670,-1,-1,-1
885,72,427.52,319.57,60.64,194.75,0.5350,-1,-1,-1
885,87,1356.58,939.89,95.12,139.71,0.8062,-1,-1,-1
885,89,1759.56,684.50,75.36,222.55,0.5178,-1,-1,-1
886,4,1721.94,457.58,75.14,207.50,0.6142,-1,-1,-1
886,64,288.23,651.87,85.01,245.67,0.7482,-1,-1,-1
886,69,907.06,936.89,81.50,143.12,0.7281,-1,-1,-1
886,75,971.37,446.63,70.68,221.55,0.7011,-1,-1,-1
886,74,891.37,461.55,62.34,219.89,0.6868,-1,-1,-1
886,70,1575.33,598.51,100.23,226.08,0.5651,-1,-1,-1
886,78,333.18,335.49,77.86,179.11,0.3752,-1,-1,-1
886,72,427.42,320.43,59.66,197.28,0.4821,-1,-1,-1
886,87,1355.88,935.71,93.53,143.91,0.8075,-1,-1,-1
886,89,1757.80,684.71,78.48,223.08,0.4771,-1,-1,-1
887,4,1721.88,457.19,75.12,207.78,0.6175,-1,-1,-1
887,64,288.77,654.03,84.05,246.43,0.7588,-1,-1,-1
887,69,908.12,937.14,81.21,142.89,0.7179,-1,-1,-1
887,75,970.14,444.77,71.69,223.24,0.7183,-1,-1,-1
887,74,890.77,461.37,62.54,216.00,0.7270,-1,-1,-1
887,70,1575.23,599.42,100.18,225.00,0.5510,-1,-1,-1
887,78,330.44,337.27,79.54,176.98,0.3580,-1,-1,-1
887,72,426.60,322.72,61.07,198.99,0.4812,-1,-1,-1
887,87,1354.17,931.65,94.72,146.72,0.7671,-1,-1,-1
887,89,1757.59,684.81,77.01,221.79,0.5121,-1,-1,-1
888,4,1721.20,457.99,75.87,206.95,0.6288,-1,-1,-1
888,64,289.89,655.66,82.72,247.80,0.7446,-1,-1,-1
888,69,908.72,936.98,80.55,143.01,0.7097,-1,-1,-1
888,75,968.94,443.82,73.31,223.07,0.7354,-1,-1,-1
888,74,890.58,458.29,62.86,219.60,0.7330,-1,-1,-1
888,70,1575.46,599.36,100.62,225.56,0.5524,-1,-1,-1
888,78,329.48,338.47,79.36,175.55,0.4270,-1,-1,-1
888,72,426.84,325.24,61.09,199.72,0.5072,-1,-1,-1
888,87,1353.64,929.57,93.92,149.83,0.7714,-1,-1,-1
888,89,1756.28,685.43,77.71,222.27,0.5527,-1,-1,-1
889,4,1720.73,457.22,76.88,207.91,0.6432,-1,-1,-1
889,64,291.48,658.42,80.89,247.44,0.7296,-1,-1,-1
889,69,909.63,937.33,80.44,142.68,0.7265,-1,-1,-1
889,75,967.94,443.24,75.10,224.04,0.7417,-1,-1,-1
889,74,890.43,456.44,62.74,221.35,0.7350,-1,-1,-1
889,70,1575.60,599.68,99.25,224.89,0.5393,-1,-1,-1
889,78,330.07,340.04,77.90,173.55,0.4198,-1,-1,-1
889,72,427.10,324.98,60.69,199.97,0.5059,-1,-1,-1
889,87,1350.76,926.16,96.49,153.34,0.7714,-1,-1,-1
889,89,1756.48,684.17,77.57,226.86,0.5112,-1,-1,-1
889,88,1100.93,0.87,59.24,160.18,0.3401,-1,-1,-1
890,4,1720.28,456.65,77.86,209.26,0.6655,-1,-1,-1
890,64,291.82,659.85,80.69,249.95,0.7117,-1,-1,-1
890,69,911.20,937.29,78.88,142.74,0.7379,-1,-1,-1
890,75,966.07,442.86,76.65,224.59,0.7268,-1,-1,-1
890,74,890.05,456.39,62.37,219.62,0.7161,-1,-1,-1
890,70,1575.27,599.85,99.29,224.94,0.5304,-1,-1,-1
890,78,332.10,341.63,74.30,171.54,0.4888,-1,-1,-1
890,72,424.57,328.09,62.13,201.04,0.5099,-1,-1,-1
890,87,1347.49,924.59,98.34,155.24,0.7561,-1,-1,-1
890,89,1755.33,683.24,78.32,233.27,0.4963,-1,-1,-1
890,88,1101.88,4.38,59.70,156.91,0.3591,-1,-1,-1
890,83,466.08,162.85,72.32,198.92,0.3463,-1,-1,-1
891,4,1721.09,456.89,76.42,209.10,0.6456,-1,-1,-1
891,64,293.40,661.96,79.49,251.79,0.7007,-1,-1,-1
891,69,911.19,937.62,78.91,142.41,0.7346,-1,-1,-1
891,75,963.72,442.81,80.23,225.56,0.7229,-1,-1,-1
891,74,889.41,455.09,62.27,219.18,0.7333,-1,-1,-1
891,70,1575.84,598.11,99.16,226.67,0.5408,-1,-1,-1
891,78,335.97,341.12,69.31,172.88,0.4813,-1,-1,-1
891,72,423.19,329.46,62.96,201.37,0.5167,-1,-1,-1
891,87,1345.65,924.59,99.19,155.39,0.7916,-1,-1,-1
891,89,1753.98,683.18,79.35,235.29,0.5379,-1,-1,-1
891,88,1102.96,5.39,59.95,156.52,0.3882,-1,-1,-1
891,83,468.63,165.17,69.73,196.28,0.3702,-1,-1,-1
892,4,1720.99,456.67,76.70,209.20,0.6454,-1,-1,-1
892,64,294.84,663.99,78.70,253.09,0.7617,-1,-1,-1
892,69,911.46,937.64,78.25,142.36,0.7292,-1,-1,-1
892,75,962.06,442.95,82.78,226.41,0.7299,-1,-1,-1
892,74,888.30,455.42,62.46,219.64,0.6965,-1,-1,-1
892,70,1574.47,596.84,100.26,227.97,0.5353,-1,-1,-1
892,78,337.67,342.09,66.45,172.20,0.5024,-1,-1,-1
892,72,421.69,331.26,64.13,200.48,0.5441,-1,-1,-1
892,87,1342.41,923.49,102.46,156.54,0.7788,-1,-1,-1
892,89,1753.34,682.71,79.70,234.81,0.5392,-1,-1,-1
892,88,1104.62,7.21,58.97,156.12,0.4667,-1,-1,-1
892,83,468.95,165.69,69.76,197.18,0.4123,-1,-1,-1
893,4,1721.49,456.95,76.35,208.82,0.6377,-1,-1,-1
893,64,296.88,664.79,78.03,254.86,0.7769,-1,-1,-1
893,69,912.51,937.85,77.62,142.18,0.7336,-1,-1,-1
893,75,961.26,441.96,83.80,226.78,0.7440,-1,-1,-1
893,74,886.27,455.09,62.94,219.39,0.7197,-1,-1,-1
893,70,1574.75,595.79,100.08,228.76,0.5345,-1,-1,-1
893,78,338.72,344.56,66.08,171.31,0.5255,-1,-1,-1
893,72,421.70,333.31,64.41,198.09,0.5463,-1,-1,-1
893,87,1338.89,920.98,105.37,159.08,0.7805,-1,-1,-1
893,89,1752.43,682.12,81.15,236.74,0.5605,-1,-1,-1
893,88,1104.99,8.42,59.31,156.26,0.3933,-1,-1,-1
893,83,475.18,170.50,63.45,192.14,0.4136,-1,-1,-1
894,4,1720.70,457.16,77.16,208.42,0.6375,-1,-1,-1
894,64,297.60,666.62,78.56,254.94,0.7547,-1,-1,-1
894,69,913.22,937.92,76.42,142.10,0.7382,-1,-1,-1
894,75,961.00,441.11,84.58,226.86,0.7480,-1,-1,-1
894,74,885.73,455.06,62.46,218.83,0.6967,-1,-1,-1
894,70,1573.98,593.79,101.00,231.12,0.5018,-1,-1,-1
894,78,340.19,345.48,65.35,172.51,0.4431,-1,-1,-1
894,72,420.77,333.62,65.30,198.30,0.5132,-1,-1,-1
894,87,1335.48,917.70,106.39,162.32,0.7874,-1,-1,-1
894,89,1751.52,680.83,82.66,240.84,0.5685,-1,-1,-1
894,83,472.38,169.84,66.81,192.16,0.4283,-1,-1,-1
895,4,1720.35,456.88,77.28,208.67,0.6305,-1,-1,-1
895,64,298.21,668.07,79.20,253.77,0.7253,-1,-1,-1
895,69,913.48,938.15,76.48,141.83,0.7412,-1,-1,-1
895,75,961.39,440.63,84.68,226.25,0.7438,-1,-1,-1
895,74,884.06,454.83,62.24,218.78,0.7144,-1,-1,-1
895,70,1573.41,595.34,101.23,229.44,0.5244,-1,-1,-1
895,78,340.24,345.94,64.38,177.17,0.4960,-1,-1,-1
895,72,420.09,333.75,65.24,198.07,0.5181,-1,-1,-1
895,87,1332.39,916.44,106.58,163.58,0.7864,-1,-1,-1
895,89,1750.94,681.44,83.05,239.04,0.5805,-1,-1,-1
895,83,474.48,170.86,65.39,191.46,0.4867,-1,-1,-1
895,88,1106.54,13.29,59.09,154.46,0.3731,-1,-1,-1
896,4,1719.87,457.12,77.49,208.60,0.6306,-1,-1,-1
896,64,298.88,668.62,80.80,252.69,0.7383,-1,-1,-1
896,69,913.61,938.49,75.61,141.49,0.7136,-1,-1,-1
896,75,961.41,438.99,84.78,226.44,0.7393,-1,-1,-1
896,74,884.31,455.02,60.87,216.78,0.6944,-1,-1,-1
896,70,1573.08,596.94,101.35,227.80,0.5775,-1,-1,-1
896,78,340.08,346.86,64.11,178.36,0.5129,-1,-1,-1
896,72,420.05,334.03,64.98,197.73,0.5071,-1,-1,-1
896,87,1331.71,913.57,103.90,166.42,0.7729,-1,-1,-1
896,89,1749.94,681.81,84.11,238.90,0.5837,-1,-1,-1
896,83,474.60,170.65,66.10,191.43,0.4867,-1,-1,-1
896,88,1107.60,15.54,58.60,152.65,0.4135,-1,-1,-1
897,4,1719.84,457.12,77.52,207.92,0.6416,-1,-1,-1
897,64,298.45,669.23,84.25,253.24,0.7479,-1,-1,-1
897,69,913.48,938.94,75.81,141.10,0.7347,-1,-1,-1
897,75,962.25,436.61,83.34,227.08,0.7405,-1,-1,-1
897,74,882.87,452.68,61.89,218.63,0.7087,-1,-1,-1
897,70,1573.27,598.10,101.02,226.62,0.5726,-1,-1,-1
897,78,339.90,348.81,64.97,179.92,0.4858,-1,-1,-1
897,72,419.58,335.23,65.54,195.65,0.4863,-1,-1,-1
897,87,1330.67,909.24,101.81,170.80,0.7778,-1,-1,-1
897,89,1749.89,680.92,83.13,238.75,0.5729,-1,-1,-1
897,83,471.52,170.79,68.85,192.25,0.4455,-1,-1,-1
897,88,1108.19,16.46,58.09,153.11,0.3378,-1,-1,-1
898,4,1720.01,457.07,77.16,208.37,0.6436,-1,-1,-1
898,64,297.95,670.23,88.35,252.09,0.7628,-1,-1,-1
898,69,912.37,939.69,75.60,140.27,0.7345,-1,-1,-1
898,75,962.30,434.29,82.05,226.22,0.7273,-1,-1,-1
898,74,881.50,450.84,62.16,218.59,0.6759,-1,-1,-1
898,70,1573.93,597.41,101.55,226.99,0.5845,-1,-1,-1
898,78,339.86,353.19,63.35,179.69,0.4901,-1,-1,-1
898,72,418.72,335.10,65.58,194.91,0.5058,-1,-1,-1
898,87,1328.87,904.67,100.08,175.35,0.7874,-1,-1,-1
898,89,1750.47,680.73,81.73,239.16,0.5421,-1,-1,-1
898,83,469.68,171.75,71.96,190.82,0.4351,-1,-1,-1
898,88,1108.91,17.19,56.26,152.34,0.3030,-1,-1,-1
899,4,1720.30,457.06,76.07,208.82,0.6370,-1,-1,-1
899,64,298.20,670.44,90.60,252.30,0.7682,-1,-1,-1
899,69,912.39,940.57,74.30,139.34,0.7417,-1,-1,-1
899,75,962.15,431.90,80.91,223.66,0.7276,-1,-1,-1
899,74,879.93,447.74,62.39,214.17,0.6645,-1,-1,-1
899,70,1574.49,599.47,101.42,224.74,0.5773,-1,-1,-1
899,78,338.90,356.00,64.73,178.52,0.5336,-1,-1,-1
899,72,418.10,336.04,65.86,193.59,0.5084,-1,-1,-1
899,87,1327.74,900.25,97.70,179.75,0.7947,-1,-1,-1
899,89,1750.67,680.31,80.53,240.06,0.5102,-1,-1,-1
899,83,468.92,171.23,73.55,192.11,0.4394,-1,-1,-1
899,88,1109.92,17.29,53.91,152.26,0.3596,-1,-1,-1
900,4,1720.53,456.22,75.97,209.48,0.6200,-1,-1,-1
900,64,298.21,671.31,94.02,252.32,0.7702,-1,-1,-1
900,69,912.76,942.17,72.88,137.53,0.7254,-1,-1,-1
900,75,962.14,428.95,79.58,222.82,0.7234,-1,-1,-1
900,74,878.30,445.60,61.95,213.73,0.6726,-1,-1,-1
900,70,1574.74,600.45,100.52,223.77,0.5744,-1,-1,-1
900,78,337.66,356.37,65.01,180.27,0.5390,-1,-1,-1
900,72,417.51,336.21,66.22,195.86,0.5176,-1,-1,-1
900,87,1326.68,895.96,97.48,184.09,0.7993,-1,-1,-1
900,89,1751.43,680.80,78.77,238.96,0.5391,-1,-1,-1
900,83,468.47,171.58,75.11,190.96,0.4054,-1,-1,-1
900,88,1110.64,16.06,52.46,154.25,0.3771,-1,-1,-1
901,4,1721.32,456.94,75.72,207.88,0.6041,-1,-1,-1
901,64,298.06,672.71,96.86,250.27,0.7861,-1,-1,-1
901,69,912.98,943.15,72.06,136.24,0.7376,-1,-1,-1
901,75,963.52,425.41,76.72,222.58,0.7155,-1,-1,-1
901,74,876.70,442.83,62.81,211.64,0.6630,-1,-1,-1
901,70,1575.41,599.39,101.36,225.02,0.5797,-1,-1,-1
901,78,335.75,354.22,68.02,181.26,0.4905,-1,-1,-1
901,72,415.93,337.71,67.40,196.94,0.5251,-1,-1,-1
901,87,1325.06,892.40,97.30,187.64,0.8133,-1,-1,-1
901,89,1750.05,682.22,78.44,237.58,0.5596,-1,-1,-1
901,83,468.49,172.80,76.96,189.68,0.3444,-1,-1,-1
901,88,1110.58,15.62,52.56,156.76,0.3346,-1,-1,-1
902,4,1721.48,456.80,75.43,208.01,0.6083,-1,-1,-1
902,64,297.89,674.65,98.87,249.87,0.8122,-1,-1,-1
902,69,913.60,944.11,69.96,135.11,0.7258,-1,-1,-1
902,75,965.05,422.84,73.70,219.16,0.7300,-1,-1,-1
902,74,875.20,440.56,63.18,210.81,0.6949,-1,-1,-1
902,70,1576.83,599.18,99.75,224.94,0.5811,-1,-1,-1
902,78,334.36,353.19,70.54,181.41,0.4251,-1,-1,-1
902,72,417.05,338.18,66.53,200.39,0.5158,-1,-1,-1
902,87,1323.24,889.04,96.24,190.98,0.8059,-1,-1,-1
902,89,1749.72,682.17,78.37,238.41,0.5493,-1,-1,-1
902,83,469.68,173.77,76.41,185.47,0.3176,-1,-1,-1
902,88,1110.83,16.83,52.16,157.94,0.3092,-1,-1,-1
903,4,1721.06,457.25,75.61,208.27,0.5954,-1,-1,-1
903,64,298.20,676.47,99.11,252.88,0.8223,-1,-1,-1
903,69,913.34,945.19,69.47,134.55,0.7349,-1,-1,-1
903,75,966.14,420.96,71.10,217.90,0.7163,-1,-1,-1
903,74,874.46,438.44,63.13,210.59,0.6910,-1,-1,-1
903,70,1577.98,599.00,98.51,225.34,0.5928,-1,-1,-1
903,78,332.68,352.39,72.66,181.91,0.3668,-1,-1,-1
903,72,415.98,340.26,67.52,201.79,0.5506,-1,-1,-1
903,87,1321.12,885.20,96.14,194.85,0.7814,-1,-1,-1
903,89,1750.62,681.02,78.56,240.94,0.5651,-1,-1,-1
903,83,470.39,174.31,76.14,183.16,0.3100,-1,-1,-1
903,88,1111.17,18.15,52.07,159.22,0.3009,-1,-1,-1
904,4,1721.96,457.22,74.84,207.73,0.6274,-1,-1,-1
904,64,298.88,678.62,98.52,253.70,0.8373,-1,-1,-1
904,69,913.72,946.23,68.56,133.72,0.7201,-1,-1,-1
904,75,966.86,420.11,69.42,217.16,0.7098,-1,-1,-1
904,74,873.68,436.98,63.38,213.13,0.7102,-1,-1,-1
904,70,1577.44,599.35,98.94,224.75,0.5474,-1,-1,-1
904,78,328.03,353.43,76.68,180.39,0.3802,-1,-1,-1
904,72,418.24,343.10,65.34,202.46,0.4943,-1,-1,-1
904,87,1318.66,881.28,95.20,198.77,0.7713,-1,-1,-1
904,89,1751.17,681.92,79.64,240.53,0.5868,-1,-1,-1
904,83,470.53,174.04,71.61,188.02,0.3135,-1,-1,-1
904,88,1111.23,19.71,52.83,158.87,0.3786,-1,-1,-1
905,4,1722.15,456.91,74.73,208.06,0.6410,-1,-1,-1
905,64,300.38,680.40,97.41,257.47,0.8371,-1,-1,-1
905,69,913.40,947.41,68.58,132.61,0.7267,-1,-1,-1
905,75,966.52,418.62,69.64,218.33,0.7308,-1,-1,-1
905,74,873.80,435.22,62.13,213.28,0.7178,-1,-1,-1
905,70,1577.08,598.81,99.26,225.63,0.5767,-1,-1,-1
905,78,340.67,354.65,62.92,179.47,0.4183,-1,-1,-1
905,72,418.06,347.45,64.58,200.27,0.4790,-1,-1,-1
905,87,1316.62,878.04,94.71,201.13,0.7484,-1,-1,-1
905,89,1752.23,682.39,79.09,243.06,0.5758,-1,-1,-1
905,88,1111.18,21.26,53.81,159.70,0.3492,-1,-1,-1
906,4,1721.45,456.72,74.85,208.76,0.6351,-1,-1,-1
906,64,302.43,682.30,95.44,260.29,0.8409,-1,-1,-1
906,69,913.01,948.96,68.63,131.04,0.7252,-1,-1,-1
906,75,966.35,417.64,68.95,217.81,0.7330,-1,-1,-1
906,74,872.99,434.41,61.49,214.23,0.7389,-1,-1,-1
906,70,1577.91,599.02,98.58,225.37,0.5942,-1,-1,-1
906,78,347.20,354.28,55.63,180.61,0.4336,-1,-1,-1
906,72,415.74,348.81,65.29,201.36,0.5884,-1,-1,-1
906,87,1315.16,875.91,92.88,203.22,0.7586,-1,-1,-1
906,89,1752.49,682.89,79.35,240.27,0.6094,-1,-1,-1
906,88,1110.48,22.51,55.23,159.72,0.3369,-1,-1,-1
907,4,1721.28,457.15,74.90,207.98,0.6204,-1,-1,-1
907,64,304.60,684.77,93.03,257.33,0.8388,-1,-1,-1
907,69,910.05,949.34,71.91,130.69,0.7460,-1,-1,-1
907,75,966.60,417.28,68.89,219.39,0.6830,-1,-1,-1
907,74,871.83,432.81,62.38,214.73,0.7305,-1,-1,-1
907,70,1579.55,599.29,96.62,224.86,0.5615,-1,-1,-1
907,78,348.21,357.95,53.39,177.37,0.4179,-1,-1,-1
907,72,413.88,346.45,68.56,205.48,0.5853,-1,-1,-1
907,87,1313.11,875.54,93.67,204.14,0.7327,-1,-1,-1
907,89,1753.07,683.02,79.60,240.57,0.6236,-1,-1,-1
907,88,1109.28,24.78,57.60,160.22,0.3287,-1,-1,-1
908,4,1721.61,457.40,74.48,207.12,0.6245,-1,-1,-1
908,64,306.73,687.33,90.98,257.53,0.8393,-1,-1,-1
908,69,910.44,950.71,71.59,129.34,0.7262,-1,-1,-1
908,75,966.74,417.14,67.68,219.56,0.7232,-1,-1,-1
908,74,870.94,431.90,62.43,217.51,0.7239,-1,-1,-1
908,70,1578.01,598.54,97.42,225.99,0.6038,-1,-1,-1
908,78,329.81,356.75,71.61,178.19,0.4345,-1,-1,-1
908,72,412.95,346.70,69.68,206.54,0.5882,-1,-1,-1
908,87,1310.19,875.16,94.90,204.75,0.7338,-1,-1,-1
908,89,1754.41,683.85,79.02,240.73,0.6295,-1,-1,-1
908,83,468.86,172.50,72.34,204.26,0.3506,-1,-1,-1
909,4,1721.88,457.18,73.61,207.24,0.6057,-1,-1,-1
909,64,307.81,689.65,90.03,259.43,0.8418,-1,-1,-1
909,69,908.93,950.62,72.75,129.43,0.7385,-1,-1,-1
909,75,966.49,416.77,67.19,222.02,0.7148,-1,-1,-1
909,74,870.47,431.49,62.03,218.78,0.7266,-1,-1,-1
909,70,1578.85,597.72,96.32,226.51,0.5931,-1,-1,-1
909,78,324.64,358.35,75.42,179.06,0.5397,-1,-1,-1
909,72,414.36,352.74,65.71,200.73,0.5978,-1,-1,-1
909,87,1308.28,873.78,93.89,206.23,0.7358,-1,-1,-1
909,89,1755.17,684.31,78.86,239.37,0.6273,-1,-1,-1
910,4,1721.91,456.76,74.04,208.32,0.6291,-1,-1,-1
910,64,308.06,691.81,89.83,261.79,0.8391,-1,-1,-1
910,69,907.94,951.18,74.02,128.85,0.7346,-1,-1,-1
910,75,965.08,416.68,68.06,222.42,0.7153,-1,-1,-1
910,74,870.20,431.01,62.38,219.27,0.7137,-1,-1,-1
910,70,1576.01,598.17,99.50,226.14,0.5753,-1,-1,-1
910,78,322.27,358.59,77.94,182.36,0.5745,-1,-1,-1
910,72,413.73,351.78,65.96,201.25,0.6175,-1,-1,-1
910,87,1306.99,872.01,92.72,208.02,0.7561,-1,-1,-1
910,89,1756.30,683.78,77.68,239.85,0.6105,-1,-1,-1
910,83,468.52,176.90,84.87,198.64,0.3875,-1,-1,-1
911,4,1721.47,457.35,75.65,207.24,0.6297,-1,-1,-1
911,64,308.09,693.75,89.27,262.15,0.8373,-1,-1,-1
911,69,907.82,951.77,74.16,128.27,0.7430,-1,-1,-1
911,75,965.21,415.77,67.28,223.35,0.7068,-1,-1,-1
911,74,869.75,430.29,62.44,220.26,0.7107,-1,-1,-1
911,70,1575.18,598.91,100.17,225.42,0.5510,-1,-1,-1
911,78,322.65,362.69,77.96,182.03,0.5644,-1,-1,-1
911,72,414.44,355.38,63.29,197.89,0.6222,-1,-1,-1
911,87,1304.99,869.43,91.25,210.59,0.7713,-1,-1,-1
911,89,1757.02,683.66,77.06,239.96,0.6088,-1,-1,-1
911,83,469.16,177.98,83.15,199.67,0.3048,-1,-1,-1
912,4,1721.69,456.79,75.55,207.55,0.6291,-1,-1,-1
912,64,308.25,695.40,88.59,263.17,0.8344,-1,-1,-1
912,69,908.79,952.90,73.60,127.14,0.7403,-1,-1,-1
912,75,964.52,414.95,66.73,221.18,0.7012,-1,-1,-1
912,74,869.51,429.19,62.51,219.11,0.6911,-1,-1,-1
912,70,1574.14,598.10,101.24,226.16,0.5373,-1,-1,-1
912,78,323.68,365.98,76.25,181.53,0.5700,-1,-1,-1
912,72,413.32,353.73,63.70,200.39,0.6220,-1,-1,-1
912,87,1303.13,866.63,90.65,213.38,0.7658,-1,-1,-1
912,89,1757.67,683.64,76.72,240.48,0.6182,-1,-1,-1
913,4,1721.61,456.20,75.66,208.16,0.5950,-1,-1,-1
913,64,308.06,696.45,88.03,262.51,0.8276,-1,-1,-1
913,69,909.09,952.98,73.18,126.98,0.7401,-1,-1,-1
913,75,963.39,412.91,66.69,218.78,0.6852,-1,-1,-1
913,74,868.75,426.86,62.99,221.24,0.7048,-1,-1,-1
913,70,1575.18,598.39,99.72,225.90,0.5475,-1,-1,-1
913,78,325.45,367.39,75.64,182.70,0.5164,-1,-1,-1
913,72,412.26,352.71,64.98,201.46,0.6024,-1,-1,-1
913,87,1301.75,862.09,89.78,217.91,0.7719,-1,-1,-1
913,89,1757.79,682.43,77.03,241.65,0.6180,-1,-1,-1
914,4,1722.37,456.09,74.69,208.27,0.6204,-1,-1,-1
914,64,307.95,697.23,87.96,261.75,0.8218,-1,-1,-1
914,69,908.45,953.35,74.13,126.66,0.7459,-1,-1,-1
914,75,962.12,410.70,66.57,214.27,0.6973,-1,-1,-1
914,74,868.13,425.85,62.30,218.58,0.6764,-1,-1,-1
914,70,1574.32,597.87,101.35,226.27,0.4642,-1,-1,-1
914,78,326.36,367.46,75.35,184.66,0.5371,-1,-1,-1
914,72,412.05,355.07,64.60,198.56,0.5553,-1,-1,-1
914,87,1299.24,857.96,90.43,222.06,0.7723,-1,-1,-1
914,89,1758.71,681.09,76.46,243.54,0.5932,-1,-1,-1
914,90,1718.87,92.96,52.43,165.55,0.3682,-1,-1,-1
915,4,1722.40,456.40,73.68,207.64,0.6135,-1,-1,-1
915,64,307.82,698.17,87.60,260.77,0.8161,-1,-1,-1
915,69,907.58,953.76,74.87,126.24,0.7469,-1,-1,-1
915,75,961.05,408.78,65.85,210.82,0.7017,-1,-1,-1
915,74,867.78,422.73,61.28,209.00,0.6626,-1,-1,-1
915,70,1574.25,598.40,101.06,225.85,0.5304,-1,-1,-1
915,78,328.01,368.73,73.48,185.22,0.5383,-1,-1,-1
915,72,411.43,355.70,64.93,197.46,0.5396,-1,-1,-1
915,87,1298.13,854.00,91.47,225.99,0.7732,-1,-1,-1
915,89,1758.54,678.65,76.19,245.50,0.5833,-1,-1,-1
915,90,1721.12,92.75,49.92,165.40,0.3629,-1,-1,-1
916,4,1722.08,456.16,74.13,207.99,0.6019,-1,-1,-1
916,64,307.44,699.55,87.22,259.15,0.7992,-1,-1,-1
916,69,907.06,953.95,75.37,126.04,0.7433,-1,-1,-1
916,75,959.67,406.79,65.08,207.83,0.7077,-1,-1,-1
916,74,867.69,420.36,60.56,207.19,0.6696,-1,-1,-1
916,70,1573.77,599.56,100.49,224.35,0.5460,-1,-1,-1
916,78,327.99,370.90,72.12,184.19,0.5289,-1,-1,-1
916,72,407.98,350.28,68.86,203.13,0.4994,-1,-1,-1
916,87,1296.07,850.14,92.54,229.85,0.7697,-1,-1,-1
916,89,1757.92,677.01,76.24,250.24,0.5579,-1,-1,-1
916,90,1724.13,92.39,46.80,165.41,0.4354,-1,-1,-1
917,4,1721.53,456.40,74.07,207.93,0.6346,-1,-1,-1
917,64,306.98,701.62,86.75,256.98,0.8084,-1,-1,-1
917,69,906.64,953.93,75.59,126.05,0.7443,-1,-1,-1
917,75,958.13,404.30,64.56,208.14,0.7379,-1,-1,-1
917,74,867.36,416.75,59.94,210.48,0.6912,-1,-1,-1
917,70,1573.66,599.71,100.80,224.31,0.4534,-1,-1,-1
917,78,327.79,371.55,72.35,183.96,0.5519,-1,-1,-1
917,72,409.32,353.73,65.70,199.10,0.5344,-1,-1,-1
917,87,1294.49,845.83,93.80,234.18,0.7740,-1,-1,-1
917,89,1758.28,675.99,76.27,251.33,0.5489,-1,-1,-1
917,90,1725.64,93.78,45.03,163.40,0.4413,-1,-1,-1
917,83,462.67,183.12,70.23,196.49,0.4040,-1,-1,-1
918,4,1721.63,455.86,73.69,208.89,0.6125,-1,-1,-1
918,64,306.92,702.76,86.24,254.98,0.7995,-1,-1,-1
918,69,906.73,954.50,75.57,125.49,0.7493,-1,-1,-1
918,75,955.16,401.47,65.57,209.61,0.7143,-1,-1,-1
918,74,866.77,414.75,59.82,211.60,0.7007,-1,-1,-1
918,70,1574.12,600.49,99.98,223.60,0.5702,-1,-1,-1
918,78,327.73,371.89,72.50,183.81,0.5271,-1,-1,-1
918,72,408.09,351.74,68.63,201.88,0.5581,-1,-1,-1
918,87,1291.60,841.98,94.42,238.01,0.7655,-1,-1,-1
918,89,1757.14,674.61,77.01,252.69,0.5492,-1,-1,-1
918,90,1727.00,93.92,43.82,165.35,0.4066,-1,-1,-1
918,83,461.46,181.69,68.74,201.77,0.4236,-1,-1,-1
918,88,1117.69,34.62,57.09,167.28,0.3414,-1,-1,-1
919,4,1721.68,455.57,73.95,210.00,0.6043,-1,-1,-1
919,64,307.05,703.71,86.17,253.06,0.7887,-1,-1,-1
919,69,906.67,954.82,76.09,125.18,0.7415,-1,-1,-1
919,75,953.31,399.04,66.85,211.62,0.7156,-1,-1,-1
919,74,866.01,413.11,60.86,213.16,0.7216,-1,-1,-1
919,70,1574.34,599.35,99.60,224.50,0.5445,-1,-1,-1
919,78,326.62,373.32,73.65,182.54,0.4922,-1,-1,-1
919,72,406.91,351.79,70.31,205.24,0.5695,-1,-1,-1
919,87,1290.36,838.98,94.94,241.02,0.7653,-1,-1,-1
919,89,1758.52,676.05,75.68,251.74,0.5595,-1,-1,-1
919,90,1727.01,95.17,43.99,165.90,0.3181,-1,-1,-1
919,83,458.74,183.33,70.61,204.04,0.4638,-1,-1,-1
919,88,1119.25,35.14,58.08,166.09,0.3071,-1,-1,-1
920,4,1720.97,455.82,74.81,209.36,0.6082,-1,-1,-1
920,64,306.69,705.32,87.37,253.36,0.7922,-1,-1,-1
920,69,906.43,955.46,76.39,124.50,0.7419,-1,-1,-1
920,75,951.42,396.59,68.08,214.16,0.7448,-1,-1,-1
920,74,865.95,409.27,60.86,213.89,0.7460,-1,-1,-1
920,70,1575.00,599.71,98.75,224.14,0.5432,-1,-1,-1
920,78,327.34,373.94,73.93,182.34,0.4559,-1,-1,-1
920,72,407.61,353.54,68.91,205.62,0.5468,-1,-1,-1
920,87,1287.91,835.64,95.54,244.33,0.7746,-1,-1,-1
920,89,1759.20,677.62,75.68,251.20,0.5527,-1,-1,-1
920,83,458.21,184.75,70.67,204.90,0.3798,-1,-1,-1
920,88,1119.62,35.79,59.15,167.12,0.3686,-1,-1,-1
921,4,1720.95,455.46,74.97,210.27,0.6012,-1,-1,-1
921,64,306.60,706.79,87.36,253.92,0.7886,-1,-1,-1
921,69,906.21,955.29,75.75,124.61,0.7195,-1,-1,-1
921,75,948.68,394.85,71.05,216.04,0.7418,-1,-1,-1
921,74,865.70,407.62,61.02,216.17,0.7616,-1,-1,-1
921,70,1574.77,600.77,99.51,223.26,0.5395,-1,-1,-1
921,78,327.15,374.20,74.05,181.64,0.4747,-1,-1,-1
921,72,406.96,355.32,69.05,207.10,0.5529,-1,-1,-1
921,87,1287.36,833.40,94.06,246.60,0.7704,-1,-1,-1
921,89,1759.39,678.37,75.81,250.61,0.5598,-1,-1,-1
921,83,458.17,185.71,69.96,207.87,0.3454,-1,-1,-1
921,88,1120.47,37.96,59.25,167.27,0.3983,-1,-1,-1
922,4,1720.75,455.38,74.83,209.91,0.6094,-1,-1,-1
922,64,306.60,708.35,87.29,256.49,0.7726,-1,-1,-1
922,69,905.71,955.33,76.25,124.65,0.7304,-1,-1,-1
922,75,946.99,393.38,72.82,217.51,0.7355,-1,-1,-1
922,74,865.75,406.72,60.54,216.40,0.7642,-1,-1,-1
922,70,1575.43,600.07,98.77,223.78,0.4984,-1,-1,-1
922,78,326.00,374.62,76.01,181.38,0.4927,-1,-1,-1
922,72,406.01,358.14,68.84,205.66,0.5427,-1,-1,-1
922,87,1285.58,831.45,93.58,248.34,0.7847,-1,-1,-1
922,89,1759.58,677.74,75.77,251.02,0.5386,-1,-1,-1
922,83,457.22,189.11,70.86,204.30,0.4117,-1,-1,-1
922,88,1121.31,40.78,59.19,165.31,0.4620,-1,-1,-1
923,4,1719.97,455.76,75.46,210.02,0.6225,-1,-1,-1
923,64,306.69,710.12,87.14,257.78,0.7699,-1,-1,-1
923,69,905.92,955.69,76.67,124.33,0.7330,-1,-1,-1
923,75,945.53,392.58,75.26,219.22,0.7378,-1,-1,-1
923,74,865.73,406.20,59.87,217.30,0.7652,-1,-1,-1
923,70,1574.08,599.02,100.73,225.02,0.5140,-1,-1,-1
923,78,326.57,374.96,74.75,181.21,0.4715,-1,-1,-1
923,72,405.18,360.31,68.92,205.34,0.5231,-1,-1,-1
923,87,1284.68,829.72,93.34,250.07,0.7879,-1,-1,-1
923,89,1759.32,677.70,74.66,250.42,0.5799,-1,-1,-1
923,83,455.22,191.57,72.53,201.05,0.4586,-1,-1,-1
923,88,1121.99,42.15,59.06,167.38,0.4182,-1,-1,-1
924,4,1719.33,455.58,76.56,209.90,0.6284,-1,-1,-1
924,64,307.16,711.64,86.39,260.95,0.7529,-1,-1,-1
924,69,906.04,955.83,76.75,124.14,0.7353,-1,-1,-1
924,75,943.90,391.78,77.93,221.18,0.7562,-1,-1,-1
924,74,865.56,405.83,59.94,215.97,0.7512,-1,-1,-1
924,70,1574.23,598.72,100.20,225.39,0.4692,-1,-1,-1
924,78,327.86,376.19,72.41,180.35,0.5056,-1,-1,-1
924,72,403.90,361.83,70.66,208.16,0.5484,-1,-1,-1
924,87,1282.67,828.71,94.69,249.74,0.7901,-1,-1,-1
924,89,1756.84,676.08,75.44,249.28,0.5560,-1,-1,-1
924,83,456.08,193.73,71.61,199.25,0.4403,-1,-1,-1
924,88,1123.04,44.44,58.81,165.34,0.4018,-1,-1,-1
925,4,1718.72,455.36,76.92,210.41,0.6063,-1,-1,-1
925,64,307.82,714.21,85.59,261.41,0.7442,-1,-1,-1
925,69,906.26,955.26,76.05,124.75,0.7232,-1,-1,-1
925,75,942.35,391.58,79.00,221.85,0.7579,-1,-1,-1
925,74,864.80,405.63,60.46,215.61,0.7586,-1,-1,-1
925,70,1576.23,598.13,97.26,227.73,0.3539,-1,-1,-1
925,78,327.93,377.26,71.12,180.24,0.5638,-1,-1,-1
925,72,402.21,363.25,71.47,210.77,0.5779,-1,-1,-1
925,87,1280.17,828.31,96.48,248.97,0.7774,-1,-1,-1
925,89,1756.18,676.31,76.27,248.57,0.5357,-1,-1,-1
925,83,455.55,195.82,72.32,199.03,0.3686,-1,-1,-1
925,88,1123.06,46.33,58.46,163.75,0.4262,-1,-1,-1
926,4,1718.94,455.80,76.78,209.74,0.5818,-1,-1,-1
926,64,308.11,717.10,86.22,261.36,0.7453,-1,-1,-1
926,69,906.77,955.44,76.58,124.58,0.7306,-1,-1,-1
926,75,940.64,391.45,80.63,222.09,0.7609,-1,-1,-1
926,74,864.28,405.29,60.53,215.47,0.7059,-1,-1,-1
926,70,1577.35,598.22,95.43,228.45,0.3214,-1,-1,-1
926,78,328.66,378.92,69.68,180.17,0.5356,-1,-1,-1
926,72,400.65,363.83,72.74,212.21,0.5012,-1,-1,-1
926,87,1279.23,826.95,94.53,250.90,0.7913,-1,-1,-1
926,89,1756.46,676.81,76.88,249.78,0.5894,-1,-1,-1
926,83,455.09,199.10,72.35,200.02,0.4078,-1,-1,-1
926,88,1123.61,46.82,58.69,164.28,0.4182,-1,-1,-1
927,4,1719.02,455.96,76.61,209.45,0.6102,-1,-1,-1
927,64,308.64,720.06,86.00,263.41,0.7486,-1,-1,-1
927,69,907.19,955.15,75.56,124.88,0.7388,-1,-1,-1
927,75,940.08,390.91,81.22,221.08,0.7727,-1,-1,-1
927,74,863.58,404.71,60.64,214.20,0.7403,-1,-1,-1
927,70,1575.04,597.86,98.79,227.07,0.4290,-1,-1,-1
927,78,329.28,381.96,68.05,180.78,0.5715,-1,-1,-1
927,72,400.95,364.96,71.94,212.08,0.4950,-1,-1,-1
927,87,1276.87,825.19,94.26,252.56,0.8028,-1,-1,-1
927,89,1756.85,676.65,77.22,252.27,0.5862,-1,-1,-1
927,83,455.60,201.32,71.54,200.28,0.3874,-1,-1,-1
927,88,1124.52,47.27,57.93,164.12,0.4173,-1,-1,-1
928,4,1718.80,456.23,76.52,209.02,0.6034,-1,-1,-1
928,64,310.81,724.44,84.22,264.10,0.7731,-1,-1,-1
928,69,906.93,954.94,75.93,125.10,0.7213,-1,-1,-1
928,75,940.37,389.89,80.77,221.06,0.7677,-1,-1,-1
928,74,862.78,403.98,60.90,214.51,0.7359,-1,-1,-1
928,70,1577.60,598.00,95.74,228.23,0.4129,-1,-1,-1
928,78,329.55,383.93,67.74,183.82,0.5215,-1,-1,-1
928,72,399.56,364.45,73.01,212.53,0.5128,-1,-1,-1
928,87,1274.63,822.61,93.09,255.75,0.7778,-1,-1,-1
928,89,1756.33,676.02,77.92,252.92,0.5873,-1,-1,-1
928,83,456.15,203.94,69.86,198.88,0.3635,-1,-1,-1
928,88,1125.39,47.06,57.68,165.88,0.4997,-1,-1,-1
929,4,1718.53,456.18,76.59,209.26,0.6077,-1,-1,-1
929,64,312.44,726.84,83.90,265.02,0.7941,-1,-1,-1
929,69,907.23,955.02,76.03,125.00,0.7308,-1,-1,-1
929,75,940.39,388.45,79.83,221.39,0.7689,-1,-1,-1
929,74,861.31,402.00,62.17,215.94,0.7441,-1,-1,-1
929,70,1579.88,598.47,92.98,227.95,0.3661,-1,-1,-1
929,78,329.59,385.46,69.29,186.37,0.5337,-1,-1,-1
929,72,398.55,364.67,73.86,212.32,0.5722,-1,-1,-1
929,87,1273.24,818.13,91.88,259.78,0.7775,-1,-1,-1
929,89,1755.69,676.48,78.92,252.13,0.5928,-1,-1,-1
929,83,454.94,204.87,72.51,199.38,0.3305,-1,-1,-1
929,88,1126.21,46.79,57.09,164.63,0.5012,-1,-1,-1
930,4,1719.11,456.29,76.03,209.17,0.5972,-1,-1,-1
930,64,313.78,728.96,83.49,262.58,0.7748,-1,-1,-1
930,69,906.30,954.63,76.40,125.28,0.7199,-1,-1,-1
930,75,940.33,386.27,79.27,222.42,0.7702,-1,-1,-1
930,74,860.77,399.77,62.64,214.82,0.7166,-1,-1,-1
930,70,1580.74,598.32,91.62,227.95,0.3744,-1,-1,-1
930,78,329.56,387.17,71.04,187.56,0.4991,-1,-1,-1
930,72,397.86,365.03,73.45,209.87,0.5125,-1,-1,-1
930,87,1271.67,814.33,92.06,264.90,0.7959,-1,-1,-1
930,89,1753.15,676.93,82.30,251.63,0.5852,-1,-1,-1
930,88,1126.40,46.22,56.73,163.93,0.4965,-1,-1,-1
930,93,1618.21,78.21,53.48,159.20,0.3850,-1,-1,-1
930,90,1732.95,106.13,48.03,178.61,0.3696,-1,-1,-1
931,4,1719.09,456.28,76.19,208.92,0.5655,-1,-1,-1
931,64,315.19,730.85,83.67,259.79,0.7860,-1,-1,-1
931,69,906.67,955.00,77.04,125.02,0.7312,-1,-1,-1
931,75,940.64,384.17,77.84,220.92,0.7591,-1,-1,-1
931,74,860.30,399.14,62.23,205.78,0.6985,-1,-1,-1
931,70,1577.75,597.81,95.40,226.99,0.5214,-1,-1,-1
931,78,329.08,388.46,71.74,189.02,0.5052,-1,-1,-1
931,72,396.56,367.11,74.09,206.10,0.4992,-1,-1,-1
931,87,1270.62,810.20,91.13,269.56,0.7848,-1,-1,-1
931,89,1751.32,675.94,83.64,252.48,0.6228,-1,-1,-1
931,88,1126.37,46.58,56.63,164.07,0.4466,-1,-1,-1
931,93,1620.08,78.56,51.94,158.44,0.3547,-1,-1,-1
931,90,1733.52,106.94,48.16,178.32,0.3081,-1,-1,-1
932,4,1719.73,456.07,75.50,209.45,0.5773,-1,-1,-1
932,64,316.94,731.97,83.20,257.28,0.7789,-1,-1,-1
932,69,907.27,954.62,76.77,125.37,0.7311,-1,-1,-1
932,75,941.67,381.60,76.71,218.63,0.7427,-1,-1,-1
932,74,859.66,396.85,62.29,202.49,0.6496,-1,-1,-1
932,70,1577.07,597.99,96.31,226.36,0.5558,-1,-1,-1
932,78,328.98,389.01,71.35,188.11,0.4633,-1,-1,-1
932,72,396.65,365.91,73.57,208.33,0.4776,-1,-1,-1
932,87,1269.51,805.67,90.79,274.26,0.7908,-1,-1,-1
932,89,1749.91,675.61,85.24,252.19,0.6170,-1,-1,-1
932,88,1126.06,47.56,57.61,165.38,0.4084,-1,-1,-1
932,93,1621.05,79.41,51.05,159.17,0.3490,-1,-1,-1
932,90,1734.54,107.70,48.23,177.25,0.3084,-1,-1,-1
933,4,1719.94,455.96,75.01,209.76,0.5541,-1,-1,-1
933,64,317.71,733.37,84.22,257.01,0.7948,-1,-1,-1
933,69,907.46,954.57,77.07,125.45,0.7420,-1,-1,-1
933,75,941.49,379.23,76.70,214.93,0.7366,-1,-1,-1
933,74,858.91,395.12,62.51,199.32,0.6489,-1,-1,-1
933,70,1575.69,596.19,98.24,228.18,0.5280,-1,-1,-1
933,78,329.15,390.03,70.39,187.56,0.4267,-1,-1,-1
933,72,394.82,366.35,74.76,207.73,0.5203,-1,-1,-1
933,87,1269.02,802.24,89.90,275.63,0.7758,-1,-1,-1
933,89,1749.16,674.96,84.94,253.61,0.6317,-1,-1,-1
933,88,1126.43,49.58,57.46,165.51,0.3778,-1,-1,-1
933,93,1622.58,80.73,49.96,159.56,0.3198,-1,-1,-1
933,90,1735.09,107.16,49.82,177.02,0.3049,-1,-1,-1
934,4,1720.10,455.92,74.68,210.04,0.5782,-1,-1,-1
934,64,318.24,734.68,85.47,256.29,0.8049,-1,-1,-1
934,69,907.58,954.13,77.43,125.95,0.7528,-1,-1,-1
934,75,942.31,376.77,75.35,213.92,0.7234,-1,-1,-1
934,74,858.17,393.26,63.04,200.76,0.6633,-1,-1,-1
934,70,1576.11,596.05,97.97,228.47,0.5555,-1,-1,-1
934,78,329.97,391.47,70.02,186.82,0.3420,-1,-1,-1
934,72,393.55,367.88,75.14,206.69,0.5506,-1,-1,-1
934,87,1268.19,799.21,89.17,274.51,0.7781,-1,-1,-1
934,89,1748.74,675.28,85.54,252.52,0.6110,-1,-1,-1
934,88,1127.24,52.80,57.23,163.13,0.3722,-1,-1,-1
934,90,1736.28,106.74,50.27,175.06,0.3333,-1,-1,-1
935,4,1720.37,456.23,74.73,209.56,0.5750,-1,-1,-1
935,64,318.69,736.16,87.92,256.15,0.8270,-1,-1,-1
935,69,907.44,953.73,77.55,126.30,0.7409,-1,-1,-1
935,75,943.79,374.43,72.01,211.52,0.7351,-1,-1,-1
935,74,858.04,391.12,63.13,201.07,0.6729,-1,-1,-1
935,70,1575.90,595.98,98.48,228.86,0.5815,-1,-1,-1
935,78,339.35,394.40,61.84,183.25,0.3328,-1,-1,-1
935,72,391.77,369.09,76.94,205.94,0.5367,-1,-1,-1
935,87,1267.62,796.21,89.22,273.86,0.7687,-1,-1,-1
935,89,1748.66,674.54,86.70,254.50,0.6210,-1,-1,-1
935,88,1127.57,55.31,57.45,163.55,0.4230,-1,-1,-1
935,90,1736.08,108.67,51.57,172.30,0.3071,-1,-1,-1
936,4,1720.95,456.02,73.52,209.03,0.5626,-1,-1,-1
936,64,319.00,737.00,89.79,254.87,0.8217,-1,-1,-1
936,69,907.78,952.41,76.97,127.20,0.7263,-1,-1,-1
936,75,944.26,373.50,69.72,210.46,0.7074,-1,-1,-1
936,74,858.48,389.08,62.69,205.82,0.6694,-1,-1,-1
936,70,1576.52,596.38,98.23,227.93,0.5664,-1,-1,-1
936,78,341.72,395.11,59.53,181.57,0.3713,-1,-1,-1
936,72,390.28,368.96,78.37,211.46,0.6004,-1,-1,-1
936,87,1266.71,793.07,89.98,277.52,0.7683,-1,-1,-1
936,89,1748.89,674.37,86.73,254.14,0.6006,-1,-1,-1
936,88,1127.33,57.35,58.85,164.03,0.4376,-1,-1,-1
937,4,1721.35,456.37,73.10,208.98,0.5534,-1,-1,-1
937,64,319.24,738.07,92.41,253.76,0.8362,-1,-1,-1
937,69,907.96,952.43,77.17,127.43,0.7434,-1,-1,-1
937,75,944.71,372.76,67.71,210.69,0.6928,-1,-1,-1
937,74,858.42,388.18,62.42,208.25,0.6903,-1,-1,-1
937,70,1575.72,596.01,99.50,228.25,0.5386,-1,-1,-1
937,78,343.06,395.14,57.90,181.59,0.3771,-1,-1,-1
937,72,389.06,369.07,79.29,216.42,0.6123,-1,-1,-1
937,87,1265.13,790.64,91.24,279.72,0.7771,-1,-1,-1
937,89,1748.79,674.13,86.67,255.04,0.6187,-1,-1,-1
937,88,1126.51,58.84,60.24,166.11,0.4212,-1,-1,-1
938,4,1720.62,456.60,73.95,208.91,0.5749,-1,-1,-1
938,64,319.44,738.84,94.48,254.51,0.8321,-1,-1,-1
938,69,909.04,951.71,76.35,128.28,0.7529,-1,-1,-1
938,75,944.61,370.88,65.97,213.14,0.7000,-1,-1,-1
938,74,858.05,386.50,62.30,209.16,0.6811,-1,-1,-1
938,70,1576.02,596.70,98.82,227.64,0.5618,-1,-1,-1
938,78,343.77,394.57,57.84,181.99,0.3945,-1,-1,-1
938,72,389.41,370.76,79.03,217.83,0.5653,-1,-1,-1
938,87,1263.52,788.08,91.34,283.23,0.7855,-1,-1,-1
938,89,1748.03,673.72,87.27,254.97,0.6238,-1,-1,-1
938,88,1127.02,60.75,60.43,165.59,0.4439,-1,-1,-1
939,4,1720.86,456.53,73.37,209.72,0.5561,-1,-1,-1
939,64,319.82,739.85,94.77,257.08,0.8307,-1,-1,-1
939,69,911.09,950.80,75.25,129.19,0.7237,-1,-1,-1
939,75,944.72,369.82,65.34,214.11,0.6714,-1,-1,-1
939,74,858.09,386.22,61.96,210.22,0.6648,-1,-1,-1
939,70,1575.19,595.21,99.06,229.15,0.5186,-1,-1,-1
939,78,344.01,393.92,57.61,182.93,0.3961,-1,-1,-1
939,72,390.25,376.98,78.55,214.68,0.5984,-1,-1,-1
939,87,1262.48,785.90,91.08,285.05,0.7899,-1,-1,-1
939,89,1747.22,674.59,86.59,254.40,0.6270,-1,-1,-1
939,88,1126.75,61.98,61.48,166.56,0.4561,-1,-1,-1
940,4,1720.83,456.31,73.39,209.90,0.5598,-1,-1,-1
940,64,320.67,740.91,94.04,260.95,0.8254,-1,-1,-1
940,69,911.95,949.73,74.78,130.30,0.7619,-1,-1,-1
940,75,943.95,369.40,65.55,214.53,0.6936,-1,-1,-1
940,74,858.64,386.12,61.38,210.77,0.6759,-1,-1,-1
940,70,1574.94,595.42,98.92,228.88,0.5332,-1,-1,-1
940,78,343.26,393.70,57.59,183.44,0.4060,-1,-1,-1
940,72,390.83,381.69,76.98,211.60,0.5956,-1,-1,-1
940,87,1260.96,784.35,90.00,285.78,0.7855,-1,-1,-1
940,89,1746.42,674.07,86.55,253.90,0.6361,-1,-1,-1
940,88,1126.65,63.66,62.95,167.44,0.4518,-1,-1,-1
941,4,1719.94,456.47,74.17,209.10,0.5794,-1,-1,-1
941,64,321.65,742.98,93.94,266.65,0.8184,-1,-1,-1
941,69,912.33,948.69,75.18,131.34,0.7510,-1,-1,-1
941,75,942.82,368.56,65.37,215.88,0.7170,-1,-1,-1
941,74,858.48,385.74,61.66,211.60,0.7097,-1,-1,-1
941,70,1574.75,595.36,98.84,229.35,0.5657,-1,-1,-1
941,78,342.99,394.15,55.98,183.54,0.3773,-1,-1,-1
941,72,390.11,383.28,76.87,212.40,0.6215,-1,-1,-1
941,87,1259.26,783.03,89.59,287.82,0.7844,-1,-1,-1
941,89,1746.67,674.07,87.30,254.22,0.6634,-1,-1,-1
941,88,1127.81,65.21,62.81,167.51,0.4479,-1,-1,-1
942,4,1720.06,456.25,74.04,209.87,0.5558,-1,-1,-1
942,64,322.56,746.53,93.42,268.59,0.8173,-1,-1,-1
942,69,913.28,947.57,74.51,132.51,0.7628,-1,-1,-1
942,75,942.05,368.23,65.47,215.81,0.7131,-1,-1,-1
942,74,858.51,385.00,61.80,212.39,0.7000,-1,-1,-1
942,70,1574.61,594.94,99.01,229.86,0.5416,-1,-1,-1
942,78,342.11,393.93,57.27,185.12,0.3791,-1,-1,-1
942,72,390.83,385.59,76.29,212.09,0.5921,-1,-1,-1
942,87,1257.19,782.66,89.89,287.39,0.7773,-1,-1,-1
942,89,1746.45,672.84,88.17,253.87,0.6571,-1,-1,-1
942,88,1128.84,66.41,63.16,168.35,0.4671,-1,-1,-1
943,4,1720.06,456.31,73.80,209.50,0.5679,-1,-1,-1
943,64,323.17,750.04,93.22,267.44,0.8184,-1,-1,-1
943,69,914.19,946.02,74.02,134.01,0.7552,-1,-1,-1
943,75,940.78,366.94,66.37,216.81,0.7132,-1,-1,-1
943,74,858.23,383.76,62.30,212.33,0.6829,-1,-1,-1
943,70,1574.85,595.40,98.75,229.03,0.5493,-1,-1,-1
943,78,339.98,395.75,57.71,185.80,0.3421,-1,-1,-1
943,72,392.04,387.30,75.43,211.08,0.5718,-1,-1,-1
943,87,1255.82,781.77,89.26,287.11,0.7748,-1,-1,-1
943,89,1745.89,671.72,88.13,254.78,0.6662,-1,-1,-1
943,88,1129.52,66.81,62.72,167.35,0.4229,-1,-1,-1
944,4,1720.24,456.41,73.15,210.13,0.5650,-1,-1,-1
944,64,323.67,753.62,92.56,264.43,0.8223,-1,-1,-1
944,69,915.47,944.66,73.90,135.37,0.7344,-1,-1,-1
944,75,939.21,366.02,66.58,216.83,0.6967,-1,-1,-1
944,74,858.04,382.04,62.22,213.59,0.6917,-1,-1,-1
944,70,1574.95,594.71,98.17,229.68,0.5490,-1,-1,-1
944,78,338.85,400.46,58.02,186.45,0.3285,-1,-1,-1
944,72,392.13,388.19,75.38,209.89,0.5440,-1,-1,-1
944,87,1253.59,779.78,90.08,287.24,0.7731,-1,-1,-1
944,89,1745.63,672.83,87.52,254.25,0.6759,-1,-1,-1
944,88,1131.15,65.92,61.94,166.27,0.4178,-1,-1,-1
945,4,1719.85,456.01,73.58,211.03,0.5424,-1,-1,-1
945,64,324.09,756.39,91.66,264.04,0.8237,-1,-1,-1
945,69,916.15,943.82,73.99,136.22,0.7561,-1,-1,-1
945,75,939.97,364.44,64.44,216.71,0.6919,-1,-1,-1
945,74,857.46,379.66,62.82,212.89,0.6940,-1,-1,-1
945,70,1575.41,595.59,98.10,228.85,0.5612,-1,-1,-1
945,78,338.35,408.57,60.06,184.68,0.3736,-1,-1,-1
945,72,392.47,388.86,75.41,209.47,0.5449,-1,-1,-1
945,87,1252.64,777.39,89.49,288.69,0.7645,-1,-1,-1
945,89,1745.16,673.37,87.42,253.48,0.6790,-1,-1,-1
945,88,1132.60,66.07,60.64,164.71,0.4168,-1,-1,-1
946,4,1719.63,456.85,73.95,209.20,0.5699,-1,-1,-1
946,64,324.56,759.39,91.14,264.51,0.8211,-1,-1,-1
946,69,918.08,943.38,72.68,136.57,0.7576,-1,-1,-1
946,75,939.21,362.63,63.29,216.18,0.6461,-1,-1,-1
946,74,856.96,377.16,64.02,214.05,0.6500,-1,-1,-1
946,70,1576.27,596.82,97.10,226.80,0.5642,-1,-1,-1
946,78,330.72,409.41,66.37,187.33,0.4692,-1,-1,-1
946,72,391.30,388.87,75.60,209.68,0.5928,-1,-1,-1
946,87,1250.65,774.81,89.69,284.70,0.7755,-1,-1,-1
946,89,1743.30,673.08,89.11,253.09,0.6623,-1,-1,-1
946,88,1134.45,66.33,59.42,164.67,0.4416,-1,-1,-1
947,4,1719.79,457.54,73.42,208.93,0.5719,-1,-1,-1
947,64,324.21,760.79,91.30,266.98,0.8233,-1,-1,-1
947,69,918.88,941.89,72.15,138.14,0.7545,-1,-1,-1
947,75,937.97,360.95,62.51,212.12,0.6498,-1,-1,-1
947,74,856.36,374.64,64.49,212.03,0.6626,-1,-1,-1
947,70,1576.55,597.16,97.61,226.95,0.5836,-1,-1,-1
947,78,329.32,411.51,67.16,187.62,0.4783,-1,-1,-1
947,72,391.87,388.71,74.60,210.03,0.5913,-1,-1,-1
947,87,1249.25,771.82,89.26,281.97,0.7636,-1,-1,-1
947,89,1743.45,670.04,89.10,254.36,0.6922,-1,-1,-1
947,88,1137.27,67.20,56.53,162.77,0.3952,-1,-1,-1
948,4,1719.87,457.32,73.04,209.00,0.5736,-1,-1,-1
948,64,323.71,762.68,90.68,268.75,0.8271,-1,-1,-1
948,69,919.64,940.38,72.31,139.61,0.7534,-1,-1,-1
948,75,937.09,358.11,61.42,209.02,0.6509,-1,-1,-1
948,74,856.06,371.42,64.37,211.78,0.6633,-1,-1,-1
948,70,1576.21,595.87,98.17,228.17,0.5923,-1,-1,-1
948,78,329.03,412.92,66.22,188.10,0.4738,-1,-1,-1
948,72,391.74,388.68,74.49,209.93,0.5565,-1,-1,-1
948,87,1248.05,768.90,87.26,278.89,0.7740,-1,-1,-1
948,89,1740.76,669.59,92.90,255.08,0.6816,-1,-1,-1
948,88,1139.01,68.05,57.09,163.05,0.4265,-1,-1,-1
949,4,1719.80,456.91,72.85,208.94,0.5777,-1,-1,-1
949,64,323.69,764.21,90.80,268.55,0.8215,-1,-1,-1
949,69,920.78,939.32,72.09,140.72,0.7384,-1,-1,-1
949,75,935.13,355.87,62.27,209.37,0.6396,-1,-1,-1
949,74,855.50,368.94,64.63,211.64,0.6659,-1,-1,-1
949,70,1576.81,594.94,97.89,229.46,0.5765,-1,-1,-1
949,78,325.28,413.53,68.08,190.18,0.5549,-1,-1,-1
949,72,391.91,390.11,73.90,208.58,0.5626,-1,-1,-1
949,87,1247.56,764.61,85.91,275.35,0.7646,-1,-1,-1
949,89,1742.10,670.03,90.23,251.76,0.6772,-1,-1,-1
949,88,1140.49,68.80,58.27,165.04,0.3904,-1,-1,-1
950,4,1719.88,456.38,73.02,209.89,0.5724,-1,-1,-1
950,64,323.06,765.25,90.35,267.69,0.8230,-1,-1,-1
950,69,922.33,937.67,70.75,142.34,0.7546,-1,-1,-1
950,75,931.83,352.69,64.22,209.28,0.6464,-1,-1,-1
950,74,855.82,366.78,64.56,206.73,0.6532,-1,-1,-1
950,70,1576.06,594.99,98.52,229.01,0.5690,-1,-1,-1
950,78,325.41,414.26,67.69,190.13,0.5082,-1,-1,-1
950,72,390.95,390.07,74.31,209.02,0.5825,-1,-1,-1
950,87,1246.45,759.84,85.22,268.79,0.7694,-1,-1,-1
950,89,1742.42,667.91,89.87,255.50,0.6781,-1,-1,-1
950,88,1142.71,68.69,60.21,166.97,0.3585,-1,-1,-1
951,4,1719.78,456.16,73.24,210.78,0.5724,-1,-1,-1
951,64,322.44,766.73,90.56,266.12,0.8161,-1,-1,-1
951,69,922.50,936.74,70.96,143.26,0.7622,-1,-1,-1
951,75,930.30,349.79,65.12,210.10,0.6525,-1,-1,-1
951,74,855.15,365.06,65.28,205.90,0.6683,-1,-1,-1
951,70,1575.89,594.80,99.09,229.31,0.5811,-1,-1,-1
951,78,322.85,414.71,70.89,189.92,0.4985,-1,-1,-1
951,72,390.77,390.57,74.42,207.50,0.5044,-1,-1,-1
951,87,1245.05,754.92,85.01,266.77,0.7678,-1,-1,-1
951,89,1742.75,667.56,89.26,255.19,0.6549,-1,-1,-1
951,88,1143.98,70.52,61.42,164.54,0.3802,-1,-1,-1
952,4,1719.55,456.29,73.27,210.97,0.5726,-1,-1,-1
952,64,322.33,768.30,90.13,264.98,0.8045,-1,-1,-1
952,69,923.51,935.93,70.83,144.10,0.7728,-1,-1,-1
952,75,929.50,347.31,65.46,211.79,0.6930,-1,-1,-1
952,74,854.43,363.66,66.02,205.78,0.6919,-1,-1,-1
952,70,1575.34,595.66,100.07,228.37,0.5729,-1,-1,-1
952,78,323.43,415.03,70.48,189.53,0.4294,-1,-1,-1
952,72,391.81,390.81,73.53,206.88,0.5189,-1,-1,-1
952,87,1242.69,751.51,86.11,266.89,0.7631,-1,-1,-1
952,89,1742.22,667.79,90.47,256.20,0.6676,-1,-1,-1
952,88,1146.19,72.96,59.94,163.80,0.3473,-1,-1,-1
953,4,1719.31,456.78,73.74,210.00,0.5683,-1,-1,-1
953,64,321.74,769.88,89.67,263.53,0.8138,-1,-1,-1
953,69,924.64,935.24,70.69,144.78,0.7791,-1,-1,-1
953,75,927.61,345.96,66.61,211.69,0.7090,-1,-1,-1
953,74,853.04,362.28,67.88,206.63,0.6847,-1,-1,-1
953,70,1575.86,594.88,99.79,229.00,0.6081,-1,-1,-1
953,78,321.95,414.44,71.96,190.50,0.4314,-1,-1,-1
953,72,391.26,393.40,74.62,207.66,0.5562,-1,-1,-1
953,87,1241.32,749.89,86.24,265.99,0.7807,-1,-1,-1
953,89,1741.93,668.19,90.86,255.77,0.6717,-1,-1,-1
953,88,1146.90,74.32,59.41,165.31,0.3897,-1,-1,-1
954,4,1719.67,456.64,73.76,209.77,0.5800,-1,-1,-1
954,64,322.30,771.36,88.91,262.12,0.8180,-1,-1,-1
954,69,925.46,934.51,70.27,145.48,0.7647,-1,-1,-1
954,75,925.83,344.96,67.97,211.74,0.7074,-1,-1,-1
954,74,852.36,360.79,67.91,207.65,0.6716,-1,-1,-1
954,70,1576.25,596.08,98.96,228.25,0.5787,-1,-1,-1
954,78,321.59,414.73,70.27,189.73,0.4585,-1,-1,-1
954,72,389.51,394.14,76.18,210.12,0.6113,-1,-1,-1
954,87,1238.30,748.28,88.11,266.27,0.7781,-1,-1,-1
954,89,1741.87,669.13,91.00,255.13,0.6836,-1,-1,-1
954,88,1147.58,76.65,59.38,165.73,0.3978,-1,-1,-1
954,96,476.70,221.31,63.02,175.93,0.3807,-1,-1,-1
955,4,1719.17,456.20,74.48,210.27,0.5747,-1,-1,-1
955,64,322.32,772.97,88.52,260.37,0.8190,-1,-1,-1
955,69,926.33,934.16,69.23,145.84,0.7775,-1,-1,-1
955,75,925.31,343.79,68.86,211.87,0.6881,-1,-1,-1
955,74,852.28,360.16,67.48,208.50,0.6666,-1,-1,-1
955,70,1576.22,594.43,99.19,229.66,0.5886,-1,-1,-1
955,78,320.37,417.10,70.46,182.27,0.4147,-1,-1,-1
955,72,389.15,396.33,77.45,212.12,0.5808,-1,-1,-1
955,87,1237.06,746.12,87.84,267.79,0.7886,-1,-1,-1
955,89,1741.90,668.72,90.79,254.31,0.6737,-1,-1,-1
955,88,1148.44,79.02,60.26,164.84,0.3767,-1,-1,-1
955,96,476.70,222.55,64.67,176.65,0.3835,-1,-1,-1
956,4,1719.64,456.44,74.04,210.21,0.5833,-1,-1,-1
956,64,321.96,773.56,88.71,259.48,0.8289,-1,-1,-1
956,69,926.46,933.55,69.66,146.49,0.7815,-1,-1,-1
956,75,924.05,343.59,70.77,214.20,0.6929,-1,-1,-1
956,74,851.53,360.12,67.71,209.82,0.6588,-1,-1,-1
956,70,1578.28,594.66,97.36,229.33,0.5545,-1,-1,-1
956,78,320.60,418.45,69.61,180.94,0.4541,-1,-1,-1
956,72,389.26,399.78,77.38,212.54,0.6056,-1,-1,-1
956,87,1235.23,744.05,87.74,268.95,0.7904,-1,-1,-1
956,89,1741.68,668.03,91.02,254.17,0.6592,-1,-1,-1
956,88,1149.49,80.63,60.86,163.64,0.3009,-1,-1,-1
956,96,478.27,221.99,65.17,179.79,0.4050,-1,-1,-1
957,4,1719.25,456.27,74.27,210.17,0.5699,-1,-1,-1
957,64,322.02,774.13,88.15,259.41,0.8345,-1,-1,-1
957,69,926.42,933.08,70.48,146.92,0.7782,-1,-1,-1
957,75,921.72,343.44,73.06,214.82,0.6919,-1,-1,-1
957,74,850.87,360.42,67.50,208.18,0.6745,-1,-1,-1
957,70,1580.99,593.72,94.77,230.22,0.5680,-1,-1,-1
957,78,321.96,419.00,67.53,181.30,0.4293,-1,-1,-1
957,72,388.43,403.32,77.69,213.17,0.6145,-1,-1,-1
957,87,1232.56,742.78,90.25,260.29,0.7515,-1,-1,-1
957,89,1739.80,669.14,93.31,251.87,0.6707,-1,-1,-1
957,96,477.72,224.39,67.37,178.40,0.4349,-1,-1,-1
958,4,1719.14,456.00,74.47,210.50,0.5800,-1,-1,-1
958,64,322.12,775.08,87.81,261.98,0.8283,-1,-1,-1
958,69,926.90,932.66,70.68,147.33,0.7847,-1,-1,-1
958,75,922.36,343.21,73.16,215.38,0.6937,-1,-1,-1
958,74,850.17,359.95,67.94,207.87,0.6789,-1,-1,-1
958,70,1580.52,594.96,95.27,228.75,0.5441,-1,-1,-1
958,78,323.21,419.49,66.61,183.05,0.4483,-1,-1,-1
958,72,387.61,405.01,77.68,215.06,0.5994,-1,-1,-1
958,87,1231.02,741.51,90.85,259.69,0.7563,-1,-1,-1
958,89,1739.21,668.15,94.32,253.50,0.6617,-1,-1,-1
958,96,479.92,227.64,66.41,177.40,0.3704,-1,-1,-1
958,83,424.17,236.82,59.88,194.20,0.4598,-1,-1,-1
959,4,1719.07,456.34,74.49,209.51,0.5786,-1,-1,-1
959,64,321.95,777.10,87.37,262.87,0.7966,-1,-1,-1
959,69,927.31,932.63,70.63,147.38,0.7850,-1,-1,-1
959,75,923.37,342.86,72.11,216.01,0.6845,-1,-1,-1
959,74,850.14,359.15,67.97,206.01,0.6789,-1,-1,-1
959,70,1581.04,596.11,94.35,228.03,0.5639,-1,-1,-1
959,78,321.91,420.82,67.56,185.72,0.5237,-1,-1,-1
959,72,386.61,408.21,77.45,214.14,0.6066,-1,-1,-1
959,87,1228.29,740.40,92.71,253.14,0.7574,-1,-1,-1
959,89,1740.81,668.46,90.95,252.31,0.6471,-1,-1,-1
959,96,484.40,231.31,63.23,176.89,0.3643,-1,-1,-1
959,83,423.04,237.25,60.63,194.13,0.4960,-1,-1,-1
959,88,1151.75,80.82,59.85,164.88,0.3734,-1,-1,-1
960,4,1719.00,455.73,74.77,210.35,0.5896,-1,-1,-1
960,64,321.84,779.44,87.03,262.98,0.8038,-1,-1,-1
960,69,927.54,932.23,71.01,147.79,0.7891,-1,-1,-1
960,75,923.80,341.54,71.65,216.24,0.6971,-1,-1,-1
960,74,849.89,356.28,67.57,206.87,0.6894,-1,-1,-1
960,70,1580.02,593.42,96.32,230.53,0.5780,-1,-1,-1
960,78,323.10,420.49,65.18,187.75,0.4973,-1,-1,-1
960,72,389.90,411.90,75.26,211.97,0.5336,-1,-1,-1
960,87,1225.31,738.82,93.80,255.95,0.7923,-1,-1,-1
960,89,1741.36,668.70,90.95,252.21,0.6832,-1,-1,-1
960,96,486.68,232.60,62.36,178.16,0.3804,-1,-1,-1
960,83,422.34,237.51,61.25,195.62,0.5241,-1,-1,-1
960,88,1152.09,80.82,59.65,166.08,0.4258,-1,-1,-1
961,4,1719.27,455.58,74.84,210.54,0.5976,-1,-1,-1
961,64,322.35,783.44,86.31,261.60,0.8184,-1,-1,-1
961,69,927.99,931.81,70.80,148.17,0.7791,-1,-1,-1
961,75,924.10,340.30,71.71,217.02,0.6919,-1,-1,-1
961,74,849.13,353.00,66.60,205.85,0.6868,-1,-1,-1
961,70,1577.95,593.47,98.35,230.37,0.5437,-1,-1,-1
961,78,321.52,421.73,65.29,190.48,0.5794,-1,-1,-1
961,72,390.73,412.97,74.74,211.40,0.5707,-1,-1,-1
961,87,1222.15,736.59,95.01,256.03,0.7770,-1,-1,-1
961,89,1741.42,669.59,91.08,252.34,0.6776,-1,-1,-1
961,96,488.02,230.68,62.08,181.71,0.3736,-1,-1,-1
961,83,422.15,238.81,61.55,196.30,0.4800,-1,-1,-1
961,88,1153.06,79.53,58.43,167.70,0.4793,-1,-1,-1
962,4,1719.38,455.44,74.24,209.90,0.5948,-1,-1,-1
962,64,322.55,786.28,85.83,260.57,0.8295,-1,-1,-1
962,69,928.21,931.77,71.03,148.20,0.7877,-1,-1,-1
962,75,924.99,338.55,71.45,216.73,0.6872,-1,-1,-1
962,74,848.44,350.00,66.58,203.86,0.6832,-1,-1,-1
962,70,1576.96,591.17,100.11,232.62,0.5474,-1,-1,-1
962,78,320.11,421.13,65.89,195.22,0.5732,-1,-1,-1
962,72,391.97,415.02,74.03,209.58,0.5330,-1,-1,-1
962,87,1220.47,733.22,94.17,256.00,0.7650,-1,-1,-1
962,89,1741.47,666.96,92.02,257.71,0.6720,-1,-1,-1
962,96,489.52,231.73,61.40,182.15,0.3574,-1,-1,-1
962,83,420.84,241.57,62.94,196.02,0.4939,-1,-1,-1
962,88,1153.90,80.88,58.28,168.01,0.4084,-1,-1,-1
963,4,1719.42,455.32,74.23,209.82,0.5758,-1,-1,-1
963,64,323.22,789.33,86.14,262.82,0.8183,-1,-1,-1
963,69,928.62,931.68,70.99,148.35,0.7773,-1,-1,-1
963,75,924.57,336.37,70.96,217.99,0.6826,-1,-1,-1
963,74,848.53,348.11,65.06,203.10,0.6767,-1,-1,-1
963,70,1575.01,591.45,102.91,232.48,0.5526,-1,-1,-1
963,78,319.79,420.49,65.98,199.57,0.5817,-1,-1,-1
963,72,392.17,415.76,74.04,209.13,0.5554,-1,-1,-1
963,87,1219.15,730.37,92.58,259.27,0.7674,-1,-1,-1
963,89,1741.40,667.79,92.00,255.39,0.6636,-1,-1,-1
963,96,489.65,232.13,62.36,182.00,0.3811,-1,-1,-1
963,83,419.93,242.24,63.80,196.33,0.4977,-1,-1,-1
964,4,1719.16,455.61,74.11,210.10,0.5691,-1,-1,-1
964,64,324.48,792.19,85.14,266.65,0.8268,-1,-1,-1
964,69,928.44,931.83,71.25,148.17,0.7843,-1,-1,-1
964,75,923.52,334.00,71.23,217.52,0.6622,-1,-1,-1
964,74,848.03,346.60,63.74,202.48,0.6549,-1,-1,-1
964,70,1575.02,589.57,101.96,234.79,0.5430,-1,-1,-1
964,78,320.61,423.29,64.18,198.53,0.6053,-1,-1,-1
964,72,392.14,416.78,73.87,208.00,0.5666,-1,-1,-1
964,87,1218.45,727.46,90.00,265.74,0.7785,-1,-1,-1
964,89,1741.34,665.80,92.16,257.53,0.6716,-1,-1,-1
964,96,490.61,231.67,62.04,181.94,0.3879,-1,-1,-1
964,83,420.00,242.87,62.42,199.18,0.4690,-1,-1,-1
965,4,1719.34,455.72,74.23,209.44,0.5920,-1,-1,-1
965,64,325.74,795.03,84.60,271.36,0.8258,-1,-1,-1
965,69,928.52,931.72,71.35,148.14,0.7782,-1,-1,-1
965,75,923.71,331.56,71.38,214.90,0.6826,-1,-1,-1
965,74,848.81,344.25,61.50,201.16,0.6580,-1,-1,-1
965,70,1575.24,589.40,101.19,234.94,0.5984,-1,-1,-1
965,78,318.96,427.26,66.21,195.73,0.6129,-1,-1,-1
965,72,392.29,417.45,73.37,206.82,0.5657,-1,-1,-1
965,87,1216.93,723.40,89.57,266.27,0.7902,-1,-1,-1
965,89,1741.60,668.20,92.48,255.40,0.6871,-1,-1,-1
965,96,491.07,231.10,62.85,183.19,0.4312,-1,-1,-1
965,83,419.66,243.79,61.53,199.36,0.4527,-1,-1,-1
966,4,1719.17,455.89,74.11,209.76,0.5744,-1,-1,-1
966,64,327.23,797.80,83.32,275.20,0.8304,-1,-1,-1
966,69,928.21,931.98,71.91,147.97,0.7738,-1,-1,-1
966,75,924.27,330.10,70.71,209.57,0.7017,-1,-1,-1
966,74,849.08,342.71,60.75,200.38,0.6739,-1,-1,-1
966,70,1574.86,590.36,102.07,233.84,0.6056,-1,-1,-1
966,78,319.16,432.31,65.71,190.95,0.6082,-1,-1,-1
966,72,389.54,415.61,75.19,208.70,0.5524,-1,-1,-1
966,87,1215.96,719.77,89.58,262.22,0.7831,-1,-1,-1
966,89,1742.10,669.07,92.50,255.15,0.6888,-1,-1,-1
966,96,491.62,231.00,63.16,182.97,0.4289,-1,-1,-1
966,83,419.59,244.20,60.66,199.66,0.4300,-1,-1,-1
966,88,1152.90,90.37,63.74,165.82,0.3649,-1,-1,-1
967,4,1719.12,455.81,74.10,210.07,0.5819,-1,-1,-1
967,64,328.55,799.45,82.53,274.70,0.7979,-1,-1,-1
967,69,927.98,932.01,72.46,147.98,0.7771,-1,-1,-1
967,75,925.69,328.38,69.38,207.83,0.7081,-1,-1,-1
967,74,849.68,340.89,60.57,201.64,0.6837,-1,-1,-1
967,70,1573.76,590.29,103.80,233.78,0.5917,-1,-1,-1
967,78,315.93,433.21,69.05,191.48,0.5865,-1,-1,-1
967,72,391.65,417.94,73.18,205.69,0.5480,-1,-1,-1
967,87,1216.26,715.97,87.99,260.93,0.7860,-1,-1,-1
967,89,1741.91,669.78,91.93,254.35,0.7121,-1,-1,-1
967,96,492.67,231.20,62.72,183.20,0.4406,-1,-1,-1
967,83,418.02,245.27,63.05,198.16,0.3978,-1,-1,-1
968,4,1719.02,455.97,73.85,210.44,0.5836,-1,-1,-1
968,64,329.53,800.46,83.37,275.25,0.7966,-1,-1,-1
968,69,927.64,931.61,72.53,148.35,0.7810,-1,-1,-1
968,75,926.42,325.74,68.97,207.92,0.7234,-1,-1,-1
968,74,848.68,339.52,61.27,203.52,0.6941,-1,-1,-1
968,70,1574.14,589.60,103.46,234.60,0.6147,-1,-1,-1
968,78,313.46,433.51,71.06,191.69,0.5846,-1,-1,-1
968,72,393.04,418.78,72.14,203.99,0.5532,-1,-1,-1
968,87,1215.04,712.63,88.04,261.72,0.7839,-1,-1,-1
968,89,1741.02,669.05,93.32,255.50,0.6957,-1,-1,-1
968,96,493.44,231.33,62.16,183.70,0.5040,-1,-1,-1
968,83,416.04,245.59,65.49,197.16,0.3630,-1,-1,-1
969,4,1719.02,456.33,73.61,210.46,0.5891,-1,-1,-1
969,64,330.48,802.02,84.50,274.10,0.7833,-1,-1,-1
969,69,927.62,931.89,71.96,148.08,0.7818,-1,-1,-1
969,75,926.95,324.00,68.50,207.52,0.7281,-1,-1,-1
969,74,848.75,338.59,60.82,205.19,0.6958,-1,-1,-1
969,70,1574.02,590.31,104.84,233.83,0.6184,-1,-1,-1
969,78,308.41,433.46,76.92,192.13,0.5694,-1,-1,-1
969,72,393.60,420.51,71.58,202.91,0.5213,-1,-1,-1
969,87,1213.42,709.53,89.43,263.63,0.7817,-1,-1,-1
969,89,1740.37,668.54,93.26,254.63,0.6977,-1,-1,-1
969,96,493.51,232.86,62.66,184.19,0.4677,-1,-1,-1
970,4,1719.04,455.95,73.68,210.20,0.5880,-1,-1,-1
970,64,331.39,803.69,85.55,272.84,0.7936,-1,-1,-1
970,69,927.27,931.98,71.85,148.06,0.7810,-1,-1,-1
970,75,927.55,323.07,66.78,207.84,0.7032,-1,-1,-1
970,74,848.62,338.19,60.73,206.06,0.6995,-1,-1,-1
970,70,1574.88,591.24,104.06,233.10,0.6187,-1,-1,-1
970,78,303.53,435.78,82.16,189.85,0.4561,-1,-1,-1
970,72,390.76,418.38,74.58,208.81,0.5194,-1,-1,-1
970,87,1211.96,707.49,90.44,265.91,0.7811,-1,-1,-1
970,89,1739.97,668.38,93.62,253.55,0.6942,-1,-1,-1
970,96,494.12,234.70,63.43,184.98,0.4765,-1,-1,-1
971,4,1719.11,456.11,74.26,210.49,0.5860,-1,-1,-1
971,64,330.69,804.17,88.46,271.99,0.7871,-1,-1,-1
971,69,927.05,932.25,71.49,147.78,0.7793,-1,-1,-1
971,75,927.84,322.49,66.07,207.66,0.7117,-1,-1,-1
971,74,848.58,337.72,60.43,207.43,0.7053,-1,-1,-1
971,70,1575.03,590.69,104.09,233.64,0.5853,-1,-1,-1
971,78,301.67,435.54,84.29,190.25,0.3813,-1,-1,-1
971,72,391.75,421.67,74.47,212.44,0.5196,-1,-1,-1
971,87,1210.42,706.43,90.70,267.90,0.7932,-1,-1,-1
971,89,1740.07,669.85,92.60,252.37,0.6852,-1,-1,-1
971,96,494.33,236.00,63.87,186.51,0.4628,-1,-1,-1
972,4,1719.54,455.97,73.69,210.00,0.5870,-1,-1,-1
972,64,330.12,804.93,91.53,270.54,0.7704,-1,-1,-1
972,69,926.97,932.49,70.31,147.54,0.7637,-1,-1,-1
972,75,927.72,321.87,65.71,207.23,0.6948,-1,-1,-1
972,74,848.45,337.60,60.25,208.21,0.6763,-1,-1,-1
972,70,1575.03,590.42,103.89,233.74,0.5742,-1,-1,-1
972,78,316.80,437.41,69.47,188.33,0.3572,-1,-1,-1
972,72,388.50,419.85,77.28,215.90,0.5281,-1,-1,-1
972,87,1208.15,706.00,91.94,268.66,0.7898,-1,-1,-1
972,89,1740.31,669.23,92.48,254.48,0.6968,-1,-1,-1
972,96,494.04,238.34,64.57,185.69,0.4040,-1,-1,-1
973,4,1719.15,455.87,73.97,210.48,0.5752,-1,-1,-1
973,64,329.63,806.33,94.56,268.18,0.7738,-1,-1,-1
973,69,926.43,933.23,70.44,146.79,0.7776,-1,-1,-1
973,75,927.84,321.29,65.08,207.28,0.6986,-1,-1,-1
973,74,847.60,336.36,61.23,208.24,0.6858,-1,-1,-1
973,70,1574.87,590.87,103.87,233.44,0.6067,-1,-1,-1
973,78,324.16,436.04,61.80,190.81,0.4687,-1,-1,-1
973,72,387.90,419.67,77.47,218.48,0.5476,-1,-1,-1
973,87,1206.81,704.77,90.45,268.84,0.7941,-1,-1,-1
973,89,1740.25,668.65,93.03,254.55,0.6941,-1,-1,-1
973,96,494.83,240.24,63.46,185.07,0.4473,-1,-1,-1
974,4,1719.29,455.51,73.20,210.10,0.5481,-1,-1,-1
974,64,328.98,807.52,97.18,266.93,0.7683,-1,-1,-1
974,69,926.18,933.00,69.64,147.06,0.7694,-1,-1,-1
974,75,927.26,321.25,64.99,207.04,0.7105,-1,-1,-1
974,74,847.48,335.42,61.25,208.57,0.6666,-1,-1,-1
974,70,1576.21,589.63,102.77,234.46,0.6294,-1,-1,-1
974,78,326.41,436.44,59.51,190.81,0.4757,-1,-1,-1
974,72,387.58,421.50,76.78,219.04,0.5676,-1,-1,-1
974,87,1205.39,703.09,90.91,270.04,0.7965,-1,-1,-1
974,89,1740.24,670.05,92.51,253.54,0.6885,-1,-1,-1
974,96,496.04,242.60,62.40,184.95,0.4492,-1,-1,-1
975,4,1718.94,455.27,73.66,210.67,0.5843,-1,-1,-1
975,64,328.49,808.89,99.03,265.20,0.7802,-1,-1,-1
975,69,925.03,933.50,69.75,146.54,0.7595,-1,-1,-1
975,75,927.03,320.68,64.48,208.49,0.6908,-1,-1,-1
975,74,847.08,333.61,61.43,208.62,0.6640,-1,-1,-1
975,70,1577.42,589.73,101.92,234.46,0.6047,-1,-1,-1
975,78,326.90,437.31,58.65,191.06,0.4973,-1,-1,-1
975,72,387.47,423.42,76.79,218.68,0.5703,-1,-1,-1
975,87,1203.96,702.12,89.53,270.39,0.7914,-1,-1,-1
975,89,1738.37,669.49,95.25,254.36,0.6918,-1,-1,-1
975,96,496.27,244.15,63.01,186.65,0.4647,-1,-1,-1
975,83,410.81,251.45,69.10,191.52,0.4291,-1,-1,-1
976,4,1719.26,456.72,73.44,209.18,0.5698,-1,-1,-1
976,64,328.54,811.02,100.25,264.55,0.7742,-1,-1,-1
976,69,924.43,933.88,68.94,146.14,0.7337,-1,-1,-1
976,75,925.72,320.12,64.91,210.60,0.6926,-1,-1,-1
976,74,846.55,332.32,61.65,205.93,0.6726,-1,-1,-1
976,70,1578.41,589.00,101.34,235.08,0.6039,-1,-1,-1
976,78,325.90,437.18,59.21,191.28,0.5091,-1,-1,-1
976,72,387.93,425.75,75.97,218.77,0.5746,-1,-1,-1
976,87,1201.69,700.59,89.62,270.52,0.8038,-1,-1,-1
976,89,1737.73,670.77,96.26,252.72,0.7112,-1,-1,-1
976,96,496.46,245.59,63.38,188.70,0.4552,-1,-1,-1
976,83,410.75,252.37,68.52,190.97,0.4364,-1,-1,-1
976,93,1656.81,127.66,54.23,157.47,0.3450,-1,-1,-1
977,4,1719.28,456.64,73.45,209.87,0.5578,-1,-1,-1
977,64,328.56,813.26,101.66,265.29,0.7843,-1,-1,-1
977,69,922.71,933.80,69.71,146.23,0.7405,-1,-1,-1
977,75,923.63,317.92,64.96,213.06,0.6804,-1,-1,-1
977,74,846.31,330.56,61.54,203.72,0.6665,-1,-1,-1
977,70,1577.72,588.43,102.57,235.90,0.6107,-1,-1,-1
977,78,324.18,436.92,62.13,193.95,0.4865,-1,-1,-1
977,72,387.34,428.13,75.75,217.49,0.5711,-1,-1,-1
977,87,1201.05,698.58,87.55,272.74,0.7905,-1,-1,-1
977,89,1737.21,669.86,96.49,252.65,0.7134,-1,-1,-1
977,96,495.75,247.54,64.10,188.43,0.4387,-1,-1,-1
977,83,408.19,254.94,70.16,188.89,0.4148,-1,-1,-1
977,93,1657.74,129.20,54.97,158.43,0.4568,-1,-1,-1
977,90,1780.03,161.97,56.43,174.73,0.3457,-1,-1,-1
978,4,1719.30,457.24,73.51,209.17,0.5440,-1,-1,-1
978,64,329.12,815.91,100.96,264.08,0.7920,-1,-1,-1
978,69,922.35,934.19,68.81,145.81,0.7364,-1,-1,-1
978,75,923.00,316.90,64.88,212.03,0.6793,-1,-1,-1
978,74,845.53,328.38,62.25,200.70,0.6665,-1,-1,-1
978,70,1577.56,589.06,102.55,235.23,0.6092,-1,-1,-1
978,78,322.25,438.45,65.25,195.64,0.4360,-1,-1,-1
978,72,387.66,429.65,74.42,216.74,0.5471,-1,-1,-1
978,87,1199.68,696.02,86.36,273.92,0.7882,-1,-1,-1
978,89,1737.04,669.84,95.88,252.70,0.7100,-1,-1,-1
978,96,495.72,249.19,64.38,187.54,0.4549,-1,-1,-1
978,83,407.67,258.65,69.84,186.48,0.4140,-1,-1,-1
978,93,1658.60,130.90,54.74,159.51,0.4042,-1,-1,-1
978,90,1780.47,164.03,56.59,171.96,0.3121,-1,-1,-1
979,4,1718.97,456.85,73.50,209.70,0.5309,-1,-1,-1
979,64,329.98,818.40,100.10,262.05,0.8076,-1,-1,-1
979,69,921.95,934.77,67.95,145.21,0.7400,-1,-1,-1
979,75,922.52,315.95,64.09,209.88,0.6810,-1,-1,-1
979,74,845.10,325.58,62.46,199.01,0.6504,-1,-1,-1
979,70,1576.20,589.98,103.60,233.99,0.6143,-1,-1,-1
979,78,312.70,439.08,75.86,199.65,0.5161,-1,-1,-1
979,72,387.87,431.65,74.69,215.52,0.5978,-1,-1,-1
979,87,1199.15,692.49,85.82,275.63,0.7898,-1,-1,-1
979,89,1736.88,669.36,96.16,252.81,0.7057,-1,-1,-1
979,96,496.26,249.72,63.65,187.22,0.4903,-1,-1,-1
979,83,405.63,260.54,70.59,185.28,0.4546,-1,-1,-1
979,93,1659.98,132.44,54.30,159.39,0.3730,-1,-1,-1
980,4,1719.68,456.80,72.84,209.30,0.5465,-1,-1,-1
980,64,330.10,821.59,99.19,259.00,0.8206,-1,-1,-1
980,69,921.38,935.58,66.86,144.41,0.7514,-1,-1,-1
980,75,922.02,314.79,63.44,208.69,0.6861,-1,-1,-1
980,74,845.06,324.40,61.20,198.38,0.6299,-1,-1,-1
980,70,1575.11,590.52,105.12,233.70,0.6258,-1,-1,-1
980,78,309.46,438.57,79.05,205.71,0.6045,-1,-1,-1
980,72,388.09,432.04,74.93,216.22,0.6374,-1,-1,-1
980,87,1198.85,688.64,85.97,273.21,0.7734,-1,-1,-1
980,89,1737.20,668.18,96.95,254.24,0.6966,-1,-1,-1
980,96,495.49,249.40,65.03,188.03,0.4454,-1,-1,-1
980,83,404.16,258.88,72.77,187.46,0.4437,-1,-1,-1
980,93,1661.51,133.69,53.88,160.33,0.4007,-1,-1,-1
980,88,1176.62,110.88,61.34,164.44,0.3729,-1,-1,-1
981,4,1719.20,456.69,73.91,209.61,0.5475,-1,-1,-1
981,64,330.19,825.48,98.76,255.23,0.8242,-1,-1,-1
981,69,920.71,936.38,66.60,143.67,0.7438,-1,-1,-1
981,75,920.58,313.26,63.50,207.63,0.6630,-1,-1,-1
981,74,844.62,322.63,60.37,199.31,0.6143,-1,-1,-1
981,70,1575.14,590.31,105.01,234.04,0.6279,-1,-1,-1
981,78,309.02,440.16,79.56,206.66,0.5142,-1,-1,-1
981,72,387.88,433.18,74.11,215.87,0.5301,-1,-1,-1
981,87,1197.93,684.91,85.75,268.24,0.7786,-1,-1,-1
981,89,1738.90,669.12,93.42,253.03,0.6989,-1,-1,-1
981,96,495.50,249.21,64.65,187.16,0.4566,-1,-1,-1
981,83,402.97,257.85,74.54,190.40,0.4353,-1,-1,-1
981,93,1661.85,135.81,54.72,159.42,0.3921,-1,-1,-1
981,88,1178.03,112.30,61.16,163.88,0.3761,-1,-1,-1
982,4,1719.41,457.07,73.77,209.27,0.5407,-1,-1,-1
982,64,330.42,828.77,97.63,251.78,0.8211,-1,-1,-1
982,69,919.23,937.06,67.18,142.95,0.7421,-1,-1,-1
982,75,921.37,311.14,62.11,204.84,0.6536,-1,-1,-1
982,74,841.89,319.93,63.42,198.49,0.6024,-1,-1,-1
982,70,1575.14,590.07,105.77,233.92,0.6244,-1,-1,-1
982,78,309.94,442.40,79.04,207.39,0.4837,-1,-1,-1
982,72,390.10,439.35,71.93,209.74,0.5090,-1,-1,-1
982,87,1196.80,681.14,85.69,264.99,0.7703,-1,-1,-1
982,89,1737.63,668.52,96.08,254.15,0.7030,-1,-1,-1
982,96,495.47,249.28,64.54,185.42,0.4604,-1,-1,-1
982,83,400.49,259.31,76.78,191.25,0.4456,-1,-1,-1
982,93,1661.59,138.55,55.87,157.67,0.4020,-1,-1,-1
982,88,1179.86,114.17,61.16,164.05,0.3616,-1,-1,-1
983,4,1719.77,456.88,73.76,210.00,0.5340,-1,-1,-1
983,64,330.36,832.19,95.78,248.27,0.8259,-1,-1,-1
983,69,917.57,937.64,67.57,142.35,0.7389,-1,-1,-1
983,75,922.17,309.11,61.21,204.56,0.6712,-1,-1,-1
983,74,840.48,317.82,64.41,202.77,0.6487,-1,-1,-1
983,70,1575.21,589.21,105.71,234.83,0.6065,-1,-1,-1
983,78,309.46,445.26,77.06,206.64,0.5068,-1,-1,-1
983,72,389.29,437.06,71.59,212.56,0.5044,-1,-1,-1
983,87,1194.88,677.84,86.68,259.24,0.7636,-1,-1,-1
983,89,1739.01,670.15,92.08,251.82,0.6793,-1,-1,-1
983,96,494.74,249.42,65.32,184.89,0.4809,-1,-1,-1
983,83,397.57,259.41,79.85,192.80,0.4443,-1,-1,-1
983,93,1661.21,139.97,57.50,157.18,0.3752,-1,-1,-1
983,88,1180.81,114.77,61.68,165.43,0.3232,-1,-1,-1
984,4,1719.35,457.35,74.56,210.18,0.5409,-1,-1,-1
984,64,329.80,834.63,95.55,245.77,0.8257,-1,-1,-1
984,69,917.37,938.51,67.17,141.48,0.7370,-1,-1,-1
984,75,921.67,308.06,61.56,203.77,0.6785,-1,-1,-1
984,74,839.30,316.86,66.69,201.97,0.6542,-1,-1,-1
984,70,1575.13,587.00,106.26,236.83,0.6219,-1,-1,-1
984,78,310.09,449.42,74.95,204.34,0.4620,-1,-1,-1
984,72,391.56,441.89,69.90,207.34,0.5214,-1,-1,-1
984,87,1193.58,674.17,87.82,256.47,0.7552,-1,-1,-1
984,89,1739.59,669.48,92.26,252.35,0.6940,-1,-1,-1
984,96,494.28,250.32,65.73,184.34,0.5097,-1,-1,-1
984,83,397.64,259.45,81.22,192.58,0.3954,-1,-1,-1
984,93,1661.80,141.14,57.79,157.91,0.3627,-1,-1,-1
984,88,1182.06,116.95,60.67,163.97,0.3193,-1,-1,-1
984,98,320.64,260.45,58.10,185.22,0.3916,-1,-1,-1
985,4,1719.37,457.98,74.87,209.22,0.5180,-1,-1,-1
985,64,329.32,836.53,95.32,243.86,0.8158,-1,-1,-1
985,69,915.68,939.70,67.49,140.31,0.7294,-1,-1,-1
985,75,920.93,306.03,61.92,204.41,0.6609,-1,-1,-1
985,74,837.54,316.07,69.16,201.93,0.6291,-1,-1,-1
985,70,1574.97,587.25,107.04,236.64,0.6100,-1,-1,-1
985,78,306.37,454.73,75.46,196.92,0.4344,-1,-1,-1
985,72,391.26,443.87,70.34,205.72,0.5316,-1,-1,-1
985,87,1191.78,670.93,89.16,258.59,0.7661,-1,-1,-1
985,89,1739.88,670.43,90.56,251.30,0.6748,-1,-1,-1
985,96,494.04,251.11,66.50,185.21,0.5403,-1,-1,-1
985,83,397.70,260.32,80.23,191.71,0.3297,-1,-1,-1
985,93,1663.23,142.11,57.15,159.22,0.3611,-1,-1,-1
985,88,1183.11,118.32,60.60,162.77,0.3206,-1,-1,-1
985,98,319.97,262.06,56.38,185.22,0.3794,-1,-1,-1
986,4,1720.10,457.73,74.14,208.99,0.4966,-1,-1,-1
986,64,329.29,837.64,94.79,242.66,0.7984,-1,-1,-1
986,69,915.03,940.41,67.34,139.58,0.7138,-1,-1,-1
986,75,920.25,304.00,62.90,205.58,0.6641,-1,-1,-1
986,74,837.91,316.19,67.72,204.70,0.6420,-1,-1,-1
986,70,1574.90,585.14,107.45,238.92,0.6145,-1,-1,-1
986,78,303.22,457.82,77.17,193.87,0.4422,-1,-1,-1
986,72,391.54,444.92,70.08,205.26,0.5417,-1,-1,-1
986,87,1190.49,667.96,88.71,257.82,0.7544,-1,-1,-1
986,89,1740.01,670.30,90.66,252.00,0.6857,-1,-1,-1
986,96,493.66,252.73,67.29,185.08,0.5201,-1,-1,-1
986,83,396.06,259.26,82.08,193.96,0.3923,-1,-1,-1
986,93,1665.19,143.08,55.88,157.28,0.3684,-1,-1,-1
986,98,320.15,263.62,55.10,185.52,0.3518,-1,-1,-1
987,4,1719.68,457.58,74.67,209.28,0.5071,-1,-1,-1
987,64,329.59,838.97,93.60,241.29,0.7834,-1,-1,-1
987,69,913.01,940.80,68.27,139.20,0.7142,-1,-1,-1
987,75,919.44,302.36,64.58,205.54,0.6760,-1,-1,-1
987,74,835.78,315.42,70.29,203.77,0.6327,-1,-1,-1
987,70,1574.69,585.38,107.14,239.02,0.6250,-1,-1,-1
987,78,301.60,458.13,78.43,194.40,0.4658,-1,-1,-1
987,72,391.37,445.40,70.28,205.57,0.5457,-1,-1,-1
987,87,1190.55,666.03,88.06,257.74,0.7517,-1,-1,-1
987,89,1740.23,670.47,90.75,251.84,0.6776,-1,-1,-1
987,96,493.93,253.81,67.24,187.11,0.5079,-1,-1,-1
987,83,395.50,257.36,80.46,196.09,0.3737,-1,-1,-1
987,93,1667.52,144.46,54.85,155.64,0.3985,-1,-1,-1
987,98,318.70,265.08,54.95,187.06,0.3694,-1,-1,-1
988,4,1720.20,457.70,74.55,209.74,0.5130,-1,-1,-1
988,64,329.21,840.38,93.41,239.96,0.7764,-1,-1,-1
988,69,912.88,941.31,67.34,138.72,0.7181,-1,-1,-1
988,75,919.20,301.06,65.86,207.34,0.6507,-1,-1,-1
988,74,835.11,314.71,70.95,204.34,0.6249,-1,-1,-1
988,70,1574.99,585.81,106.20,238.51,0.6241,-1,-1,-1
988,78,300.02,459.40,79.10,194.17,0.4696,-1,-1,-1
988,72,388.73,442.59,72.45,211.68,0.5696,-1,-1,-1
988,87,1189.57,664.50,88.27,258.11,0.7255,-1,-1,-1
988,89,1740.12,669.43,91.08,252.42,0.6800,-1,-1,-1
988,96,494.04,255.30,67.79,187.61,0.4959,-1,-1,-1
988,83,397.12,256.85,76.83,197.02,0.4426,-1,-1,-1
988,93,1670.24,144.71,53.51,154.86,0.4014,-1,-1,-1
988,98,315.54,269.52,55.72,183.88,0.3979,-1,-1,-1
989,4,1720.45,458.55,75.20,208.89,0.4899,-1,-1,-1
989,64,328.50,841.97,94.02,238.28,0.7704,-1,-1,-1
989,69,911.94,941.67,66.68,138.36,0.7060,-1,-1,-1
989,75,918.95,300.36,67.05,207.87,0.6215,-1,-1,-1
989,74,834.79,313.61,70.93,204.10,0.6209,-1,-1,-1
989,70,1575.56,585.03,105.19,239.42,0.6464,-1,-1,-1
989,78,299.17,460.24,78.92,193.89,0.4845,-1,-1,-1
989,72,388.08,442.94,72.51,216.05,0.6146,-1,-1,-1
989,87,1187.89,663.89,88.73,248.76,0.7231,-1,-1,-1
989,89,1740.34,669.57,91.21,252.57,0.6841,-1,-1,-1
989,96,494.44,256.78,67.06,187.13,0.4879,-1,-1,-1
989,83,398.14,257.69,73.86,198.93,0.4667,-1,-1,-1
989,93,1671.92,145.59,52.98,156.46,0.4345,-1,-1,-1
989,98,314.20,274.02,55.87,178.18,0.3818,-1,-1,-1
990,4,1721.03,457.94,75.50,208.51,0.5166,-1,-1,-1
990,64,327.92,843.61,94.34,236.56,0.7772,-1,-1,-1
990,69,910.36,941.82,66.77,138.17,0.7077,-1,-1,-1
990,75,919.71,300.06,66.84,207.10,0.6090,-1,-1,-1
990,74,834.77,312.59,71.08,204.61,0.6357,-1,-1,-1
990,70,1574.68,585.02,105.53,239.41,0.6412,-1,-1,-1
990,78,298.57,460.34,78.53,194.43,0.4836,-1,-1,-1
990,72,387.98,444.32,72.80,217.56,0.6316,-1,-1,-1
990,87,1186.84,663.11,87.45,242.06,0.7089,-1,-1,-1
990,89,1740.39,668.89,90.55,252.96,0.6723,-1,-1,-1
990,96,496.71,258.89,64.84,186.31,0.4602,-1,-1,-1
990,83,404.17,260.93,65.15,199.24,0.4407,-1,-1,-1
990,93,1673.20,145.48,53.26,158.95,0.4369,-1,-1,-1
990,98,314.56,275.96,55.13,175.55,0.3137,-1,-1,-1
990,88,1190.98,121.75,51.68,167.93,0.3999,-1,-1,-1
991,4,1720.12,458.02,77.55,208.66,0.5164,-1,-1,-1
991,64,327.60,845.14,94.13,234.99,0.7794,-1,-1,-1
991,69,909.82,942.65,66.66,137.33,0.7295,-1,-1,-1
991,75,920.15,299.37,66.31,210.31,0.5669,-1,-1,-1
991,74,835.08,311.79,70.26,203.53,0.6162,-1,-1,-1
991,70,1574.47,585.41,107.08,239.12,0.6625,-1,-1,-1
991,78,298.45,459.45,78.14,194.92,0.4324,-1,-1,-1
991,72,387.08,445.09,73.24,219.74,0.5909,-1,-1,-1
991,87,1186.29,661.20,87.39,250.38,0.7374,-1,-1,-1
991,89,1739.62,668.15,90.45,254.07,0.6911,-1,-1,-1
991,96,498.19,260.42,62.85,186.74,0.5418,-1,-1,-1
991,83,402.44,262.46,65.21,201.75,0.4701,-1,-1,-1
991,93,1673.72,145.77,54.69,160.96,0.4351,-1,-1,-1
991,98,314.86,275.07,55.98,177.30,0.3034,-1,-1,-1
992,4,1719.41,457.99,78.99,208.51,0.5465,-1,-1,-1
992,64,327.60,846.72,93.41,233.47,0.7838,-1,-1,-1
992,69,909.01,943.13,66.59,136.86,0.7291,-1,-1,-1
992,75,919.78,299.56,66.74,210.97,0.6108,-1,-1,-1
992,74,835.12,311.02,69.34,199.04,0.6173,-1,-1,-1
992,70,1574.96,585.07,107.11,239.32,0.6794,-1,-1,-1
992,78,298.97,458.01,78.17,196.28,0.4760,-1,-1,-1
992,72,385.79,447.80,73.72,219.03,0.6126,-1,-1,-1
992,87,1184.39,659.69,87.53,255.76,0.7232,-1,-1,-1
992,89,1739.82,668.43,89.60,254.24,0.6791,-1,-1,-1
992,96,497.03,261.81,63.87,187.47,0.5677,-1,-1,-1
992,83,400.63,263.19,67.15,205.06,0.5006,-1,-1,-1
992,93,1673.19,146.65,57.28,161.71,0.4457,-1,-1,-1
993,4,1719.50,457.39,78.64,209.81,0.5240,-1,-1,-1
993,64,327.54,847.91,92.81,232.18,0.7816,-1,-1,-1
993,69,908.39,943.81,67.14,136.15,0.7397,-1,-1,-1
993,75,921.06,298.90,64.92,211.15,0.5869,-1,-1,-1
993,74,836.23,310.31,67.60,197.97,0.6127,-1,-1,-1
993,70,1574.84,585.25,107.00,238.92,0.6825,-1,-1,-1
993,78,301.22,460.60,76.75,194.52,0.5120,-1,-1,-1
993,72,384.03,451.27,74.75,218.97,0.6136,-1,-1,-1
993,87,1182.71,658.23,88.09,254.41,0.7072,-1,-1,-1
993,89,1740.07,667.77,90.71,255.28,0.6827,-1,-1,-1
993,96,497.27,263.07,63.89,186.68,0.5456,-1,-1,-1
993,83,402.97,265.44,64.07,201.77,0.5001,-1,-1,-1
993,93,1672.78,147.68,59.46,163.92,0.3875,-1,-1,-1
993,88,1192.10,121.04,59.86,173.38,0.3518,-1,-1,-1
994,4,1718.93,457.87,79.50,209.52,0.5426,-1,-1,-1
994,64,328.31,849.79,90.92,230.27,0.7850,-1,-1,-1
994,69,906.83,944.01,68.99,135.95,0.7345,-1,-1,-1
994,75,922.05,297.62,65.56,210.52,0.5905,-1,-1,-1
994,74,838.14,307.98,64.52,199.63,0.6286,-1,-1,-1
994,70,1575.45,585.28,106.06,238.94,0.6773,-1,-1,-1
994,78,303.92,462.52,74.13,194.31,0.5319,-1,-1,-1
994,72,382.05,453.88,75.67,217.80,0.6197,-1,-1,-1
994,87,1181.29,656.11,88.01,258.20,0.7173,-1,-1,-1
994,89,1738.26,669.86,95.51,253.98,0.6769,-1,-1,-1
994,96,498.83,264.53,62.97,184.99,0.5244,-1,-1,-1
994,83,402.17,265.97,64.78,203.16,0.5159,-1,-1,-1
994,93,1671.05,149.58,62.27,163.01,0.3430,-1,-1,-1
994,88,1192.69,122.16,60.81,175.92,0.3017,-1,-1,-1
994,98,315.16,279.64,58.31,174.01,0.3576,-1,-1,-1
995,4,1719.19,458.12,79.43,208.99,0.5495,-1,-1,-1
995,64,329.02,852.25,90.49,227.85,0.7778,-1,-1,-1
995,69,906.41,944.61,69.16,135.37,0.7331,-1,-1,-1
995,75,921.93,295.74,66.28,210.52,0.5856,-1,-1,-1
995,74,839.31,306.17,63.04,197.33,0.5836,-1,-1,-1
995,70,1576.34,586.08,104.62,238.08,0.6632,-1,-1,-1
995,78,305.20,463.42,72.66,196.46,0.5613,-1,-1,-1
995,72,381.58,455.41,75.29,217.90,0.6158,-1,-1,-1
995,87,1178.34,654.25,87.09,254.34,0.7372,-1,-1,-1
995,89,1737.90,670.19,96.56,254.39,0.6797,-1,-1,-1
995,96,499.63,265.80,62.61,184.35,0.4951,-1,-1,-1
995,83,402.38,265.90,63.83,206.31,0.5076,-1,-1,-1
995,93,1669.89,152.27,64.84,162.07,0.3459,-1,-1,-1
995,98,313.68,279.66,58.95,177.73,0.3528,-1,-1,-1
996,4,1719.83,458.36,78.55,208.31,0.5566,-1,-1,-1
996,64,329.35,853.70,90.32,226.34,0.7834,-1,-1,-1
996,69,906.51,945.17,68.32,134.80,0.7313,-1,-1,-1
996,75,922.08,293.97,67.93,209.98,0.5693,-1,-1,-1
996,74,840.12,304.39,62.24,195.86,0.6331,-1,-1,-1
996,70,1576.14,586.03,104.31,238.02,0.6556,-1,-1,-1
996,78,306.93,463.52,70.37,202.12,0.5757,-1,-1,-1
996,72,380.52,456.37,75.84,217.37,0.6263,-1,-1,-1
996,87,1177.18,651.68,86.13,257.12,0.7636,-1,-1,-1
996,89,1739.49,670.08,92.53,253.24,0.6779,-1,-1,-1
996,96,499.88,265.94,63.09,184.95,0.4852,-1,-1,-1
996,83,402.75,267.79,62.92,207.83,0.5283,-1,-1,-1
996,93,1670.26,153.78,64.68,163.65,0.3360,-1,-1,-1
996,98,312.33,279.14,58.38,178.88,0.3614,-1,-1,-1
997,4,1720.08,458.14,78.66,208.62,0.5354,-1,-1,-1
997,64,329.15,856.76,91.12,223.21,0.7794,-1,-1,-1
997,69,906.01,945.50,68.59,134.42,0.7348,-1,-1,-1
997,75,922.69,291.38,66.48,210.98,0.5848,-1,-1,-1
997,74,841.32,302.38,60.67,194.95,0.6105,-1,-1,-1
997,70,1576.29,586.41,103.47,237.47,0.6555,-1,-1,-1
997,78,307.42,464.72,70.19,204.18,0.5936,-1,-1,-1
997,72,380.65,457.02,76.00,216.94,0.6295,-1,-1,-1
997,87,1176.03,648.41,84.79,256.83,0.7588,-1,-1,-1
997,89,1740.71,670.29,89.62,252.22,0.6758,-1,-1,-1
997,96,502.33,264.80,61.60,185.60,0.5050,-1,-1,-1
997,83,401.43,267.46,63.55,209.05,0.4740,-1,-1,-1
997,93,1670.11,155.89,65.73,162.92,0.3431,-1,-1,-1
997,98,311.11,278.45,57.93,182.70,0.3517,-1,-1,-1
998,4,1721.22,458.28,77.29,208.92,0.5764,-1,-1,-1
998,64,329.32,860.05,91.14,219.97,0.7687,-1,-1,-1
998,69,905.30,945.66,69.03,134.31,0.7315,-1,-1,-1
998,75,923.02,288.96,66.87,210.66,0.5794,-1,-1,-1
998,74,842.21,299.30,60.69,195.95,0.5720,-1,-1,-1
998,70,1576.52,586.58,103.80,237.77,0.6735,-1,-1,-1
998,78,307.52,467.79,70.73,203.22,0.5810,-1,-1,-1
998,72,379.98,457.76,77.50,216.54,0.5851,-1,-1,-1
998,87,1175.71,643.42,83.78,256.69,0.7625,-1,-1,-1
998,89,1741.19,670.08,88.33,254.02,0.6839,-1,-1,-1
998,96,503.65,264.58,61.03,186.08,0.5315,-1,-1,-1
998,83,400.56,268.73,63.37,207.54,0.3999,-1,-1,-1
998,93,1670.05,158.88,66.61,160.35,0.4056,-1,-1,-1
998,98,311.10,278.92,58.92,183.18,0.3911,-1,-1,-1
999,4,1721.15,458.19,76.93,209.29,0.5487,-1,-1,-1
999,64,329.70,863.81,91.44,216.27,0.7800,-1,-1,-1
999,69,905.19,946.00,68.96,134.00,0.7227,-1,-1,-1
999,75,923.85,286.61,68.53,210.69,0.5774,-1,-1,-1
999,74,842.91,296.94,60.46,197.05,0.5633,-1,-1,-1
999,70,1577.71,586.74,102.80,237.29,0.6477,-1,-1,-1
999,78,307.81,467.92,70.47,205.26,0.5901,-1,-1,-1
999,72,379.05,457.82,79.19,216.74,0.5324,-1,-1,-1
999,87,1175.45,639.33,82.76,255.17,0.7533,-1,-1,-1
999,89,1741.38,669.50,88.48,254.22,0.6788,-1,-1,-1
999,96,503.08,265.56,61.68,185.98,0.5095,-1,-1,-1
999,83,401.13,269.81,62.13,205.87,0.4258,-1,-1,-1
999,93,1671.09,161.43,65.89,160.46,0.4189,-1,-1,-1
1000,4,1721.39,457.82,75.95,209.64,0.5490,-1,-1,-1
1000,64,330.32,867.26,91.34,212.80,0.7948,-1,-1,-1
1000,69,905.33,946.25,68.51,133.77,0.7306,-1,-1,-1
1000,75,925.29,284.69,66.56,207.41,0.5484,-1,-1,-1
1000,74,843.06,295.19,60.62,199.50,0.5312,-1,-1,-1
1000,70,1577.24,586.38,102.48,237.70,0.6524,-1,-1,-1
1000,78,307.26,470.26,71.20,204.21,0.6243,-1,-1,-1
1000,72,377.61,458.10,82.25,216.79,0.5374,-1,-1,-1
1000,87,1174.19,636.84,83.92,253.45,0.7513,-1,-1,-1
1000,89,1741.90,671.30,88.63,252.68,0.6617,-1,-1,-1
1000,96,503.53,265.21,61.84,185.90,0.4706,-1,-1,-1
1000,83,400.51,269.77,64.77,207.17,0.3394,-1,-1,-1
1000,93,1672.61,163.08,64.13,161.42,0.3706,-1,-1,-1
1001,4,1720.86,458.42,75.58,209.23,0.5610,-1,-1,-1
1001,64,332.09,870.12,90.90,209.89,0.7963,-1,-1,-1
1001,69,905.09,946.62,68.92,133.38,0.7319,-1,-1,-1
1001,75,926.24,283.06,65.79,203.73,0.5573,-1,-1,-1
1001,74,843.48,294.30,60.30,200.58,0.5509,-1,-1,-1
1001,70,1575.31,586.30,104.44,237.76,0.6562,-1,-1,-1
1001,78,306.82,471.84,72.10,202.73,0.5708,-1,-1,-1
1001,72,377.04,458.18,81.58,216.64,0.5254,-1,-1,-1
1001,87,1174.44,634.66,84.14,253.87,0.7634,-1,-1,-1
1001,89,1741.88,669.18,86.89,254.88,0.6402,-1,-1,-1
1001,96,503.45,266.81,61.86,186.26,0.4799,-1,-1,-1
1001,83,399.53,269.85,67.05,206.37,0.3867,-1,-1,-1
1001,93,1673.80,164.23,62.44,161.23,0.3791,-1,-1,-1
1002,4,1721.01,458.28,74.41,210.04,0.5526,-1,-1,-1
1002,64,333.87,873.41,90.77,206.67,0.7895,-1,-1,-1
1002,69,904.24,946.84,69.46,133.20,0.7411,-1,-1,-1
1002,75,927.20,281.90,63.59,203.46,0.5636,-1,-1,-1
1002,74,843.38,293.90,60.12,202.38,0.5453,-1,-1,-1
1002,70,1573.76,586.66,106.35,237.55,0.6611,-1,-1,-1
1002,78,305.43,475.50,73.64,199.54,0.5338,-1,-1,-1
1002,72,378.21,458.54,80.98,216.27,0.5520,-1,-1,-1
1002,87,1174.92,632.75,84.02,255.64,0.7692,-1,-1,-1
1002,89,1742.77,670.74,84.23,253.60,0.6520,-1,-1,-1
1002,96,502.69,268.09,62.72,187.64,0.5036,-1,-1,-1
1002,93,1674.66,164.60,61.41,160.89,0.3234,-1,-1,-1
1003,4,1720.81,459.32,73.56,209.46,0.5564,-1,-1,-1
1003,64,335.91,875.92,89.59,204.14,0.7922,-1,-1,-1
1003,69,904.82,947.46,68.81,132.56,0.7487,-1,-1,-1
1003,75,927.16,279.99,64.38,202.88,0.5799,-1,-1,-1
1003,74,843.22,293.46,60.47,202.89,0.5556,-1,-1,-1
1003,70,1573.87,587.72,106.68,236.40,0.6746,-1,-1,-1
1003,78,303.62,474.56,75.72,200.34,0.5403,-1,-1,-1
1003,72,378.68,459.37,79.74,215.83,0.5888,-1,-1,-1
1003,87,1174.22,629.90,84.23,258.66,0.7760,-1,-1,-1
1003,89,1743.77,672.70,84.53,252.51,0.6624,-1,-1,-1
1003,96,501.50,269.75,64.26,190.20,0.5757,-1,-1,-1
1003,93,1676.17,164.20,59.85,161.41,0.3410,-1,-1,-1
1003,98,307.27,281.73,63.17,187.24,0.3867,-1,-1,-1
1004,4,1719.91,458.68,74.23,210.35,0.5258,-1,-1,-1
1004,64,338.01,878.02,89.27,201.97,0.7991,-1,-1,-1
1004,69,904.48,947.66,68.91,132.32,0.7350,-1,-1,-1
1004,75,927.02,279.92,63.58,202.34,0.6020,-1,-1,-1
1004,74,844.32,293.44,58.34,204.71,0.5930,-1,-1,-1
1004,70,1574.04,587.85,106.65,236.41,0.6677,-1,-1,-1
1004,78,302.08,474.16,76.05,199.67,0.4456,-1,-1,-1
1004,72,379.20,458.71,79.69,218.38,0.6273,-1,-1,-1
1004,87,1172.77,629.28,85.02,258.37,0.7750,-1,-1,-1
1004,89,1744.26,673.07,85.69,253.46,0.6366,-1,-1,-1
1004,96,501.54,271.76,64.19,190.59,0.5788,-1,-1,-1
1004,93,1678.37,164.38,58.40,161.85,0.3158,-1,-1,-1
1004,98,306.50,283.60,63.51,184.71,0.4080,-1,-1,-1
1005,4,1720.04,458.19,73.60,211.64,0.5428,-1,-1,-1
1005,64,340.34,879.24,88.90,200.71,0.8005,-1,-1,-1
1005,69,904.17,947.80,69.15,132.16,0.7349,-1,-1,-1
1005,75,927.70,279.10,63.17,202.47,0.6230,-1,-1,-1
1005,74,844.62,293.27,57.57,205.04,0.6137,-1,-1,-1
1005,70,1574.52,587.78,106.46,236.78,0.6471,-1,-1,-1
1005,78,313.57,480.59,65.35,191.81,0.4013,-1,-1,-1
1005,72,379.63,459.44,79.42,221.21,0.5909,-1,-1,-1
1005,87,1171.25,627.98,85.41,259.63,0.7777,-1,-1,-1
1005,89,1744.55,673.71,86.97,253.60,0.6360,-1,-1,-1
1005,96,500.68,274.27,64.54,188.56,0.6125,-1,-1,-1
1005,93,1678.78,165.17,58.82,159.72,0.3720,-1,-1,-1
1005,98,305.77,285.45,63.83,184.37,0.4616,-1,-1,-1
1005,99,599.34,548.03,77.60,243.15,0.4574,-1,-1,-1
1006,4,1719.62,457.97,73.79,211.16,0.5259,-1,-1,-1
1006,64,342.05,881.22,89.45,198.90,0.8022,-1,-1,-1
1006,69,904.52,948.81,68.68,131.24,0.7277,-1,-1,-1
1006,75,928.72,278.79,62.19,202.13,0.5945,-1,-1,-1
1006,74,844.29,292.30,58.56,203.96,0.6554,-1,-1,-1
1006,70,1574.53,588.48,106.49,236.09,0.6676,-1,-1,-1
1006,78,319.05,483.13,60.32,188.14,0.4028,-1,-1,-1
1006,72,380.84,460.54,78.76,222.12,0.5390,-1,-1,-1
1006,87,1169.41,627.34,86.87,260.91,0.7661,-1,-1,-1
1006,89,1745.37,671.96,87.73,254.28,0.5949,-1,-1,-1
1006,96,501.74,276.79,62.96,187.30,0.5683,-1,-1,-1
1006,93,1679.91,165.77,59.21,158.43,0.3658,-1,-1,-1
1006,98,306.98,288.22,62.86,184.64,0.4342,-1,-1,-1
1006,99,598.41,547.67,78.81,244.22,0.4764,-1,-1,-1
1007,4,1719.22,458.29,75.12,210.96,0.5485,-1,-1,-1
1007,64,343.56,882.88,90.57,197.19,0.8143,-1,-1,-1
1007,69,904.76,948.92,68.10,131.13,0.7239,-1,-1,-1
1007,75,930.59,275.87,59.53,204.98,0.6564,-1,-1,-1
1007,74,844.29,291.16,59.06,202.39,0.6928,-1,-1,-1
1007,70,1575.16,589.60,105.38,234.82,0.6644,-1,-1,-1
1007,78,320.16,483.02,59.81,187.98,0.4475,-1,-1,-1
1007,72,383.56,464.83,79.29,224.73,0.5605,-1,-1,-1
1007,87,1167.55,627.44,87.93,259.60,0.7632,-1,-1,-1
1007,89,1746.22,671.00,88.55,256.65,0.6233,-1,-1,-1
1007,96,502.14,279.31,62.58,187.66,0.5994,-1,-1,-1
1007,93,1682.80,166.15,57.45,157.89,0.3582,-1,-1,-1
1007,98,306.65,290.73,63.13,185.57,0.4827,-1,-1,-1
1007,99,597.95,547.92,79.23,243.78,0.4767,-1,-1,-1
1008,4,1718.98,458.37,75.35,211.24,0.5497,-1,-1,-1
1008,64,344.83,883.96,91.73,196.07,0.8084,-1,-1,-1
1008,69,904.70,949.25,68.05,130.77,0.7353,-1,-1,-1
1008,75,931.48,274.07,58.10,207.19,0.6626,-1,-1,-1
1008,74,844.65,289.01,59.13,202.10,0.6845,-1,-1,-1
1008,70,1575.31,589.06,105.52,235.73,0.6717,-1,-1,-1
1008,78,319.53,483.80,61.24,188.78,0.4973,-1,-1,-1
1008,72,382.74,464.50,79.34,224.16,0.5741,-1,-1,-1
1008,87,1165.59,626.42,87.62,259.63,0.7600,-1,-1,-1
1008,89,1746.35,672.26,88.42,255.91,0.5953,-1,-1,-1
1008,96,501.05,280.77,63.31,188.92,0.5668,-1,-1,-1
1008,93,1685.16,166.24,56.10,157.47,0.3612,-1,-1,-1
1008,98,305.84,292.11,63.71,186.47,0.4919,-1,-1,-1
1008,99,597.24,548.17,79.83,244.00,0.5265,-1,-1,-1
1009,4,1719.43,458.17,76.46,212.01,0.5566,-1,-1,-1
1009,64,345.50,886.16,94.87,193.86,0.8106,-1,-1,-1
1009,69,904.77,949.73,67.88,130.27,0.7388,-1,-1,-1
1009,75,930.03,276.07,59.69,205.26,0.6106,-1,-1,-1
1009,74,844.73,287.80,59.61,198.06,0.6418,-1,-1,-1
1009,70,1575.37,589.32,105.83,235.62,0.6870,-1,-1,-1
1009,78,318.85,484.42,62.47,189.42,0.4912,-1,-1,-1
1009,72,381.74,465.65,81.31,224.61,0.5713,-1,-1,-1
1009,87,1161.66,624.86,87.39,260.04,0.7598,-1,-1,-1
1009,89,1745.56,672.03,89.89,253.78,0.5841,-1,-1,-1
1009,96,501.31,280.55,62.23,190.51,0.5671,-1,-1,-1
1009,93,1686.90,167.16,55.13,158.27,0.3430,-1,-1,-1
1009,98,305.29,293.96,63.15,183.62,0.4538,-1,-1,-1
1009,99,594.27,548.09,82.78,244.36,0.5675,-1,-1,-1
1010,4,1718.93,457.85,78.01,212.27,0.5378,-1,-1,-1
1010,64,346.42,888.05,96.05,191.98,0.8095,-1,-1,-1
1010,69,904.46,949.76,68.50,130.24,0.7316,-1,-1,-1
1010,75,929.80,276.15,60.50,206.07,0.6284,-1,-1,-1
1010,74,844.50,285.67,60.17,197.64,0.6318,-1,-1,-1
1010,70,1575.48,589.16,105.70,235.17,0.6752,-1,-1,-1
1010,78,317.71,484.49,63.78,191.42,0.4846,-1,-1,-1
1010,72,381.17,467.03,82.06,226.25,0.5126,-1,-1,-1
1010,87,1158.53,623.28,88.82,259.16,0.7590,-1,-1,-1
1010,89,1743.95,671.29,92.69,251.62,0.5448,-1,-1,-1
1010,96,501.48,282.48,61.01,189.89,0.5170,-1,-1,-1
1010,93,1688.45,167.48,54.87,158.69,0.3130,-1,-1,-1
1010,98,305.29,294.63,61.92,182.57,0.4089,-1,-1,-1
1010,99,592.52,549.47,84.66,242.98,0.5751,-1,-1,-1
1011,4,1718.19,457.12,78.89,213.03,0.5520,-1,-1,-1
1011,64,348.02,890.30,96.70,189.65,0.8000,-1,-1,-1
1011,69,904.22,949.74,68.47,130.24,0.7364,-1,-1,-1
1011,75,929.04,276.06,61.73,205.50,0.6176,-1,-1,-1
1011,74,845.08,283.09,60.67,195.45,0.5813,-1,-1,-1
1011,70,1575.15,589.94,105.38,234.74,0.6662,-1,-1,-1
1011,78,316.68,484.93,64.45,194.48,0.4341,-1,-1,-1
1011,72,380.34,467.85,82.73,227.92,0.4543,-1,-1,-1
1011,87,1156.54,621.44,89.76,259.86,0.7501,-1,-1,-1
1011,89,1739.75,671.82,97.44,251.27,0.4296,-1,-1,-1
1011,96,501.46,282.86,60.04,190.59,0.4517,-1,-1,-1
1011,93,1689.13,168.90,55.01,158.51,0.3303,-1,-1,-1
1011,98,306.09,295.79,59.83,183.42,0.3645,-1,-1,-1
1011,99,591.77,549.21,85.72,243.27,0.5547,-1,-1,-1
1012,4,1718.01,456.52,79.01,213.18,0.5417,-1,-1,-1
1012,64,348.65,892.93,99.14,187.05,0.8092,-1,-1,-1
1012,69,903.88,949.57,69.26,130.41,0.7304,-1,-1,-1
1012,75,930.19,274.23,61.20,205.74,0.5721,-1,-1,-1
1012,74,845.03,281.45,60.04,194.37,0.5904,-1,-1,-1
1012,70,1574.52,588.86,105.92,235.83,0.6592,-1,-1,-1
1012,78,315.94,486.11,65.49,199.41,0.4081,-1,-1,-1
1012,72,380.26,469.43,81.61,227.56,0.4316,-1,-1,-1
1012,87,1154.57,618.90,89.99,260.75,0.7542,-1,-1,-1
1012,89,1737.06,674.62,99.80,251.08,0.4108,-1,-1,-1
1012,96,500.02,283.91,60.96,189.03,0.4220,-1,-1,-1
1012,93,1689.20,170.39,56.06,157.79,0.3012,-1,-1,-1
1012,98,305.89,296.68,58.60,183.59,0.3176,-1,-1,-1
1012,99,590.30,550.03,87.21,242.82,0.5625,-1,-1,-1
1013,4,1717.43,456.26,79.85,213.06,0.5711,-1,-1,-1
1013,64,349.74,895.61,100.52,184.36,0.8033,-1,-1,-1
1013,69,903.84,949.37,69.03,130.61,0.7071,-1,-1,-1
1013,75,930.16,272.32,61.38,206.23,0.5834,-1,-1,-1
1013,74,845.39,279.83,59.39,195.95,0.6106,-1,-1,-1
1013,70,1574.78,589.41,106.02,235.29,0.6641,-1,-1,-1
1013,78,314.68,487.18,66.01,204.63,0.3972,-1,-1,-1
1013,72,380.32,471.10,81.26,227.06,0.4630,-1,-1,-1
1013,87,1154.19,616.60,88.92,259.20,0.7498,-1,-1,-1
1013,89,1733.73,673.72,104.11,253.54,0.3506,-1,-1,-1
1013,96,497.96,284.34,62.02,188.39,0.4206,-1,-1,-1
1013,98,302.03,297.67,61.60,186.67,0.3835,-1,-1,-1
1013,99,589.22,550.59,88.39,242.69,0.6108,-1,-1,-1
1013,83,384.43,277.64,74.44,202.80,0.3613,-1,-1,-1
1014,4,1717.30,456.23,80.60,212.83,0.5493,-1,-1,-1
1014,64,350.34,897.67,101.66,182.32,0.8028,-1,-1,-1
1014,69,904.30,948.97,69.08,131.03,0.7121,-1,-1,-1
1014,75,929.92,270.92,60.88,201.32,0.5356,-1,-1,-1
1014,74,843.92,278.49,60.30,197.12,0.5994,-1,-1,-1
1014,70,1573.39,588.08,106.68,236.32,0.6495,-1,-1,-1
1014,78,300.57,488.78,78.28,206.91,0.4489,-1,-1,-1
1014,72,381.00,473.03,78.26,226.68,0.4523,-1,-1,-1
1014,87,1153.10,613.57,88.44,260.03,0.7436,-1,-1,-1
1014,89,1725.52,671.33,111.51,255.78,0.4741,-1,-1,-1
1014,96,495.91,285.28,63.94,188.01,0.4457,-1,-1,-1
1014,98,301.23,298.77,61.60,186.17,0.3515,-1,-1,-1
1014,99,588.23,551.06,88.50,242.62,0.5935,-1,-1,-1
1015,4,1717.19,456.03,81.45,212.84,0.5461,-1,-1,-1
1015,64,351.38,900.54,101.53,179.46,0.7933,-1,-1,-1
1015,69,903.85,949.21,69.35,130.81,0.7080,-1,-1,-1
1015,75,929.83,270.15,59.40,200.79,0.5471,-1,-1,-1
1015,74,842.66,275.40,61.73,201.48,0.5934,-1,-1,-1
1015,70,1573.48,588.93,107.01,235.93,0.6603,-1,-1,-1
1015,78,295.30,491.53,81.37,207.42,0.4842,-1,-1,-1
1015,72,380.67,474.10,79.65,226.48,0.5073,-1,-1,-1
1015,87,1153.78,611.41,84.94,256.38,0.7574,-1,-1,-1
1015,89,1721.21,671.08,115.76,257.36,0.4072,-1,-1,-1
1015,96,496.39,286.28,63.04,188.03,0.4469,-1,-1,-1
1015,98,299.77,299.86,62.69,185.32,0.3010,-1,-1,-1
1015,99,588.18,551.76,87.12,241.65,0.5562,-1,-1,-1
1016,4,1716.97,456.11,81.88,212.27,0.5174,-1,-1,-1
1016,64,352.08,903.46,102.33,176.45,0.8084,-1,-1,-1
1016,69,903.91,948.86,68.55,131.19,0.7218,-1,-1,-1
1016,75,929.77,268.87,58.45,198.46,0.5462,-1,-1,-1
1016,74,842.64,275.86,61.89,199.73,0.5850,-1,-1,-1
1016,70,1573.34,588.21,107.00,236.75,0.6536,-1,-1,-1
1016,78,293.50,494.94,81.40,206.20,0.4955,-1,-1,-1
1016,72,379.75,476.92,78.82,225.21,0.5179,-1,-1,-1
1016,87,1153.40,607.92,83.53,251.21,0.7732,-1,-1,-1
1016,89,1717.74,669.17,118.63,259.52,0.3893,-1,-1,-1
1016,96,495.89,286.54,62.88,188.15,0.4504,-1,-1,-1
1016,98,297.87,299.72,64.47,188.52,0.3597,-1,-1,-1
1016,99,587.12,551.35,87.14,242.30,0.5567,-1,-1,-1
1017,4,1716.98,456.61,81.82,212.75,0.4720,-1,-1,-1
1017,64,353.15,907.04,102.21,172.21,0.8148,-1,-1,-1
1017,69,903.82,948.72,68.36,131.26,0.7080,-1,-1,-1
1017,75,929.53,266.34,58.78,197.32,0.5281,-1,-1,-1
1017,74,843.56,275.97,61.68,199.83,0.5929,-1,-1,-1
1017,70,1573.49,588.32,106.05,236.94,0.6683,-1,-1,-1
1017,78,291.72,502.11,82.00,201.62,0.4684,-1,-1,-1
1017,72,379.25,478.88,78.27,223.64,0.4744,-1,-1,-1
1017,87,1152.36,604.29,82.98,247.23,0.7648,-1,-1,-1
1017,89,1720.40,673.83,112.19,255.20,0.4348,-1,-1,-1
1017,96,494.41,287.19,64.17,188.60,0.4705,-1,-1,-1
1017,98,296.79,299.44,65.72,190.31,0.3539,-1,-1,-1
1017,99,587.06,551.74,84.88,240.16,0.5827,-1,-1,-1
1018,4,1716.41,457.35,82.94,210.76,0.4674,-1,-1,-1
1018,64,353.89,910.85,102.91,167.98,0.8027,-1,-1,-1
1018,69,904.06,948.56,67.88,131.39,0.7165,-1,-1,-1
1018,75,929.82,262.95,60.02,199.17,0.5210,-1,-1,-1
1018,74,843.42,275.68,62.08,200.76,0.5860,-1,-1,-1
1018,70,1573.59,590.26,104.97,234.95,0.6461,-1,-1,-1
1018,78,289.94,506.33,83.34,199.93,0.4968,-1,-1,-1
1018,72,379.61,480.01,76.90,220.84,0.5369,-1,-1,-1
1018,87,1152.40,601.15,81.29,246.93,0.7484,-1,-1,-1
1018,89,1721.75,678.44,105.53,248.86,0.4467,-1,-1,-1
1018,96,493.75,288.31,64.32,190.19,0.4829,-1,-1,-1
1018,98,296.52,299.50,65.27,190.13,0.3595,-1,-1,-1
1018,99,586.55,551.72,84.12,239.43,0.5338,-1,-1,-1
1019,4,1716.25,457.42,83.20,210.00,0.4861,-1,-1,-1
1019,64,354.30,914.27,102.98,164.23,0.8014,-1,-1,-1
1019,69,903.39,948.34,67.75,131.64,0.7164,-1,-1,-1
1019,75,927.57,260.72,63.72,200.12,0.5771,-1,-1,-1
1019,74,843.26,273.58,61.93,202.62,0.5804,-1,-1,-1
1019,70,1573.60,590.49,104.33,235.16,0.6631,-1,-1,-1
1019,78,288.67,508.52,83.64,199.08,0.5360,-1,-1,-1
1019,72,379.68,481.90,76.59,217.44,0.5524,-1,-1,-1
1019,87,1152.19,598.80,81.01,247.02,0.7363,-1,-1,-1
1019,89,1721.32,677.63,100.49,247.53,0.4614,-1,-1,-1
1019,96,493.19,288.98,65.06,193.68,0.4635,-1,-1,-1
1019,98,294.99,299.37,65.01,190.85,0.3833,-1,-1,-1
1019,99,586.64,551.17,83.94,241.04,0.4853,-1,-1,-1
1019,93,1700.99,176.79,54.33,160.96,0.3693,-1,-1,-1
1020,4,1717.44,455.55,81.87,206.38,0.4870,-1,-1,-1
1020,64,354.88,917.12,102.94,161.60,0.8049,-1,-1,-1
1020,69,903.36,947.66,67.75,132.26,0.7094,-1,-1,-1
1020,75,925.38,259.72,65.87,199.14,0.5331,-1,-1,-1
1020,74,843.41,274.63,62.06,200.63,0.5932,-1,-1,-1
1020,70,1574.56,589.77,103.73,236.06,0.6436,-1,-1,-1
1020,78,287.26,509.15,83.77,198.06,0.4303,-1,-1,-1
1020,72,379.53,483.01,77.06,215.47,0.5435,-1,-1,-1
1020,87,1150.54,596.20,82.60,248.90,0.7270,-1,-1,-1
1020,89,1720.33,673.98,97.63,250.89,0.4644,-1,-1,-1
1020,96,493.53,291.32,65.07,193.08,0.4685,-1,-1,-1
1020,98,294.18,299.01,64.76,190.95,0.4009,-1,-1,-1
1020,99,585.24,551.43,84.81,240.44,0.5320,-1,-1,-1
1020,93,1702.86,177.34,53.36,161.46,0.4364,-1,-1,-1
1021,4,1718.22,454.85,81.31,203.72,0.5034,-1,-1,-1
1021,64,356.12,918.66,101.82,159.96,0.8074,-1,-1,-1
1021,69,902.54,946.21,68.46,133.67,0.7015,-1,-1,-1
1021,75,925.90,258.19,65.93,196.97,0.5380,-1,-1,-1
1021,74,843.56,274.28,61.98,200.12,0.6060,-1,-1,-1
1021,70,1574.80,589.54,103.43,236.97,0.6523,-1,-1,-1
1021,78,284.58,508.08,87.09,198.74,0.5316,-1,-1,-1
1021,72,378.84,484.53,78.31,215.42,0.5565,-1,-1,-1
1021,87,1148.44,593.67,83.52,250.51,0.7213,-1,-1,-1
1021,89,1716.96,672.95,93.96,250.53,0.5399,-1,-1,-1
1021,96,492.51,293.89,66.07,190.95,0.4918,-1,-1,-1
1021,98,292.72,299.56,65.91,192.76,0.4330,-1,-1,-1
1021,99,584.09,550.81,85.88,240.32,0.5163,-1,-1,-1
1021,93,1703.69,178.16,53.92,161.58,0.4311,-1,-1,-1
1022,4,1718.56,454.61,80.73,199.80,0.5124,-1,-1,-1
1022,64,357.94,920.46,100.05,158.29,0.8165,-1,-1,-1
1022,69,902.67,946.28,67.77,133.46,0.7122,-1,-1,-1
1022,75,925.45,257.87,66.72,196.97,0.5721,-1,-1,-1
1022,74,843.59,273.28,61.87,199.40,0.6093,-1,-1,-1
1022,70,1576.13,589.25,101.98,237.35,0.6493,-1,-1,-1
1022,78,299.31,509.22,72.42,196.23,0.4167,-1,-1,-1
1022,72,378.28,485.53,79.92,222.51,0.5685,-1,-1,-1
1022,87,1147.45,592.63,85.03,251.86,0.7301,-1,-1,-1
1022,89,1714.92,672.18,92.47,248.37,0.5986,-1,-1,-1
1022,96,492.32,295.98,66.20,189.15,0.4946,-1,-1,-1
1022,98,292.19,299.73,65.59,193.50,0.4441,-1,-1,-1
1022,99,583.48,550.11,85.56,240.60,0.5285,-1,-1,-1
1022,93,1703.27,178.31,56.23,162.82,0.4388,-1,-1,-1
1022,83,376.14,295.85,73.09,195.31,0.3464,-1,-1,-1
1023,4,1718.97,454.91,80.75,195.20,0.5301,-1,-1,-1
1023,64,358.62,922.71,99.34,156.08,0.8094,-1,-1,-1
1023,69,902.66,945.97,67.19,133.75,0.7106,-1,-1,-1
1023,75,926.32,257.21,65.70,198.60,0.5375,-1,-1,-1
1023,74,843.42,273.22,61.76,196.16,0.5968,-1,-1,-1
1023,70,1575.17,588.24,103.09,238.65,0.5947,-1,-1,-1
1023,78,290.78,506.33,80.29,199.68,0.4443,-1,-1,-1
1023,72,378.17,486.16,80.58,227.40,0.5622,-1,-1,-1
1023,87,1147.34,590.89,84.89,254.01,0.7125,-1,-1,-1
1023,89,1713.06,673.89,92.47,246.31,0.6402,-1,-1,-1
1023,96,491.62,297.79,66.85,191.03,0.5011,-1,-1,-1
1023,98,290.46,300.62,66.38,192.58,0.4698,-1,-1,-1
1023,99,583.13,550.13,84.45,239.86,0.4689,-1,-1,-1
1023,93,1702.78,178.84,57.91,164.93,0.4238,-1,-1,-1
1023,83,375.84,297.69,71.04,196.27,0.3456,-1,-1,-1
1024,4,1719.17,454.69,79.80,191.99,0.5641,-1,-1,-1
1024,64,359.19,924.84,99.11,154.12,0.8090,-1,-1,-1
1024,69,903.05,946.21,66.96,133.66,0.7226,-1,-1,-1
1024,75,927.25,256.84,64.55,201.15,0.5887,-1,-1,-1
1024,74,842.97,271.93,62.00,193.68,0.6218,-1,-1,-1
1024,70,1574.87,587.81,103.19,239.07,0.5995,-1,-1,-1
1024,78,287.58,505.80,82.67,200.07,0.4657,-1,-1,-1
1024,72,378.23,487.39,80.54,228.80,0.5553,-1,-1,-1
1024,87,1146.06,589.36,86.05,254.59,0.6897,-1,-1,-1
1024,89,1711.69,675.30,91.93,244.60,0.5928,-1,-1,-1
1024,96,491.60,298.75,66.55,193.67,0.5346,-1,-1,-1
1024,98,289.18,301.81,66.54,192.33,0.4817,-1,-1,-1
1024,99,584.04,549.76,82.17,239.79,0.4874,-1,-1,-1
1024,93,1702.22,180.07,59.60,166.39,0.3542,-1,-1,-1
1025,4,1718.92,454.40,80.49,191.79,0.5434,-1,-1,-1
1025,64,360.28,926.48,98.48,152.91,0.8112,-1,-1,-1
1025,69,902.99,946.02,66.12,133.74,0.7138,-1,-1,-1
1025,75,929.56,256.93,61.94,203.30,0.5799,-1,-1,-1
1025,74,842.83,269.02,61.98,195.17,0.6656,-1,-1,-1
1025,70,1574.63,587.55,102.62,239.42,0.5712,-1,-1,-1
1025,78,286.59,506.60,82.62,198.99,0.4786,-1,-1,-1
1025,72,377.96,488.45,79.32,231.45,0.5157,-1,-1,-1
1025,87,1144.14,588.17,88.03,254.36,0.6880,-1,-1,-1
1025,89,1710.86,677.26,89.04,242.71,0.6031,-1,-1,-1
1025,96,492.15,300.21,66.32,194.68,0.5061,-1,-1,-1
1025,98,288.20,302.87,66.88,193.30,0.4816,-1,-1,-1
1025,99,584.22,547.56,79.79,241.79,0.4618,-1,-1,-1
1025,93,1700.44,181.57,61.73,171.22,0.3617,-1,-1,-1
1026,4,1718.93,454.18,80.52,190.50,0.5661,-1,-1,-1
1026,64,361.76,928.23,97.41,150.95,0.8076,-1,-1,-1
1026,69,902.32,945.77,66.36,134.01,0.7177,-1,-1,-1
1026,75,931.73,256.50,60.11,203.82,0.5994,-1,-1,-1
1026,74,843.49,267.32,61.48,191.53,0.6342,-1,-1,-1
1026,70,1575.73,588.56,101.80,238.57,0.6184,-1,-1,-1
1026,78,287.83,505.18,80.96,199.66,0.4842,-1,-1,-1
1026,72,377.76,491.01,77.74,232.16,0.5375,-1,-1,-1
1026,87,1143.23,587.85,87.59,251.50,0.6912,-1,-1,-1
1026,89,1710.17,681.57,85.55,239.67,0.6231,-1,-1,-1
1026,96,492.52,300.68,66.75,195.53,0.5992,-1,-1,-1
1026,98,288.34,304.16,66.77,194.08,0.4597,-1,-1,-1
1026,99,584.85,546.80,77.45,242.03,0.4323,-1,-1,-1
1026,93,1698.96,183.96,64.49,174.68,0.3746,-1,-1,-1
1026,83,371.84,300.41,70.03,192.39,0.4349,-1,-1,-1
1027,4,1719.04,454.55,81.20,189.74,0.5369,-1,-1,-1
1027,64,363.65,930.06,96.97,148.82,0.8122,-1,-1,-1
1027,69,902.34,945.77,64.97,133.85,0.7179,-1,-1,-1
1027,75,933.52,256.18,58.45,205.04,0.5791,-1,-1,-1
1027,74,844.78,265.50,59.95,189.04,0.6329,-1,-1,-1
1027,70,1575.39,589.19,102.54,238.14,0.6723,-1,-1,-1
1027,78,290.20,505.46,77.86,199.48,0.5615,-1,-1,-1
1027,72,376.90,493.50,75.09,232.59,0.5655,-1,-1,-1
1027,87,1142.22,587.71,86.80,252.15,0.7251,-1,-1,-1
1027,89,1706.54,675.84,84.30,242.10,0.5731,-1,-1,-1
1027,96,493.06,302.11,66.33,194.56,0.6042,-1,-1,-1
1027,98,289.16,306.14,65.92,193.48,0.4444,-1,-1,-1
1027,99,584.83,546.78,73.65,242.44,0.4391,-1,-1,-1
1027,93,1698.43,187.07,66.29,175.21,0.3425,-1,-1,-1
1027,83,370.38,301.97,70.29,193.00,0.5207,-1,-1,-1
1028,4,1718.06,456.66,82.20,197.39,0.5748,-1,-1,-1
1028,64,365.10,931.99,96.23,147.09,0.8205,-1,-1,-1
1028,69,902.29,945.67,64.43,134.20,0.7132,-1,-1,-1
1028,75,935.29,255.92,58.03,200.57,0.5854,-1,-1,-1
1028,74,845.84,263.13,59.38,188.27,0.6024,-1,-1,-1
1028,70,1575.06,589.29,102.37,238.16,0.6740,-1,-1,-1
1028,78,294.17,508.61,73.05,197.45,0.5644,-1,-1,-1
1028,72,375.69,496.42,76.16,231.18,0.5981,-1,-1,-1
1028,87,1141.31,586.72,85.50,249.90,0.7228,-1,-1,-1
1028,89,1705.33,664.23,82.54,251.12,0.5204,-1,-1,-1
1028,96,494.91,303.54,64.34,193.01,0.5131,-1,-1,-1
1028,98,289.30,308.09,64.34,192.94,0.4422,-1,-1,-1
1028,99,585.48,546.26,71.26,243.33,0.4757,-1,-1,-1
1028,93,1698.56,190.43,66.37,173.13,0.3504,-1,-1,-1
1028,83,369.88,305.44,70.43,191.45,0.5329,-1,-1,-1
1029,4,1717.90,458.31,83.32,199.81,0.5821,-1,-1,-1
1029,64,367.21,933.18,95.31,145.57,0.8127,-1,-1,-1
1029,69,901.83,945.41,63.80,134.53,0.6991,-1,-1,-1
1029,75,936.31,255.37,58.31,201.50,0.6222,-1,-1,-1
1029,74,847.12,261.71,58.69,189.07,0.5971,-1,-1,-1
1029,70,1574.49,589.56,102.82,237.89,0.6888,-1,-1,-1
1029,78,294.83,511.57,71.34,197.25,0.5981,-1,-1,-1
1029,72,374.99,499.26,76.93,229.11,0.6166,-1,-1,-1
1029,87,1140.93,585.83,82.89,249.18,0.7394,-1,-1,-1
1029,89,1703.01,647.52,82.75,266.32,0.4038,-1,-1,-1
1029,96,494.26,304.59,64.59,191.85,0.5337,-1,-1,-1
1029,98,289.91,310.54,62.89,192.75,0.3668,-1,-1,-1
1029,99,586.13,545.60,66.65,244.31,0.4998,-1,-1,-1
1029,93,1699.12,192.73,66.32,170.65,0.3553,-1,-1,-1
1029,83,369.98,307.26,68.89,192.49,0.5067,-1,-1,-1
1030,4,1717.84,458.17,83.00,201.20,0.5786,-1,-1,-1
1030,64,368.22,935.65,95.21,142.93,0.8001,-1,-1,-1
1030,69,901.49,945.10,62.53,134.89,0.7173,-1,-1,-1
1030,75,936.75,254.45,58.80,200.65,0.5627,-1,-1,-1
1030,74,848.03,260.78,57.52,191.35,0.5864,-1,-1,-1
1030,70,1574.15,588.77,102.08,239.09,0.6454,-1,-1,-1
1030,78,294.90,512.26,71.14,200.73,0.6495,-1,-1,-1
1030,72,373.79,500.85,73.49,227.70,0.6114,-1,-1,-1
1030,87,1140.42,584.15,80.33,249.26,0.7752,-1,-1,-1
1030,89,1701.67,641.15,83.06,271.70,0.4532,-1,-1,-1
1030,96,493.65,303.78,65.09,192.82,0.5338,-1,-1,-1
1030,98,291.16,311.94,62.36,190.56,0.4060,-1,-1,-1
1030,99,586.11,544.79,65.65,245.33,0.4708,-1,-1,-1
1030,93,1700.04,195.63,65.47,165.01,0.3167,-1,-1,-1
1030,83,368.78,308.56,69.03,193.69,0.5652,-1,-1,-1
1031,4,1717.80,458.47,83.05,204.02,0.6012,-1,-1,-1
1031,64,370.67,937.42,93.42,140.94,0.7950,-1,-1,-1
1031,69,900.44,944.64,61.92,135.35,0.7212,-1,-1,-1
1031,75,938.14,251.69,57.91,198.26,0.5686,-1,-1,-1
1031,74,848.40,259.34,57.32,193.16,0.5696,-1,-1,-1
1031,70,1573.33,590.00,102.92,237.72,0.6565,-1,-1,-1
1031,78,294.62,513.69,70.91,207.92,0.6803,-1,-1,-1
1031,72,373.26,501.12,77.15,228.78,0.6369,-1,-1,-1
1031,87,1139.79,579.65,78.78,248.57,0.7785,-1,-1,-1
1031,89,1689.41,637.84,93.12,276.51,0.5302,-1,-1,-1
1031,96,493.16,303.09,65.22,190.87,0.5711,-1,-1,-1
1031,98,292.38,314.02,62.45,190.52,0.4002,-1,-1,-1
1031,99,585.74,544.35,63.98,246.39,0.4729,-1,-1,-1
1031,93,1700.94,197.95,64.53,163.90,0.3373,-1,-1,-1
1031,83,367.63,309.84,69.48,193.66,0.5661,-1,-1,-1
1032,4,1717.89,458.60,82.99,206.63,0.5970,-1,-1,-1
1032,64,372.68,940.57,91.66,137.79,0.7708,-1,-1,-1
1032,69,899.74,944.18,61.15,135.82,0.7002,-1,-1,-1
1032,75,939.36,249.32,57.00,195.35,0.6191,-1,-1,-1
1032,74,848.59,256.82,57.78,194.00,0.5792,-1,-1,-1
1032,70,1573.44,590.25,102.02,237.59,0.6397,-1,-1,-1
1032,78,294.71,515.75,70.95,211.62,0.6870,-1,-1,-1
1032,72,373.53,501.43,77.59,229.60,0.6621,-1,-1,-1
1032,87,1139.24,575.87,77.55,246.43,0.7699,-1,-1,-1
1032,89,1682.51,638.88,96.69,277.06,0.4868,-1,-1,-1
1032,96,493.63,304.52,63.93,188.44,0.4874,-1,-1,-1
1032,98,292.85,315.98,64.02,190.24,0.4092,-1,-1,-1
1032,99,585.89,543.78,62.24,247.05,0.4717,-1,-1,-1
1032,93,1701.46,200.12,63.57,164.37,0.3728,-1,-1,-1
1032,83,366.64,310.97,69.67,193.42,0.5058,-1,-1,-1
1033,4,1718.21,458.52,82.37,207.05,0.5883,-1,-1,-1
1033,64,373.51,943.58,91.60,134.27,0.7609,-1,-1,-1
1033,69,898.97,944.01,60.11,136.02,0.6958,-1,-1,-1
1033,75,940.14,247.49,57.87,194.63,0.6346,-1,-1,-1
1033,74,848.31,255.62,58.58,194.90,0.5525,-1,-1,-1
1033,70,1574.27,591.31,99.91,236.91,0.6248,-1,-1,-1
1033,78,294.38,517.77,71.13,213.34,0.6678,-1,-1,-1
1033,72,373.03,502.06,77.61,229.12,0.6440,-1,-1,-1
1033,87,1138.97,572.73,76.51,243.28,0.7705,-1,-1,-1
1033,89,1677.24,637.69,99.75,279.34,0.5392,-1,-1,-1
1033,96,492.75,305.98,64.41,189.53,0.4650,-1,-1,-1
1033,98,293.12,317.51,64.87,190.51,0.3546,-1,-1,-1
1033,99,585.53,542.54,61.16,241.10,0.4308,-1,-1,-1
1033,83,365.58,311.86,70.06,192.83,0.5324,-1,-1,-1
1034,4,1717.62,458.03,82.46,206.73,0.5856,-1,-1,-1
1034,64,375.89,946.98,89.29,131.46,0.7544,-1,-1,-1
1034,69,897.64,943.74,60.49,136.27,0.7087,-1,-1,-1
1034,75,940.38,245.00,57.80,194.97,0.6023,-1,-1,-1
1034,74,848.14,255.50,59.44,194.47,0.5583,-1,-1,-1
1034,70,1573.94,594.00,100.46,233.56,0.5892,-1,-1,-1
1034,78,294.08,520.39,72.36,213.37,0.6706,-1,-1,-1
1034,72,372.55,503.35,75.16,227.72,0.6246,-1,-1,-1
1034,87,1139.48,569.45,75.02,242.57,0.7687,-1,-1,-1
1034,89,1674.74,636.86,100.33,280.42,0.5382,-1,-1,-1
1034,96,490.54,307.71,65.71,191.59,0.4864,-1,-1,-1
1034,98,294.06,319.12,65.48,190.04,0.3832,-1,-1,-1
1034,99,585.17,541.65,59.35,246.20,0.4499,-1,-1,-1
1034,83,365.30,312.65,69.57,193.47,0.5748,-1,-1,-1
1035,4,1718.15,458.42,80.94,204.58,0.5955,-1,-1,-1
1035,64,377.71,950.25,88.73,128.79,0.7441,-1,-1,-1
1035,69,896.85,942.98,59.82,136.90,0.7048,-1,-1,-1
1035,75,940.26,243.00,58.49,196.61,0.6449,-1,-1,-1
1035,74,848.58,254.83,59.08,194.40,0.5653,-1,-1,-1
1035,70,1573.14,594.24,100.40,233.00,0.6063,-1,-1,-1
1035,78,292.05,522.90,77.36,212.44,0.6425,-1,-1,-1
1035,72,371.88,504.24,76.53,225.39,0.6206,-1,-1,-1
1035,87,1138.59,567.71,75.32,241.63,0.7607,-1,-1,-1
1035,89,1674.62,635.03,95.22,280.77,0.6020,-1,-1,-1
1035,96,489.25,310.65,66.95,192.61,0.4530,-1,-1,-1
1035,98,294.56,320.55,65.55,188.62,0.4264,-1,-1,-1
1035,99,585.22,540.63,58.90,248.92,0.4078,-1,-1,-1
1035,83,365.51,312.85,69.05,194.69,0.5548,-1,-1,-1
1036,4,1718.61,459.93,80.46,203.09,0.5844,-1,-1,-1
1036,64,379.94,953.50,88.56,126.23,0.7314,-1,-1,-1
1036,69,895.77,941.87,59.60,138.11,0.7198,-1,-1,-1
1036,75,940.17,241.17,58.03,197.19,0.6589,-1,-1,-1
1036,74,849.43,254.10,58.19,195.15,0.5759,-1,-1,-1
1036,70,1573.38,595.11,99.64,232.32,0.6051,-1,-1,-1
1036,78,291.89,525.38,77.95,210.48,0.5829,-1,-1,-1
1036,72,371.35,504.65,77.11,224.62,0.6307,-1,-1,-1
1036,87,1137.82,565.84,75.09,244.91,0.7364,-1,-1,-1
1036,89,1674.80,633.37,91.02,281.86,0.6304,-1,-1,-1
1036,96,488.84,310.01,68.08,194.87,0.4476,-1,-1,-1
1036,98,293.86,320.73,67.11,190.69,0.4071,-1,-1,-1
1036,99,585.07,541.17,59.07,249.31,0.4092,-1,-1,-1
1036,83,364.73,314.34,69.02,187.37,0.3817,-1,-1,-1
1037,4,1718.74,460.12,79.91,202.94,0.6304,-1,-1,-1
1037,64,383.01,956.29,87.86,123.66,0.7572,-1,-1,-1
1037,69,895.45,940.77,58.30,139.22,0.7297,-1,-1,-1
1037,75,940.35,240.44,57.91,197.73,0.6868,-1,-1,-1
1037,74,849.58,252.83,58.51,195.95,0.5732,-1,-1,-1
1037,70,1573.06,595.39,98.93,231.80,0.6299,-1,-1,-1
1037,78,288.75,527.60,81.05,208.37,0.5516,-1,-1,-1
1037,72,370.97,505.42,78.70,223.06,0.6693,-1,-1,-1
1037,87,1136.80,563.84,75.34,247.67,0.7501,-1,-1,-1
1037,89,1673.99,631.24,88.55,281.45,0.6189,-1,-1,-1
1037,96,488.62,310.90,70.01,195.63,0.4498,-1,-1,-1
1037,98,293.18,321.47,67.73,189.13,0.4186,-1,-1,-1
1037,99,586.27,540.13,57.20,251.11,0.4469,-1,-1,-1
1037,83,363.35,318.18,71.25,166.55,0.3061,-1,-1,-1
1037,93,1707.10,203.65,61.22,161.47,0.4038,-1,-1,-1
1038,4,1718.97,460.42,79.46,202.06,0.6306,-1,-1,-1
1038,64,384.97,958.85,89.36,121.24,0.7812,-1,-1,-1
1038,69,894.07,939.25,57.77,140.79,0.7230,-1,-1,-1
1038,75,940.38,239.66,57.49,198.59,0.6838,-1,-1,-1
1038,74,849.63,251.85,59.29,196.47,0.5633,-1,-1,-1
1038,70,1573.34,595.35,98.11,231.77,0.6315,-1,-1,-1
1038,78,294.65,530.70,72.73,205.21,0.4903,-1,-1,-1
1038,72,370.95,505.82,78.73,223.05,0.6653,-1,-1,-1
1038,87,1134.93,562.75,77.85,251.59,0.7537,-1,-1,-1
1038,89,1670.32,630.54,91.65,280.83,0.6215,-1,-1,-1
1038,96,488.54,313.03,70.36,195.98,0.4427,-1,-1,-1
1038,98,294.20,322.09,64.57,188.06,0.3781,-1,-1,-1
1038,99,586.67,539.59,57.06,251.77,0.4572,-1,-1,-1
1038,83,362.26,319.59,73.75,160.02,0.3110,-1,-1,-1
1038,93,1709.28,204.35,59.68,162.10,0.3250,-1,-1,-1
1039,4,1718.89,460.19,79.19,203.33,0.6351,-1,-1,-1
1039,64,388.38,959.87,87.93,120.15,0.7463,-1,-1,-1
1039,69,893.00,939.12,58.26,140.84,0.7282,-1,-1,-1
1039,75,940.31,238.66,57.09,199.18,0.6589,-1,-1,-1
1039,74,850.16,251.21,59.09,195.79,0.5373,-1,-1,-1
1039,70,1572.90,594.27,98.29,232.58,0.6041,-1,-1,-1
1039,78,299.22,532.39,65.32,203.14,0.5360,-1,-1,-1
1039,72,370.78,506.38,77.86,223.05,0.6574,-1,-1,-1
1039,87,1131.27,561.95,80.93,253.46,0.7656,-1,-1,-1
1039,89,1664.94,630.90,94.72,279.81,0.6260,-1,-1,-1
1039,96,488.05,314.46,68.84,197.02,0.4416,-1,-1,-1
1039,98,294.01,322.26,64.37,188.25,0.3923,-1,-1,-1
1039,99,587.15,539.14,56.45,252.41,0.4542,-1,-1,-1
1039,83,360.92,319.45,76.11,157.01,0.3402,-1,-1,-1
1039,93,1711.51,205.87,58.27,161.76,0.3330,-1,-1,-1
1040,4,1719.12,459.94,78.67,204.43,0.6537,-1,-1,-1
1040,64,391.45,961.62,87.53,118.42,0.7245,-1,-1,-1
1040,69,891.60,938.61,58.90,141.38,0.7288,-1,-1,-1
1040,75,939.79,238.08,57.45,199.32,0.6254,-1,-1,-1
1040,74,850.90,249.33,59.45,193.82,0.5329,-1,-1,-1
1040,70,1572.70,595.35,98.49,231.21,0.6023,-1,-1,-1
1040,78,301.05,535.25,61.17,200.62,0.4553,-1,-1,-1
1040,72,371.02,507.85,78.89,224.69,0.6860,-1,-1,-1
1040,87,1127.83,561.73,82.13,254.42,0.7765,-1,-1,-1
1040,89,1661.33,632.16,95.80,280.06,0.6279,-1,-1,-1
1040,96,487.69,318.50,67.12,195.67,0.4483,-1,-1,-1
1040,98,292.26,323.52,69.82,188.03,0.3836,-1,-1,-1
1040,99,587.76,538.68,55.77,252.36,0.4953,-1,-1,-1
1040,83,360.23,320.55,77.37,154.98,0.3176,-1,-1,-1
1040,93,1713.09,207.00,57.56,158.90,0.3708,-1,-1,-1
1041,4,1719.18,459.66,78.88,205.45,0.6579,-1,-1,-1
1041,64,394.66,963.79,88.66,116.26,0.7475,-1,-1,-1
1041,69,889.61,938.33,57.83,141.68,0.7129,-1,-1,-1
1041,75,939.75,237.34,57.71,200.08,0.6494,-1,-1,-1
1041,74,850.50,247.42,61.02,191.49,0.5401,-1,-1,-1
1041,70,1572.77,594.31,99.12,231.74,0.6037,-1,-1,-1
1041,78,302.35,535.55,58.87,199.62,0.4483,-1,-1,-1
1041,72,371.31,509.93,78.80,226.40,0.6519,-1,-1,-1
1041,87,1126.06,560.66,83.65,253.57,0.7934,-1,-1,-1
1041,89,1660.19,634.37,93.68,277.52,0.5460,-1,-1,-1
1041,96,486.77,322.40,66.14,192.87,0.4597,-1,-1,-1
1041,98,291.93,324.57,72.39,186.43,0.4100,-1,-1,-1
1041,99,588.21,538.63,55.64,253.65,0.4989,-1,-1,-1
1041,93,1713.91,208.83,57.91,155.55,0.3557,-1,-1,-1
1042,4,1719.43,460.22,77.74,205.53,0.6193,-1,-1,-1
1042,64,396.83,964.95,91.61,114.99,0.7534,-1,-1,-1
1042,69,887.72,937.76,57.70,142.22,0.7265,-1,-1,-1
1042,75,940.23,237.23,57.59,200.03,0.6358,-1,-1,-1
1042,74,850.72,244.89,62.43,188.86,0.5132,-1,-1,-1
1042,70,1572.67,592.92,99.65,232.29,0.5835,-1,-1,-1
1042,78,301.33,536.52,58.29,196.58,0.3848,-1,-1,-1
1042,72,371.38,510.46,79.44,229.40,0.6635,-1,-1,-1
1042,87,1125.08,559.54,83.58,251.15,0.7839,-1,-1,-1
1042,89,1658.41,636.46,93.33,274.60,0.5478,-1,-1,-1
1042,96,486.88,324.93,64.53,190.68,0.4328,-1,-1,-1
1042,98,291.53,325.44,73.34,187.18,0.3872,-1,-1,-1
1042,99,588.19,538.66,56.07,252.80,0.4912,-1,-1,-1
1043,4,1719.66,459.13,77.55,207.20,0.6047,-1,-1,-1
1043,64,397.75,966.28,94.26,113.69,0.7560,-1,-1,-1
1043,69,886.02,937.46,58.44,142.51,0.7181,-1,-1,-1
1043,75,940.92,236.97,56.72,199.60,0.6311,-1,-1,-1
1043,74,850.46,242.19,63.72,189.75,0.5035,-1,-1,-1
1043,70,1571.82,592.97,101.24,231.94,0.5410,-1,-1,-1
1043,78,301.50,536.43,58.35,196.43,0.3839,-1,-1,-1
1043,72,371.51,511.41,80.06,231.44,0.6772,-1,-1,-1
1043,87,1123.55,558.78,83.68,248.70,0.7816,-1,-1,-1
1043,89,1659.66,639.22,90.46,272.64,0.4604,-1,-1,-1
1043,96,484.81,325.27,65.08,190.18,0.4366,-1,-1,-1
1043,98,291.55,326.00,72.35,192.34,0.3638,-1,-1,-1
1043,99,588.54,538.24,55.54,252.87,0.5031,-1,-1,-1
1044,4,1719.53,459.12,77.14,207.58,0.6035,-1,-1,-1
1044,64,398.90,968.22,96.37,111.82,0.7458,-1,-1,-1
1044,69,884.34,937.37,58.79,142.63,0.7015,-1,-1,-1
1044,75,941.33,236.33,56.04,199.28,0.6268,-1,-1,-1
1044,74,851.04,240.27,64.13,189.64,0.4883,-1,-1,-1
1044,70,1571.31,590.76,103.17,233.26,0.4589,-1,-1,-1
1044,78,286.54,534.67,75.52,199.56,0.3488,-1,-1,-1
1044,72,372.27,513.99,78.87,233.23,0.6526,-1,-1,-1
1044,87,1122.40,557.34,82.39,248.18,0.7760,-1,-1,-1
1044,89,1657.21,641.17,93.21,273.52,0.5197,-1,-1,-1
1044,96,484.78,325.05,65.26,191.14,0.4429,-1,-1,-1
1044,98,290.69,325.84,71.01,199.14,0.4066,-1,-1,-1
1044,99,588.54,538.57,56.14,252.39,0.4965,-1,-1,-1
1044,83,354.11,322.36,84.55,198.58,0.3861,-1,-1,-1
1045,4,1719.54,460.56,76.86,206.96,0.6023,-1,-1,-1
1045,64,399.56,969.32,100.09,110.73,0.7483,-1,-1,-1
1045,69,883.69,937.15,59.78,142.88,0.7091,-1,-1,-1
1045,75,941.40,235.13,55.71,199.61,0.6043,-1,-1,-1
1045,74,851.54,238.69,64.06,191.39,0.5560,-1,-1,-1
1045,70,1570.85,591.93,103.80,231.81,0.4723,-1,-1,-1
1045,78,294.00,537.24,67.65,199.00,0.4011,-1,-1,-1
1045,72,372.80,516.82,79.18,233.19,0.6506,-1,-1,-1
1045,87,1120.26,554.91,82.70,249.46,0.7756,-1,-1,-1
1045,89,1652.38,642.30,95.97,272.36,0.5482,-1,-1,-1
1045,96,483.70,325.31,65.47,191.17,0.4030,-1,-1,-1
1045,98,290.16,325.99,69.91,201.25,0.4343,-1,-1,-1
1045,99,588.71,538.24,55.53,252.82,0.4984,-1,-1,-1
1045,83,353.73,323.12,83.05,205.88,0.5331,-1,-1,-1
1046,4,1718.86,460.95,77.22,206.65,0.6025,-1,-1,-1
1046,64,400.30,971.08,102.54,109.00,0.7449,-1,-1,-1
1046,69,882.25,936.27,59.47,143.77,0.6693,-1,-1,-1
1046,75,941.31,234.31,54.96,200.09,0.5944,-1,-1,-1
1046,74,851.17,238.10,64.63,191.89,0.5465,-1,-1,-1
1046,70,1573.78,592.71,101.67,231.56,0.4323,-1,-1,-1
1046,78,286.89,537.62,75.07,204.20,0.4966,-1,-1,-1
1046,72,373.66,519.60,76.94,233.83,0.6333,-1,-1,-1
1046,87,1119.74,553.38,81.58,247.62,0.7769,-1,-1,-1
1046,89,1651.29,643.35,95.27,270.69,0.5405,-1,-1,-1
1046,96,482.85,325.08,66.66,191.53,0.4161,-1,-1,-1
1046,98,290.59,327.55,67.68,202.26,0.4209,-1,-1,-1
1046,99,588.94,538.73,55.15,252.16,0.4660,-1,-1,-1
1046,83,351.17,325.65,82.53,208.03,0.5148,-1,-1,-1
1047,4,1718.29,462.18,77.47,205.36,0.6156,-1,-1,-1
1047,64,400.85,973.82,105.02,106.22,0.7391,-1,-1,-1
1047,69,881.26,935.96,59.82,144.05,0.6671,-1,-1,-1
1047,75,939.78,233.28,55.74,199.97,0.5748,-1,-1,-1
1047,74,850.28,235.85,67.26,193.93,0.5410,-1,-1,-1
1047,70,1574.07,591.52,100.97,232.78,0.3957,-1,-1,-1
1047,78,280.13,539.38,81.78,208.62,0.5348,-1,-1,-1
1047,72,373.57,522.01,77.19,233.10,0.6455,-1,-1,-1
1047,87,1118.84,551.21,81.28,248.69,0.7555,-1,-1,-1
1047,89,1653.00,649.01,91.75,264.02,0.6150,-1,-1,-1
1047,96,482.43,326.39,66.59,189.78,0.4612,-1,-1,-1
1047,98,289.29,331.57,66.91,200.93,0.4331,-1,-1,-1
1047,99,588.66,538.52,56.24,252.91,0.4657,-1,-1,-1
1047,83,349.85,328.13,81.61,208.72,0.5395,-1,-1,-1
1048,4,1718.87,462.06,76.71,205.33,0.5860,-1,-1,-1
1048,64,402.57,977.13,106.40,102.90,0.7362,-1,-1,-1
1048,69,880.98,935.27,59.51,144.73,0.6473,-1,-1,-1
1048,75,939.35,231.36,55.22,194.52,0.5806,-1,-1,-1
1048,74,850.53,234.82,68.19,194.46,0.5536,-1,-1,-1
1048,70,1574.95,590.72,100.14,233.39,0.3939,-1,-1,-1
1048,78,276.25,541.33,85.14,211.72,0.5872,-1,-1,-1
1048,72,373.03,522.63,77.24,232.79,0.6370,-1,-1,-1
1048,87,1117.66,548.09,81.43,246.65,0.7448,-1,-1,-1
1048,89,1651.06,651.66,91.61,260.08,0.6467,-1,-1,-1
1048,96,481.69,326.64,66.77,190.66,0.4606,-1,-1,-1
1048,98,288.56,334.08,65.83,200.31,0.3923,-1,-1,-1
1048,99,588.24,538.66,57.29,253.30,0.4498,-1,-1,-1
1048,83,348.91,329.76,80.81,207.45,0.4533,-1,-1,-1
1049,4,1718.73,462.22,76.94,205.89,0.6217,-1,-1,-1
1049,64,403.81,979.57,107.53,100.45,0.7479,-1,-1,-1
1049,69,879.94,934.19,60.35,145.79,0.6695,-1,-1,-1
1049,75,938.48,229.60,55.75,192.41,0.6100,-1,-1,-1
1049,74,851.14,234.60,68.36,194.13,0.5660,-1,-1,-1
1049,70,1573.39,592.55,100.21,232.14,0.4397,-1,-1,-1
1049,78,277.34,543.76,83.46,211.85,0.5535,-1,-1,-1
1049,72,372.43,523.89,77.07,231.50,0.6465,-1,-1,-1
1049,87,1117.42,545.34,78.86,243.76,0.7428,-1,-1,-1
1049,89,1650.13,649.95,91.05,260.96,0.6957,-1,-1,-1
1049,96,479.97,326.56,68.51,192.21,0.5062,-1,-1,-1
1049,98,287.16,334.97,64.79,200.68,0.3942,-1,-1,-1
1049,99,588.11,538.03,57.18,253.49,0.4950,-1,-1,-1
1049,83,346.59,330.46,82.48,207.59,0.4489,-1,-1,-1
1050,4,1718.43,461.53,77.50,206.63,0.6446,-1,-1,-1
1050,64,406.85,982.73,106.26,97.30,0.7518,-1,-1,-1
1050,69,879.08,933.24,61.01,146.76,0.6684,-1,-1,-1
1050,75,937.95,228.06,56.08,191.00,0.6085,-1,-1,-1
1050,74,852.36,234.35,67.19,193.90,0.5899,-1,-1,-1
1050,70,1571.45,592.64,102.13,232.00,0.4427,-1,-1,-1
1050,78,278.29,546.97,81.44,212.02,0.6137,-1,-1,-1
1050,72,372.40,524.45,77.92,230.26,0.6629,-1,-1,-1
1050,87,1115.59,542.67,77.99,238.65,0.7528,-1,-1,-1
1050,89,1649.24,649.52,89.40,259.99,0.6880,-1,-1,-1
1050,96,479.39,327.58,68.48,194.14,0.4489,-1,-1,-1
1050,98,287.41,336.38,63.75,199.93,0.4394,-1,-1,-1
1050,99,588.14,537.96,58.05,253.71,0.5113,-1,-1,-1
1050,83,345.81,331.55,82.61,204.95,0.4340,-1,-1,-1
